loc_code,general_hh_inc_y1,general_hh_inc_y2,general_hh_inc_y3,general_hh_inc_y4,general_hh_inc_y5,single_hh_inc_y1,single_hh_inc_y2,single_hh_inc_y3,single_hh_inc_y4,single_hh_inc_y5,general_hh_ratio_y1,general_hh_ratio_y2,general_hh_ratio_y3,general_hh_ratio_y4,general_hh_ratio_y5,foreign_hh_inc_y1,foreign_hh_inc_y2,foreign_hh_inc_y3,foreign_hh_inc_y4,foreign_hh_inc_y5,foreign_hh_ratio_y1,foreign_hh_ratio_y2,foreign_hh_ratio_y3,foreign_hh_ratio_y4,foreign_hh_ratio_y5,demolished_apt_y1,demolished_apt_y2,demolished_apt_y3,demolished_apt_y4,demolished_apt_y5,general_household_apt,foreign_household_apt,demolished_apt_avg,natural_demand,multi_homeowner_inc_y1,multi_homeowner_inc_y2,multi_homeowner_inc_y3,local_buyer_ratio_y1,local_buyer_ratio_y2,local_buyer_ratio_y3,adj_price_y1,adj_price_y2,adj_price_y3,absorbed_supply_y1,absorbed_supply_y2,absorbed_supply_y3,nonlocal_buyer_ratio_y1,nonlocal_buyer_ratio_y2,nonlocal_buyer_ratio_y3,internal_invest_demand_3yr_wgt_y1,internal_invest_demand_3yr_wgt_y2,internal_invest_demand_3yr_wgt_y3,internal_investment_demand,external_investment_demand,investment_demand,single_and_foreign_hh_inc,single_foreign_own_occ_ratio,income_quintile,single_foreign_hh_growth_effective_demand,multi_hh_and_demolished_hh_inc,multi_demolished_own_occ_ratio,non_single_demolished_hh_growth_effective_demand,natural_apt_effective_demand,mibun_y4,unsold_level_adj_ratio,unsold_level_adj_invest_demand,apt_hh_over_threshold_mm,apt_hh_over_threshold_js,exclusive_area_upper_limit,own_hh_ratio,own_move_plan_yn,apt_owner_hh,rent_hh_ratio,rent_move_plan_yn,apt_renter_hh,nonapt_hh_ratio,nonapt_move_plan_yn,nonapt_price_adj,nonapt_move_demand,total_move_demand,general_hh_y1,general_hh_y2,general_hh_y3,general_hh_y4,general_hh_y5,general_hh_y6,single_hh_y1,single_hh_y2,single_hh_y3,single_hh_y4,single_hh_y5,single_hh_y6,general_hh_apt_inc_y1,general_hh_apt_inc_y2,general_hh_apt_inc_y3,general_hh_apt_inc_y4,general_hh_apt_inc_y5,general_hh_apt_inc_AVG,single_hh_apt_inc_y1,single_hh_apt_inc_y2,single_hh_apt_inc_y3,single_hh_apt_inc_y4,single_hh_apt_inc_y5,single_hh_apt_inc_AVG,general_hh_apt_demand_y1,general_hh_apt_demand_y2,general_hh_apt_demand_y3,general_hh_apt_demand_y4,general_hh_apt_demand_y5,general_hh_apt_inc,foreign_hh_y1,foreign_hh_y2,foreign_hh_y3,foreign_hh_y4,foreign_hh_y5,foreign_hh_y6,foreign_hh_apt_inc_y1,foreign_hh_apt_inc_y2,foreign_hh_apt_inc_y3,foreign_hh_apt_inc_y4,foreign_hh_apt_inc_y5,foreign_hh_apt_inc,demolished_apt_inc,multi_homeowner_y1,multi_homeowner_y2,multi_homeowner_y3,multi_homeowner_y4,avg_trade_price_y1,avg_trade_price_y2,avg_trade_price_y3,py_bprice_y1,py_bprice_y2,py_bprice_y3,internal_invest_demand_y1,internal_invest_demand_y2,internal_invest_demand_y3,internal_invest_demand,bqty_y1,bqty_y2,bqty_y3,mibun_y1,mibun_y2,mibun_y3,b_p_mi_y1,b_p_mi_y2,b_p_mi_y3,external_invest_demand_3yr_wgt_y1,external_invest_demand_3yr_wgt_y2,external_invest_demand_3yr_wgt_y3,external_invest_demand_y1,external_invest_demand_y2,external_invest_demand_y3,external_invest_demand,total_invest_demand,new_demand_volume,py_bprice_y3_34py,bprice_threshold_ratio,own_hh_apt_move_demand,py_bprice_y3_34py2,py_bprice_y3_34py2_55,rent_hh_apt_move_demand,apt_hh_ratio,sp_hh_ratio,mf_hh_ratio,nonapt_adj,interest_rate,repayment_y,LTV,DTI,py_bprice_y3*34,loan_level,monthly_repayment,annual_income,income_15_20m,income_20_25m,income_25_30m,income_30_40m,income_40_50m,income_50_60m,income_60_70m,income_70_100m,income_100m_over,single_and_foreign_demand,multi_and_demolished_demand,hh_increase_demand,internal_invest_demand2,external_invest_demand2,house_qty,mibun_y4_2,unsold_level_ratio,total_invest_demand_eff,effective_demand,supply_volume_3y,effective_demand_to_supply,demand_supply_grade,today
11000,-5013.0,-34683.0,-22275.0,-20452.0,-15490.0,90914.0,99192.0,74294.0,63293.0,33333.0,0.43,0.43,0.44,0.44,0.44,-3270.0,-52.0,8975.0,3476.0,2760.0,0.08,0.08,0.07,0.07,0.07,2358,1156,7440,8963,506,22853,160,4085,27098,-3550,3534,623,0.39,0.41,0.37,0.91,1.03,0.89,23219,29489,15233,0.61,0.59,0.63,0.2,0.3,0.5,298,12224,12522,31549.88,0.3,0.34,3218,-4452.35,0.7,-1060,2158,939,1.0,939.0,755627,106844,110,0.74,0.05,9506,0.26,0.2,1889,0.67,0.4,0.6,1832,13227,3896389.0,3982290.0,4046799.0,4098818.0,4141659.0,4159502.0,1299787.0,1390701.0,1489893.0,1564187.0,1627480.0,1660813.0,-2155.59,-14913.69,-9801.0,-8998.88,-6815.6,-8536.95,39093.02,42652.56,32689.36,27848.92,14666.52,31390.08,36937.43,27738.87,22888.36,18850.04,7850.92,22853.12,145240.0,141970.0,141918.0,150893.0,154369.0,157129.0,-261.6,-4.16,628.25,243.32,193.2,159.8,4084.6,371219,367669,371203,371826,4260.88,4424.48,4559.37,4665.12,4312.27,5131.04,-251.98,447.72,102.58,99.44,23224,29488,15215,953,958,957,24177,30446,16172,0.2,0.3,0.5,2577.77,5376.14,4270.57,4074.83,4174.27,31271.79,174500.0,0.55,9505.79,174500.0,95975.0,1889.0,0.59,0.1,0.3,7587.44,0.04,30.0,0.6,0.4,174000.0,104700.0,-499.85,15000.0,7216.0,18713.0,184091.0,297339.0,204380.0,172340.0,167323.0,415434.0,758499.0,3218.09,-1059.66,2158.43,99.44,4074.83,2856584,939,0.0003287142965163986075676402304,4174.27,19548.48,22642.33,1.16,B,202607
11110,-550.0,-755.0,-678.0,-825.0,-309.0,1312.0,1325.0,1116.0,910.0,445.0,0.23,0.23,0.23,0.24,0.24,-345.0,-92.0,842.0,310.0,-109.0,0.06,0.06,0.05,0.06,0.07,0,0,0,0,0,92,5,0,97,-171,34,-58,0.34,0.35,0.29,,,,0,0,0,0.66,0.65,0.71,0.2,0.3,0.5,,,,243.05,0.3,0.0,0,-145.65,0.7,0,0,0,1.0,0.0,0,0,110,0.74,0.05,0,0.26,0.2,0,1.88,0.4,0.6,0,0,62652.0,63414.0,63984.0,64422.0,64507.0,64643.0,24671.0,25983.0,27308.0,28424.0,29334.0,29779.0,-126.5,-173.65,-155.94,-198.0,-74.16,-145.65,301.76,304.75,256.68,218.4,106.8,237.68,175.26,131.1,100.74,20.4,32.64,92.03,4885.0,4540.0,4448.0,5290.0,5600.0,5491.0,-20.7,-5.52,42.1,18.6,-7.63,5.37,0.0,7550,7379,7413,7355,3578.53,3670.02,3750.71,,,,,,,,0,0,0,0,0,0,0,0,0,0.2,0.3,0.5,,,,,,,,0.55,0.0,,,0.0,0.34,0.25,0.39,0.0,0.04,30.0,0.6,0.4,,,,,95.0,243.0,2095.0,3640.0,2592.0,1964.0,1824.0,4337.0,7758.0,0.0,-0.0,0.0,,,34742,0,0,,0.0,0.0,,C,202607
11140,-143.0,-703.0,-559.0,-41.0,-91.0,740.0,1726.0,703.0,3046.0,675.0,0.44,0.44,0.44,0.44,0.44,-218.0,249.0,402.0,-292.0,-113.0,0.13,0.13,0.12,0.11,0.12,0,0,69,0,0,471,1,14,486,-109,138,21,0.3,0.24,0.22,0.89,0.93,0.97,-1,2,358,0.7,0.76,0.78,0.2,0.3,0.5,6,136,142,607.64,0.3,0.33,60,-121.46,0.7,-28,32,47,1.0,47.0,11159,1775,110,0.74,0.05,136,0.26,0.2,30,0.56,0.4,0.6,22,188,54496.0,55093.0,56116.0,56260.0,59265.0,59849.0,22078.0,22818.0,24544.0,25247.0,28293.0,28968.0,-62.92,-309.32,-245.96,-18.04,-40.04,-135.26,325.6,759.44,309.32,1340.24,297.0,606.32,262.68,450.12,63.36,1322.2,256.96,471.06,4846.0,4628.0,4877.0,5279.0,4987.0,4874.0,-28.34,32.37,48.24,-32.12,-13.56,1.32,13.8,5088,4979,5117,5138,3781.71,3958.61,4116.77,4257.91,4257.91,4257.91,-5.82,9.24,2.24,1.89,0,0,404,2,3,1,2,3,405,0.2,0.3,0.5,-0.12,0.42,135.43,45.24,47.13,533.31,144800.0,0.55,136.25,144800.0,79640.0,30.46,0.63,0.13,0.22,93.9,0.04,30.0,0.6,0.4,145000.0,86900.0,-414.87,12480.0,95.0,221.0,2265.0,3757.0,2767.0,2053.0,1947.0,4640.0,8648.0,60.16,-28.06,32.1,1.89,45.24,38057,47,0.001234989620831910029692303650,47.13,268.48,134.67,0.5,S,202607
11170,804.0,-1114.0,-673.0,-1206.0,-2794.0,1733.0,2389.0,2167.0,1045.0,-2037.0,0.36,0.36,0.37,0.37,0.39,-892.0,-70.0,-146.0,19.0,-592.0,0.19,0.2,0.18,0.17,0.18,0,0,48,0,0,-4,-63,10,-57,-97,61,-415,0.31,0.3,0.29,,,,83,45,271,0.69,0.7,0.71,0.2,0.3,0.5,,,,312.97,0.3,0.0,0,-369.7,0.7,0,0,1,1.0,1.0,0,0,110,0.74,0.05,0,0.26,0.2,0,0.94,0.4,0.6,0,0,93177.0,95714.0,96989.0,98483.0,98322.0,93491.0,35148.0,36881.0,39270.0,41437.0,42482.0,40445.0,289.44,-401.04,-249.01,-446.22,-1089.66,-379.3,623.88,860.04,801.79,386.65,-794.43,375.59,913.32,459.0,552.78,-59.57,-1884.09,-3.71,6520.0,5628.0,5558.0,5412.0,5431.0,4839.0,-169.48,-14.0,-26.28,3.23,-106.56,-62.62,9.6,9853,9756,9817,9402,6097.27,6328.16,6528.66,,,,,,,,110,21,269,0,27,3,110,48,272,0.2,0.3,0.5,,,,,,,,0.55,0.0,,,0.0,0.51,0.18,0.3,0.0,0.04,30.0,0.6,0.4,,,,,120.0,282.0,2319.0,4722.0,3986.0,3024.0,2870.0,7199.0,18771.0,0.0,-0.0,0.0,,,64179,1,0.00001558142071394069711276274171,,0.0,133.33,,C,202607
11200,-1681.0,-1791.0,-1485.0,-1312.0,-561.0,1097.0,2361.0,1602.0,1563.0,331.0,0.54,0.54,0.54,0.54,0.54,-305.0,206.0,232.0,-85.0,-84.0,0.09,0.09,0.09,0.08,0.08,0,0,0,170,0,13,0,34,47,-152,-61,-182,0.29,0.29,0.25,1.0,0.76,0.79,2066,958,815,0.71,0.71,0.75,0.2,0.3,0.5,-31,690,659,750.72,0.3,0.42,95,-703.64,0.7,-207,-112,0,1.0,0.0,39424,531,110,0.74,0.05,613,0.26,0.2,12,0.32,0.4,0.6,48,673,122770.0,122186.0,122756.0,122873.0,123124.0,122894.0,41488.0,42585.0,44946.0,46548.0,48111.0,48442.0,-907.74,-967.14,-801.9,-708.48,-302.94,-737.64,592.38,1274.94,865.08,844.02,178.74,751.03,-315.36,307.8,63.18,135.54,-124.2,13.39,4708.0,4403.0,4609.0,4841.0,4756.0,4672.0,-27.45,18.54,20.88,-6.8,-6.72,-0.31,34.0,11762,11610,11549,11367,5260.12,5571.91,5799.83,5271.01,7307.75,7307.75,-8.82,-4.03,-17.97,-10.27,2066,958,815,0,0,0,2066,958,815,0.2,0.3,0.5,293.37,155.08,241.44,229.96,219.69,266.77,248500.0,0.55,612.65,248500.0,136675.0,11.6,0.75,0.11,0.14,202.88,0.04,30.0,0.6,0.4,248000.0,149100.0,-711.83,21360.0,146.0,417.0,4406.0,7423.0,5558.0,4733.0,4763.0,12203.0,28246.0,94.59,-206.87,-112.28,-10.27,229.96,80980,0,0,219.69,780.35,1279.67,1.64,C,202607
11215,-1402.0,-1967.0,-750.0,-419.0,-977.0,3587.0,3839.0,3251.0,2568.0,974.0,0.21,0.21,0.21,0.22,0.22,95.0,-24.0,753.0,638.0,401.0,0.02,0.02,0.02,0.02,0.02,112,0,0,551,0,370,7,133,510,0,231,-96,0.38,0.38,0.35,,,,1028,804,34,0.62,0.62,0.65,0.2,0.3,0.5,,,,611.73,0.3,0.0,0,-101.82,0.7,0,0,52,1.0,52.0,0,0,110,0.74,0.05,0,0.26,0.2,0,1.72,0.4,0.6,0,0,149905.0,152090.0,153962.0,156463.0,158612.0,158609.0,58714.0,62301.0,66140.0,69391.0,71959.0,72933.0,-294.42,-413.07,-157.5,-92.18,-214.94,-234.42,753.27,806.19,682.71,564.96,214.28,604.28,458.85,393.12,525.21,472.78,-0.66,369.86,8681.0,8776.0,8752.0,9505.0,10143.0,10544.0,1.9,-0.48,15.06,12.76,8.02,7.45,132.6,12428,12428,12659,12563,4530.98,4766.9,4967.83,,,,,,,,1063,823,29,3,38,57,1066,861,86,0.2,0.3,0.5,,,,,,,,0.55,0.0,,,0.0,0.36,0.16,0.46,0.0,0.04,30.0,0.6,0.4,,,,,218.0,561.0,4716.0,8709.0,6012.0,4857.0,4724.0,11520.0,20987.0,0.0,-0.0,0.0,,,79493,52,0.0006541456480444819040670247695,,0.0,638.33,,C,202607
11230,-749.0,-1492.0,-213.0,755.0,-86.0,2773.0,4365.0,2879.0,2790.0,1396.0,0.42,0.42,0.42,0.44,0.44,-792.0,528.0,1828.0,677.0,98.0,0.05,0.06,0.05,0.05,0.05,0,0,0,293,228,1063,24,104,1191,-134,243,330,0.33,0.35,0.27,0.75,0.72,0.74,10179,250,744,0.67,0.65,0.73,0.2,0.3,0.5,45,1259,1304,1234.25,0.3,0.3,111,-43.06,0.7,-9,102,61,1.0,61.0,36673,765,110,0.74,0.05,407,0.26,0.2,12,0.53,0.4,0.6,53,472,148349.0,150373.0,153246.0,155912.0,159457.0,160767.0,58152.0,60925.0,65290.0,68169.0,70959.0,72355.0,-314.58,-626.64,-89.46,332.2,-37.84,-147.26,1164.66,1833.3,1209.18,1227.6,614.24,1209.8,850.08,1206.66,1119.72,1559.8,576.4,1062.53,9187.0,8395.0,8923.0,10751.0,11428.0,11526.0,-39.6,31.68,91.4,33.85,4.9,24.45,104.2,12135,12001,12244,12574,2945.35,3067.98,3213.95,3928.94,4282.15,4353.03,-6.63,18.37,32.97,14.9,10303,246,635,50,174,170,10353,420,805,0.2,0.3,0.5,1022.99,35.1,200.95,419.68,434.58,1625.76,148000.0,0.55,407.07,148000.0,81400.0,11.93,0.64,0.15,0.19,223.78,0.04,30.0,0.6,0.4,148000.0,88800.0,-423.94,12720.0,260.0,661.0,7126.0,11156.0,7409.0,6151.0,6123.0,15068.0,22643.0,111.08,-9.04,102.04,14.9,419.68,93255,61,0.0006541204224974532196665058174,434.58,1009.33,3728.0,3.69,C,202607
11260,-353.0,-1454.0,-563.0,-1293.0,-740.0,4409.0,3882.0,3847.0,2572.0,2243.0,0.33,0.33,0.34,0.34,0.34,144.0,-42.0,121.0,157.0,367.0,0.04,0.03,0.04,0.05,0.04,0,0,0,252,0,840,6,50,896,-70,72,105,0.42,0.48,0.38,0.64,0.64,0.63,0,1101,473,0.58,0.52,0.62,0.2,0.3,0.5,15,202,217,1142.59,0.3,0.21,72,-245.39,0.7,-36,36,0,1.0,0.0,21325,1098,110,0.74,0.05,166,0.26,0.2,12,0.98,0.4,0.6,42,220,160776.0,164832.0,167260.0,170544.0,171823.0,173326.0,52196.0,56605.0,60487.0,64334.0,66906.0,69149.0,-116.49,-479.82,-191.42,-439.62,-251.6,-295.79,1454.97,1281.06,1307.98,874.48,762.62,1136.22,1338.48,801.24,1116.56,434.86,511.02,840.43,2592.0,2736.0,2694.0,2815.0,2972.0,3339.0,5.76,-1.26,4.84,7.85,14.68,6.37,50.4,11119,11049,11121,11226,2243.36,2273.38,2322.11,3529.19,3574.52,3705.81,-3.76,6.64,12.57,5.15,0,1101,473,0,0,0,0,1101,473,0.2,0.3,0.5,0.0,109.92,92.38,67.43,72.58,969.78,126000.0,0.55,165.7,126000.0,69300.0,11.99,0.5,0.15,0.34,174.34,0.04,30.0,0.6,0.4,126000.0,75600.0,-360.93,10800.0,419.0,1031.0,9517.0,14668.0,9202.0,7772.0,7485.0,17163.0,17993.0,71.98,-36.07,35.91,5.15,67.43,101769,0,0,72.58,328.02,524.67,1.6,C,202607
11290,-747.0,-1308.0,-92.0,-1494.0,-1258.0,3678.0,3475.0,2237.0,1926.0,1082.0,0.43,0.44,0.44,0.45,0.45,-684.0,176.0,1147.0,203.0,168.0,0.05,0.05,0.04,0.04,0.04,18,0,104,0,0,655,7,24,686,245,119,-103,0.42,0.4,0.34,0.7,0.65,0.65,199,2860,550,0.58,0.6,0.66,0.2,0.3,0.5,12,469,481,1096.74,0.3,0.32,105,-410.72,0.7,-92,13,0,1.0,0.0,40400,813,110,0.74,0.05,478,0.26,0.2,14,0.7,0.4,0.6,83,575,176729.0,179660.0,181827.0,183972.0,184404.0,184228.0,57832.0,61510.0,64985.0,67222.0,69148.0,70230.0,-321.21,-575.52,-40.48,-672.3,-566.1,-435.12,1581.54,1529.0,984.28,866.7,486.9,1089.68,1260.33,953.48,943.8,194.4,-79.2,654.56,5703.0,5019.0,5195.0,6342.0,6545.0,6713.0,-34.2,8.8,45.88,8.12,6.72,7.06,24.4,17007,17252,17371,17268,2672.12,2767.04,2882.96,3837.72,4232.09,4443.69,14.41,9.28,-11.38,4.1,199,2860,550,0,0,0,199,2860,550,0.2,0.3,0.5,16.16,334.62,117.98,156.25,160.35,846.37,151100.0,0.55,478.34,151100.0,83105.0,13.53,0.58,0.15,0.26,345.9,0.04,30.0,0.6,0.4,151000.0,90700.0,-433.02,12960.0,326.0,844.0,8328.0,13072.0,9142.0,7768.0,7702.0,19654.0,31638.0,105.29,-92.0,13.29,4.1,156.25,121699,0,0,160.35,748.53,1203.0,1.61,C,202607
11305,-1101.0,-2219.0,-1760.0,-1437.0,-1480.0,2894.0,2743.0,2706.0,1525.0,1046.0,0.26,0.26,0.27,0.27,0.28,-70.0,30.0,465.0,483.0,471.0,0.04,0.04,0.09,0.07,0.06,0,0,35,0,0,152,20,7,179,-69,117,113,0.31,0.41,0.38,,,,392,61,18,0.69,0.59,0.62,0.2,0.3,0.5,,,,600.63,0.3,0.0,0,-421.16,0.7,0,0,48,1.0,48.0,0,0,110,0.74,0.05,0,0.26,0.2,0,1.74,0.4,0.6,0,0,128012.0,129805.0,130329.0,131275.0,131363.0,130929.0,42791.0,45685.0,48428.0,51134.0,52659.0,53705.0,-286.26,-576.94,-475.2,-387.99,-414.4,-428.16,752.44,713.18,730.62,411.75,292.88,580.17,466.18,136.24,255.42,23.76,-121.52,152.02,2077.0,2007.0,2037.0,2502.0,2985.0,3456.0,-2.8,1.2,41.85,33.81,28.26,20.46,7.0,8867,8798,8915,9028,2118.07,2148.41,2204.74,,,,,,,,292,0,0,227,127,66,519,127,66,0.2,0.3,0.5,,,,,,,,0.55,0.0,,,0.0,0.36,0.17,0.45,0.0,0.04,30.0,0.6,0.4,,,,,364.0,889.0,9157.0,11528.0,6602.0,5815.0,5336.0,11379.0,11389.0,0.0,-0.0,0.0,,,83865,48,0.0005723484170989089608299052048,,0.0,97.33,,C,202607
11320,-1700.0,-1892.0,-1355.0,-1607.0,-1130.0,2231.0,2969.0,1891.0,1781.0,1822.0,0.5,0.49,0.49,0.49,0.49,13.0,19.0,75.0,81.0,98.0,0.15,0.15,0.16,0.15,0.15,0,0,0,288,0,296,9,58,363,-53,55,179,0.46,0.53,0.54,,,,300,7,-12,0.54,0.47,0.46,0.2,0.3,0.5,,,,1061.2,0.3,0.0,0,-698.83,0.7,0,0,64,1.0,64.0,0,0,110,0.74,0.05,0,0.26,0.2,0,0.65,0.4,0.6,0,0,126831.0,127362.0,128439.0,128975.0,129149.0,129841.0,32653.0,34884.0,37853.0,39744.0,41525.0,43347.0,-850.0,-927.08,-663.95,-787.43,-553.7,-756.43,1115.5,1454.81,926.59,872.69,892.78,1052.47,265.5,527.73,262.64,85.26,339.08,296.04,954.0,967.0,986.0,1061.0,1142.0,1240.0,1.95,2.85,12.0,12.15,14.7,8.73,57.6,11788,11735,11790,11969,2009.08,2029.29,2059.93,,,,,,,,299,0,0,60,59,52,359,59,52,0.2,0.3,0.5,,,,,,,,0.55,0.0,,,0.0,0.6,0.08,0.31,0.0,0.04,30.0,0.6,0.4,,,,,305.0,807.0,8040.0,11693.0,7441.0,6660.0,6609.0,15518.0,16595.0,0.0,-0.0,0.0,,,100692,64,0.0006356016366742144361021729631,,0.0,99.67,,C,202607
11350,-1836.0,-2622.0,-1579.0,-1562.0,-2010.0,3073.0,4209.0,2375.0,2253.0,1907.0,0.78,0.78,0.78,0.78,0.78,60.0,120.0,75.0,104.0,182.0,0.23,0.21,0.2,0.19,0.17,0,0,0,0,0,656,21,0,677,-89,221,-14,0.46,0.51,0.45,0.62,0.64,0.62,0,2679,0,0.54,0.49,0.55,0.2,0.3,0.5,15,252,267,2176.39,0.3,0.27,176,-1499.0,0.7,-283,-107,0,1.0,0.0,43546,1263,110,0.74,0.05,435,0.26,0.2,18,0.15,0.4,0.6,16,469,201458.0,202695.0,204282.0,205078.0,205769.0,205666.0,53365.0,56438.0,60647.0,63022.0,65275.0,67182.0,-1432.08,-2045.16,-1231.62,-1218.36,-1567.8,-1499.0,2396.94,3283.02,1852.5,1757.34,1487.46,2155.45,964.86,1237.86,620.88,538.98,-80.34,656.45,1369.0,1429.0,1549.0,1624.0,1728.0,1910.0,13.8,25.2,15.0,19.76,30.94,20.94,0.0,19861,19772,19993,19979,2411.39,2467.44,2528.35,3876.09,3876.09,4069.89,-5.08,21.64,-1.95,4.87,0,2679,0,0,0,0,0,2679,0,0.2,0.3,0.5,0.0,252.04,0.0,84.01,88.88,766.27,138400.0,0.55,435.02,138400.0,76120.0,17.73,0.87,0.03,0.1,68.69,0.04,30.0,0.6,0.4,138000.0,83000.0,-396.25,11880.0,478.0,1250.0,14551.0,20348.0,14001.0,12030.0,11880.0,29191.0,38700.0,176.29,-283.31,-107.02,4.87,84.01,185807,0,0,88.88,451.1,893.0,1.98,C,202607
11380,702.0,-1599.0,-742.0,-753.0,-1336.0,5039.0,4594.0,3322.0,3081.0,1718.0,0.31,0.33,0.34,0.35,0.36,4.0,-80.0,-24.0,29.0,97.0,0.12,0.13,0.12,0.12,0.13,0,70,0,502,0,920,1,114,1035,-92,287,-323,0.4,0.47,0.42,0.62,0.57,0.58,1296,511,2431,0.6,0.53,0.58,0.2,0.3,0.5,-21,552,531,1181.54,0.3,0.27,96,-146.97,0.7,-28,68,20,1.0,20.0,27948,766,110,0.74,0.05,279,0.26,0.2,11,1.35,0.4,0.6,94,384,184890.0,190631.0,193626.0,196206.0,198534.0,198916.0,52814.0,57853.0,62447.0,65769.0,68850.0,70568.0,217.62,-527.67,-252.28,-263.55,-480.96,-261.37,1562.09,1516.02,1129.48,1078.35,618.48,1180.88,1779.71,988.35,877.2,814.8,137.52,919.52,1869.0,1873.0,1793.0,1769.0,1798.0,1895.0,0.48,-10.4,-2.88,3.48,12.61,0.66,114.4,16875,16783,17070,16747,2540.78,2592.74,2655.55,4121.48,4557.45,4557.45,-4.56,23.07,-39.34,-6.94,1296,511,2451,0,0,0,1296,511,2451,0.2,0.3,0.5,96.42,46.31,408.89,183.87,176.93,1211.51,155000.0,0.55,279.2,155000.0,85250.0,10.75,0.42,0.09,0.48,392.56,0.04,30.0,0.6,0.4,155000.0,93000.0,-444.0,13320.0,348.0,956.0,9226.0,15472.0,9893.0,8284.0,8381.0,19918.0,26764.0,95.7,-27.78,67.92,-6.94,183.87,149291,20,0.0001339665485528263592580932541,176.93,629.02,1419.33,2.26,C,202607
11410,1063.0,-1497.0,3.0,241.0,-787.0,3414.0,2929.0,1496.0,1882.0,600.0,0.4,0.4,0.41,0.42,0.42,-380.0,435.0,1408.0,295.0,-122.0,0.1,0.09,0.07,0.07,0.07,0,0,0,124,0,758,22,25,805,-44,174,120,0.35,0.33,0.29,,,,283,1055,-18,0.65,0.67,0.71,0.2,0.3,0.5,,,,860.96,0.3,0.0,0,-55.54,0.7,0,0,18,1.0,18.0,0,0,110,0.74,0.05,0,0.26,0.2,0,0.8,0.4,0.6,0,0,128635.0,133112.0,134544.0,136043.0,138166.0,137979.0,46449.0,49863.0,52792.0,54288.0,56170.0,56770.0,425.2,-598.8,1.23,101.22,-330.54,-80.34,1365.6,1171.6,613.36,790.44,252.0,838.6,1790.8,572.8,614.59,891.66,-78.54,758.26,5697.0,5317.0,5752.0,7160.0,7455.0,7333.0,-38.0,39.15,98.56,20.65,-8.54,22.36,24.8,12537,12493,12667,12787,3139.45,3258.67,3389.79,,,,,,,,283,1055,0,0,0,0,283,1055,0,0.2,0.3,0.5,,,,,,,,0.55,0.0,,,0.0,0.55,0.12,0.32,0.0,0.04,30.0,0.6,0.4,,,,,235.0,553.0,5878.0,9373.0,6197.0,5380.0,5385.0,13302.0,24409.0,0.0,-0.0,0.0,,,93653,18,0.0001921988617556298249922586570,,0.0,446.0,,C,202607
11440,-128.0,-591.0,-1345.0,-275.0,-658.0,3924.0,3990.0,2868.0,2082.0,1215.0,0.42,0.43,0.44,0.44,0.44,52.0,135.0,570.0,-175.0,-286.0,0.16,0.17,0.15,0.15,0.16,0,0,0,656,0,953,9,131,1093,-208,-19,146,0.33,0.33,0.32,0.87,0.91,1.09,818,1329,131,0.67,0.67,0.68,0.2,0.3,0.5,12,387,399,1224.23,0.3,0.38,140,-130.84,0.7,-35,105,47,1.0,47.0,46322,9472,110,0.74,0.05,651,0.26,0.2,187,0.68,0.4,0.6,137,975,156885.0,160681.0,164080.0,165603.0,167410.0,167967.0,59248.0,63172.0,67162.0,70030.0,72112.0,73327.0,-53.76,-254.13,-591.8,-121.0,-289.52,-262.04,1648.08,1715.7,1261.92,916.08,534.6,1215.28,1594.32,1461.57,670.12,795.08,245.08,953.23,5174.0,5226.0,5361.0,5931.0,5756.0,5470.0,8.32,22.95,85.5,-26.25,-45.76,8.95,131.2,15422,15214,15195,15341,4560.94,4772.8,4933.13,5249.4,5224.7,4538.68,-11.94,-1.71,25.46,3.94,658,1299,123,245,85,55,903,1384,178,0.2,0.3,0.5,95.36,243.09,48.55,129.0,132.94,1226.32,154300.0,0.55,651.29,154300.0,84865.0,187.17,0.59,0.09,0.31,569.31,0.04,30.0,0.6,0.4,154000.0,92600.0,-442.09,13320.0,284.0,690.0,6087.0,11231.0,8001.0,6395.0,5924.0,15291.0,32735.0,139.56,-34.8,104.76,3.94,129.0,117444,47,0.0004001907291985967780388951330,132.94,1212.8,693.33,0.57,A,202607
11470,86.0,-1226.0,-1540.0,-1469.0,-1215.0,3091.0,3537.0,2529.0,1604.0,780.0,0.53,0.53,0.53,0.54,0.54,-98.0,-212.0,15.0,42.0,-7.0,0.08,0.09,0.09,0.1,0.1,18,0,137,0,0,654,-4,31,681,-328,190,182,0.48,0.5,0.46,,,,45,-31,128,0.52,0.5,0.54,0.2,0.3,0.5,,,,1223.7,0.3,0.0,0,-542.95,0.7,0,0,6,1.0,6.0,0,0,110,0.74,0.05,0,0.26,0.2,0,0.58,0.4,0.6,0,0,162867.0,166044.0,168355.0,169344.0,169479.0,169044.0,36345.0,39436.0,42973.0,45502.0,47106.0,47886.0,45.58,-649.78,-816.2,-793.26,-656.1,-573.95,1638.23,1874.61,1340.37,866.16,421.2,1228.11,1683.81,1224.83,524.17,72.9,-234.9,654.16,2194.0,2096.0,1884.0,1899.0,1941.0,1934.0,-7.84,-19.08,1.35,4.2,-0.7,-4.41,31.0,19196,18868,19058,19240,4310.79,4487.74,4606.54,,,,,,,,45,0,103,0,0,31,45,0,134,0.2,0.3,0.5,,,,,,,,0.55,0.0,,,0.0,0.63,0.05,0.31,0.0,0.04,30.0,0.6,0.4,,,,,312.0,834.0,8309.0,12989.0,9106.0,7976.0,7692.0,19706.0,41067.0,0.0,-0.0,0.0,,,139431,6,0.00004303203735180842136970974891,,0.0,49.33,,C,202607
11500,-2839.0,-2377.0,-1703.0,-2737.0,-1820.0,6801.0,8264.0,6259.0,3814.0,2239.0,0.45,0.45,0.45,0.45,0.45,22.0,-92.0,40.0,3.0,96.0,0.11,0.11,0.1,0.11,0.1,14,0,10,805,158,1431,1,197,1629,-356,339,33,0.51,0.54,0.47,0.73,0.72,0.71,204,1035,248,0.49,0.46,0.53,0.2,0.3,0.5,19,164,183,2465.18,0.3,0.26,192,-835.44,0.7,-152,40,107,1.0,107.0,45362,1137,110,0.74,0.05,436,0.26,0.2,15,0.7,0.4,0.6,76,527,240135.0,244097.0,249984.0,254540.0,255617.0,256036.0,79371.0,86172.0,94436.0,100695.0,104509.0,106748.0,-1277.55,-1069.65,-766.35,-1231.65,-819.0,-1032.84,3060.45,3718.8,2816.55,1716.3,1007.55,2463.93,1782.9,2649.15,2050.2,484.65,188.55,1431.09,3009.0,3031.0,2939.0,2979.0,2982.0,3078.0,2.42,-10.12,4.0,0.33,9.6,1.25,197.4,19228,18872,19211,19244,2954.07,3050.02,3156.46,4047.7,4253.51,4466.19,-26.51,39.54,5.51,6.18,181,1072,210,131,108,145,312,1180,355,0.2,0.3,0.5,14.59,102.84,46.66,54.7,60.88,1690.62,151900.0,0.55,436.38,151900.0,83545.0,15.37,0.58,0.05,0.36,316.69,0.04,30.0,0.6,0.4,152000.0,91100.0,-434.93,13080.0,665.0,1861.0,16741.0,24346.0,15508.0,13408.0,12838.0,29418.0,40514.0,192.28,-152.05,40.23,6.18,54.7,193877,107,0.0005518963053894995280512902510,60.88,628.87,487.67,0.78,A,202607
11530,474.0,-1895.0,-966.0,-312.0,-1183.0,3231.0,4009.0,3997.0,2341.0,1314.0,0.49,0.48,0.48,0.48,0.48,104.0,70.0,208.0,-89.0,60.0,0.07,0.07,0.07,0.07,0.07,0,0,40,205,0,1064,5,49,1118,-238,116,-18,0.42,0.43,0.38,0.64,0.65,0.67,457,341,950,0.58,0.57,0.62,0.2,0.3,0.5,-5,269,264,1441.03,0.3,0.27,117,-322.72,0.7,-61,56,99,1.0,99.0,34796,2247,110,0.74,0.05,348,0.26,0.2,32,0.59,0.4,0.6,54,434,160378.0,164083.0,166197.0,169228.0,171257.0,171388.0,47740.0,50971.0,54980.0,58977.0,61318.0,62632.0,232.26,-909.6,-463.68,-149.76,-567.84,-371.72,1583.19,1924.32,1918.56,1123.68,630.72,1436.09,1815.45,1014.72,1454.88,973.92,62.88,1064.37,18353.0,18457.0,18527.0,18735.0,18646.0,18706.0,7.28,4.9,14.56,-6.23,4.2,4.94,49.0,13862,13624,13740,13722,2412.2,2475.59,2552.04,3788.42,3788.42,3803.37,-12.79,9.73,-2.29,-1.78,317,356,983,191,51,66,508,407,1049,0.2,0.3,0.5,33.93,37.9,197.32,89.72,87.94,1206.25,129300.0,0.55,347.61,129300.0,71115.0,31.55,0.63,0.08,0.28,222.29,0.04,30.0,0.6,0.4,129000.0,77600.0,-370.47,11160.0,318.0,849.0,9441.0,14464.0,9366.0,8738.0,8385.0,20798.0,27142.0,116.72,-60.99,55.73,-1.78,89.72,126134,99,0.0007848795725181156547798373159,87.94,576.18,552.0,0.96,A,202607
11545,-439.0,-495.0,-442.0,-405.0,-938.0,4556.0,4493.0,3701.0,1505.0,1825.0,0.3,0.3,0.29,0.29,0.29,-99.0,-401.0,-116.0,135.0,-103.0,0.02,0.02,0.02,0.02,0.02,0,0,0,0,0,791,-2,0,789,-132,62,5,0.55,0.53,0.51,0.76,0.76,0.73,-17,237,3,0.45,0.47,0.49,0.2,0.3,0.5,-3,25,22,948.4,0.3,0.3,85,-159.57,0.7,-34,51,8,1.0,8.0,14030,4086,110,0.74,0.05,156,0.26,0.2,64,1.16,0.4,0.6,61,281,99315.0,103432.0,107430.0,110689.0,111789.0,112676.0,37778.0,42334.0,46827.0,50528.0,52033.0,53858.0,-131.7,-148.5,-128.18,-117.45,-272.02,-159.57,1366.8,1347.9,1073.29,436.45,529.25,950.74,1235.1,1199.4,945.11,319.0,257.23,791.17,11854.0,11755.0,11354.0,11238.0,11373.0,11270.0,-1.98,-8.02,-2.32,2.7,-2.06,-2.34,0.0,6815,6683,6745,6750,2114.97,2129.24,2151.89,2797.27,2797.27,2937.13,-11.04,7.49,0.93,-0.87,0,219,0,12,29,11,12,248,11,0.2,0.3,0.5,-1.16,25.4,0.54,8.26,7.39,796.22,99900.0,0.55,155.73,99900.0,54945.0,63.74,0.46,0.12,0.41,253.95,0.04,30.0,0.6,0.4,100000.0,59900.0,-285.97,8520.0,268.0,574.0,6050.0,8720.0,5218.0,4665.0,4413.0,10066.0,10535.0,85.36,-33.51,51.85,-0.87,8.26,63703,8,0.0001255827826005054706999670345,7.39,339.66,73.0,0.21,S,202607
11560,2682.0,321.0,-570.0,-1129.0,-124.0,5786.0,5806.0,4156.0,3933.0,1803.0,0.44,0.45,0.45,0.45,0.45,55.0,-303.0,-141.0,177.0,507.0,0.05,0.05,0.05,0.05,0.05,0,0,0,621,0,2023,3,124,2150,-193,99,132,0.44,0.39,0.33,0.87,0.92,0.95,829,629,705,0.56,0.61,0.67,0.2,0.3,0.5,17,411,428,1924.94,0.3,0.38,219,225.04,0.7,60,279,0,1.0,0.0,46615,3683,110,0.74,0.05,655,0.26,0.2,73,0.41,0.4,0.6,72,800,153923.0,162391.0,168518.0,172104.0,174908.0,176587.0,58214.0,64000.0,69806.0,73962.0,77895.0,79698.0,1180.08,144.45,-256.5,-508.05,-55.8,100.84,2545.84,2612.7,1870.2,1769.85,811.35,1921.99,3725.92,2757.15,1613.7,1261.8,755.55,2022.82,15650.0,15705.0,15402.0,15261.0,15438.0,15945.0,2.75,-15.15,-7.05,8.85,25.35,2.95,124.2,14065,13872,13971,14103,4263.77,4449.15,4612.57,4909.32,4855.44,4831.7,-14.78,10.66,20.69,5.52,829,629,705,0,0,0,829,629,705,0.2,0.3,0.5,80.78,105.9,224.37,137.02,142.54,2292.51,164300.0,0.55,655.41,164300.0,90365.0,72.78,0.7,0.12,0.16,296.04,0.04,30.0,0.6,0.4,164000.0,98600.0,-470.73,14160.0,240.0,628.0,5486.0,10406.0,7698.0,6194.0,5943.0,16042.0,32715.0,219.44,59.86,279.3,5.52,137.02,100463,0,0,142.54,1221.08,721.0,0.59,A,202607
11590,-1210.0,-1563.0,-1188.0,-1460.0,-987.0,4013.0,4130.0,3551.0,2661.0,705.0,0.36,0.38,0.38,0.39,0.39,-555.0,-486.0,738.0,338.0,227.0,0.03,0.03,0.02,0.02,0.02,0,0,0,272,0,648,-1,54,701,-169,54,-43,0.33,0.31,0.28,1.12,1.18,0.71,771,387,1196,0.67,0.69,0.72,0.2,0.3,0.5,-11,516,505,1134.21,0.3,0.37,126,-432.66,0.7,-112,14,0,1.0,0.0,38551,687,110,0.74,0.05,528,0.26,0.2,13,0.8,0.4,0.6,104,645,164963.0,167766.0,170333.0,172696.0,173897.0,173615.0,60088.0,64101.0,68231.0,71782.0,74443.0,75148.0,-435.6,-593.94,-451.44,-569.4,-384.93,-487.06,1444.68,1569.4,1349.38,1037.79,274.95,1135.24,1009.08,975.46,897.94,468.39,-109.98,648.18,7254.0,6699.0,6213.0,6951.0,7289.0,7516.0,-16.65,-14.58,14.76,6.76,4.54,-1.03,54.4,15065,14896,14950,14907,3942.33,4144.97,4319.84,3504.97,3504.97,6118.13,-12.49,5.93,-4.27,-3.61,771,387,1196,0,0,0,771,387,1196,0.2,0.3,0.5,115.71,94.53,305.7,171.98,168.37,869.92,208000.0,0.55,527.76,208000.0,114400.0,13.22,0.55,0.12,0.33,434.36,0.04,30.0,0.6,0.4,208000.0,124800.0,-595.81,17880.0,254.0,620.0,6229.0,10733.0,7623.0,6264.0,6301.0,16103.0,31965.0,125.9,-112.06,13.84,-3.61,171.98,107533,0,0,168.37,827.44,784.67,0.95,A,202607
11620,-2565.0,-3362.0,-1722.0,-2221.0,-1878.0,9370.0,7022.0,9178.0,5312.0,2860.0,0.22,0.22,0.22,0.22,0.22,-126.0,-99.0,630.0,755.0,1097.0,0.02,0.03,0.02,0.02,0.02,0,876,58,0,0,968,9,187,1164,-162,135,-9,0.4,0.47,0.39,,,,1568,649,-4,0.6,0.53,0.61,0.2,0.3,0.5,,,,1493.48,0.3,0.0,0,-330.11,0.7,0,0,4,1.0,4.0,0,0,110,0.74,0.05,0,0.26,0.2,0,1.25,0.4,0.6,0,0,242154.0,248959.0,252619.0,260075.0,263166.0,264148.0,119863.0,129233.0,136255.0,145433.0,150745.0,153605.0,-564.3,-739.64,-378.84,-488.62,-413.16,-516.91,2061.4,1544.84,2019.16,1168.64,629.2,1484.65,1497.1,805.2,1640.32,680.02,216.04,967.74,10811.0,10685.0,10586.0,11216.0,11971.0,13068.0,-2.52,-2.97,12.6,15.1,21.94,8.83,186.8,14621,14459,14594,14585,2542.18,2637.13,2741.94,,,,,,,,1568,649,0,0,0,0,1568,649,0,0.2,0.3,0.5,,,,,,,,0.55,0.0,,,0.0,0.44,0.16,0.39,0.0,0.04,30.0,0.6,0.4,,,,,363.0,971.0,9445.0,14156.0,8841.0,7464.0,7197.0,16580.0,21562.0,0.0,-0.0,0.0,,,108523,4,0.00003685854611464850768961418317,,0.0,739.0,,C,202607
11650,-529.0,-2178.0,-2277.0,808.0,407.0,1275.0,1991.0,812.0,2011.0,687.0,0.57,0.57,0.57,0.58,0.58,196.0,17.0,-67.0,-98.0,-30.0,0.3,0.28,0.28,0.26,0.26,2196,0,0,3397,0,351,2,1119,1472,-509,442,210,0.35,0.36,0.39,1.09,1.09,1.02,24,7719,3319,0.65,0.64,0.61,0.2,0.3,0.5,55,2651,2706,780.16,0.3,0.53,124,691.36,0.7,256,380,0,1.0,0.0,47986,11150,110,0.74,0.05,941,0.26,0.2,307,0.4,0.4,0.6,120,1368,155377.0,156123.0,155936.0,154471.0,157290.0,158384.0,42667.0,43942.0,45933.0,46745.0,48756.0,49443.0,-301.53,-1241.46,-1297.89,468.64,236.06,-427.24,726.75,1134.87,462.84,1166.38,398.46,777.86,425.22,-106.59,-835.05,1635.02,634.52,350.62,2185.0,2381.0,2398.0,2331.0,2233.0,2203.0,58.8,4.76,-18.76,-25.48,-7.8,2.3,1118.6,21559,21050,21492,21702,7310.42,7554.23,7733.74,6715.46,6911.68,7584.2,-38.84,52.03,41.77,18.32,24,7719,3319,0,0,0,24,7719,3319,0.2,0.3,0.5,3.4,1615.43,1032.54,883.79,902.11,2373.63,257900.0,0.55,941.01,257900.0,141845.0,307.29,0.71,0.04,0.25,504.54,0.04,30.0,0.6,0.4,258000.0,154700.0,-738.56,22200.0,155.0,437.0,4167.0,9198.0,7819.0,6403.0,5954.0,16817.0,57663.0,124.05,256.49,380.54,18.32,883.79,128635,0,0,902.11,2652.04,3687.33,1.39,B,202607
11680,-617.0,-652.0,-262.0,3166.0,4973.0,2926.0,2987.0,1593.0,3230.0,2465.0,0.57,0.58,0.59,0.6,0.62,502.0,19.0,-104.0,-127.0,118.0,0.22,0.21,0.22,0.21,0.21,0,0,19,386,0,2381,18,81,2480,-242,390,355,0.37,0.41,0.42,1.23,1.35,1.1,29,2311,334,0.63,0.59,0.58,0.2,0.3,0.5,125,663,788,1579.22,0.3,0.53,251,900.69,0.7,334,585,0,1.0,0.0,74427,10023,110,0.74,0.05,1460,0.26,0.2,276,0.34,0.4,0.6,142,1878,206524.0,208833.0,211168.0,212499.0,218895.0,226333.0,66073.0,68999.0,71986.0,73579.0,76809.0,79274.0,-351.69,-378.16,-154.58,1899.6,3083.26,819.69,1667.82,1732.46,939.87,1938.0,1528.3,1561.29,1316.13,1354.3,785.29,3837.6,4611.56,2380.98,3160.0,3662.0,3681.0,3577.0,3450.0,3568.0,110.44,3.99,-22.88,-26.67,24.78,17.93,81.0,27967,27725,28115,28470,8489.9,8792.81,8912.61,6880.15,6503.34,8123.36,-22.03,64.76,82.01,41.58,29,2311,334,0,0,0,29,2311,334,0.2,0.3,0.5,4.49,552.21,106.55,221.08,262.66,2742.57,276200.0,0.55,1459.51,276200.0,151910.0,276.23,0.74,0.04,0.22,588.12,0.04,30.0,0.6,0.4,276000.0,165700.0,-791.08,23760.0,249.0,649.0,6466.0,12086.0,10064.0,7917.0,7395.0,20804.0,74650.0,251.1,334.16,585.26,41.58,221.08,184646,0,0,262.66,2724.81,891.33,0.33,S,202607
11710,-1279.0,-1956.0,859.0,-2258.0,-620.0,4833.0,5568.0,3211.0,4667.0,2580.0,0.48,0.49,0.5,0.5,0.5,84.0,-124.0,-35.0,-131.0,150.0,0.11,0.11,0.12,0.12,0.11,0,210,0,18,120,1539,-2,70,1607,-54,181,-248,0.37,0.38,0.41,1.09,1.11,1.05,1265,2678,1909,0.63,0.62,0.59,0.2,0.3,0.5,-35,1318,1283,2053.87,0.3,0.44,271,-446.77,0.7,-138,133,0,1.0,0.0,82004,11431,110,0.74,0.05,1335,0.26,0.2,262,0.63,0.4,0.6,241,1838,252212.0,255766.0,259378.0,263448.0,265857.0,267817.0,68861.0,73694.0,79262.0,82473.0,87140.0,89720.0,-613.92,-958.44,429.5,-1129.0,-310.0,-516.37,2319.84,2728.32,1605.5,2333.5,1290.0,2055.43,1705.92,1769.88,2035.0,1204.5,980.0,1539.06,3868.0,3952.0,3828.0,3793.0,3662.0,3812.0,9.24,-13.64,-4.2,-15.72,16.5,-1.56,69.6,29831,29777,29958,29710,5938.15,6198.91,6389.55,5458.69,5606.97,6069.67,-4.36,22.9,-53.38,-11.61,1265,2678,1909,0,0,0,1265,2678,1909,0.2,0.3,0.5,173.74,552.9,591.31,439.32,427.71,2034.81,206400.0,0.55,1335.03,206400.0,113520.0,261.54,0.61,0.04,0.35,1000.96,0.04,30.0,0.6,0.4,206000.0,123800.0,-591.04,17760.0,346.0,957.0,8509.0,16840.0,12757.0,10541.0,10481.0,27826.0,68820.0,271.11,-137.61,133.5,-11.61,439.32,213808,0,0,427.71,2398.01,1950.67,0.81,A,202607
11740,9044.0,1704.0,-673.0,-1207.0,2112.0,5128.0,6589.0,2847.0,3191.0,2658.0,0.47,0.49,0.49,0.49,0.5,-37.0,-31.0,59.0,27.0,69.0,0.08,0.09,0.1,0.08,0.09,0,0,6920,423,0,3029,2,1469,4500,-124,-146,201,0.39,0.37,0.37,1.08,1.38,1.53,1401,1872,650,0.61,0.63,0.63,0.2,0.3,0.5,24,986,1010,1986.98,0.3,0.43,256,2512.69,0.7,756,1012,357,1.0,357.0,66571,43371,110,0.74,0.05,1059,0.26,0.2,970,0.54,0.4,0.6,263,2292,162976.0,177148.0,185441.0,187615.0,189599.0,194369.0,45188.0,50316.0,56905.0,59752.0,62943.0,65601.0,4250.68,834.96,-329.77,-591.43,1056.0,1044.09,2410.16,3228.61,1395.03,1563.59,1329.0,1985.28,6660.84,4063.57,1065.26,972.16,2385.0,3029.37,2640.0,2603.0,2572.0,2631.0,2658.0,2727.0,-2.96,-2.79,5.9,2.16,6.21,1.7,1468.6,16718,16594,16448,16649,4128.68,4350.98,4597.68,3815.1,3145.92,3003.51,-10.45,-22.36,56.89,8.03,1626,1915,707,32,257,300,1658,2172,1007,0.2,0.3,0.5,184.6,488.26,313.27,328.71,336.74,4836.41,102100.0,0.55,1059.14,102100.0,56155.0,969.78,0.65,0.06,0.28,1093.37,0.04,30.0,0.6,0.4,102000.0,61300.0,-292.66,8760.0,364.0,943.0,9521.0,16603.0,11583.0,9903.0,9733.0,24871.0,44622.0,256.32,756.32,1012.64,8.03,328.71,144905,357,0.002463683102722473344605086091,336.74,3640.71,1416.0,0.39,S,202607
26000,-3973.0,-5827.0,-7923.0,-6185.0,-6850.0,31980.0,32155.0,24383.0,20764.0,15008.0,0.57,0.57,0.58,0.59,0.6,-47.0,596.0,940.0,1665.0,2553.0,0.19,0.18,0.17,0.17,0.16,296,244,2857,293,554,10803,190,849,11842,-1264,6409,3803,0.54,0.54,0.54,0.55,0.42,0.43,20616,12204,15852,0.46,0.46,0.46,0.2,0.3,0.5,803,3318,4121,14580.87,0.3,0.28,1225,-2739.3,0.7,-537,688,7541,0.8,6032.8,127390,8601,110,0.74,0.05,1320,0.26,0.2,125,0.44,0.4,0.6,153,1598,1377030.0,1405037.0,1431365.0,1447825.0,1462404.0,1470562.0,423227.0,455207.0,487362.0,511745.0,532509.0,547517.0,-2264.61,-3321.39,-4595.34,-3649.15,-4110.0,-3588.1,18228.6,18328.35,14142.14,12250.76,9004.8,14390.93,15963.99,15006.96,9546.8,8601.61,4894.8,10802.83,14481.0,14434.0,15030.0,15970.0,17635.0,20188.0,-8.93,107.28,159.8,283.05,408.48,189.94,848.8,163416,162152,168561,172364,1274.53,1286.64,1297.06,2304.07,3097.06,3023.93,-75.08,436.07,441.53,267.51,20973,13927,18673,2640,2997,4720,23613,16924,23393,0.2,0.3,0.5,1043.17,707.34,1567.76,1106.09,1373.6,13215.17,102800.0,0.55,1319.76,102800.0,56540.0,125.23,0.69,0.15,0.16,639.2,0.04,30.0,0.6,0.4,103000.0,61700.0,-294.57,8880.0,3951.0,10598.0,101798.0,141818.0,88200.0,75280.0,69262.0,157121.0,164206.0,1224.79,-536.9,687.89,267.51,1106.09,1152487,7541,0.006543240834820696459048995780,1098.88,3385.17,17857.67,5.28,C,202607
26110,-364.0,-184.0,-250.0,-356.0,-399.0,1025.0,1028.0,533.0,218.0,270.0,0.23,0.23,0.22,0.22,0.22,-48.0,32.0,62.0,98.0,73.0,0.09,0.08,0.06,0.06,0.05,0,0,0,0,0,70,2,0,72,-50,-24,31,0.5,0.44,0.45,,,,0,0,0,0.5,0.56,0.55,0.2,0.3,0.5,,,,141.66,0.3,0.0,0,-69.43,0.7,0,0,0,1.0,0.0,0,0,110,0.74,0.05,0,0.26,0.2,0,1.76,0.4,0.6,0,0,19847.0,20508.0,21352.0,21635.0,21497.0,21368.0,8982.0,10007.0,11035.0,11568.0,11786.0,12056.0,-83.72,-42.32,-55.0,-78.32,-87.78,-69.43,235.75,236.44,117.26,47.96,59.4,139.36,152.03,194.12,62.26,-30.36,-28.38,69.93,618.0,570.0,602.0,664.0,762.0,835.0,-4.32,2.56,3.72,5.88,3.65,2.3,0.0,2072,2022,1998,2029,699.28,694.69,689.55,,,,,,,,0,0,0,0,0,0,0,0,0,0.2,0.3,0.5,,,,,,,,0.55,0.0,,,0.0,0.35,0.25,0.36,0.0,0.04,30.0,0.6,0.4,,,,,55.0,111.0,1155.0,1490.0,808.0,536.0,445.0,806.0,440.0,0.0,-0.0,0.0,,,12220,0,0,,0.0,0.0,,C,202607
26140,-46.0,-286.0,58.0,-305.0,-200.0,699.0,786.0,922.0,668.0,421.0,0.36,0.38,0.4,0.41,0.43,-7.0,65.0,87.0,138.0,235.0,0.17,0.16,0.16,0.15,0.11,0,0,14,0,0,212,14,3,229,87,724,106,0.5,0.51,0.51,0.5,0.5,0.48,80,1305,-174,0.5,0.49,0.49,0.2,0.3,0.5,73,79,152,288.75,0.3,0.33,29,-59.82,0.7,-14,15,203,0.8,162.4,4968,594,110,0.74,0.05,61,0.26,0.2,10,1.03,0.4,0.6,18,89,46608.0,47261.0,47761.0,48741.0,49104.0,49325.0,17685.0,18384.0,19170.0,20092.0,20760.0,21181.0,-16.56,-108.68,23.2,-125.05,-86.0,-62.62,251.64,298.68,368.8,273.88,181.03,274.81,235.08,190.0,392.0,148.83,95.03,212.19,527.0,520.0,585.0,672.0,810.0,1045.0,-1.19,10.4,13.92,20.7,25.85,13.94,2.8,5227,5314,6038,6144,1192.93,1196.33,1197.15,2376.6,2376.6,2495.43,4.35,55.39,12.97,24.24,0,1302,0,112,32,29,112,1334,29,0.2,0.3,0.5,4.0,95.92,-20.46,26.49,50.73,279.66,84800.0,0.55,60.66,84800.0,46640.0,10.19,0.49,0.31,0.19,73.31,0.04,30.0,0.6,0.4,85000.0,50900.0,-243.0,7320.0,102.0,294.0,2917.0,4133.0,2425.0,1944.0,1700.0,3795.0,3480.0,28.59,-13.82,14.77,24.24,26.49,32298,203,0.006285218899003034243606415258,40.58,143.8,434.0,3.02,C,202607
26170,448.0,-306.0,-236.0,349.0,-539.0,1165.0,902.0,1160.0,1033.0,296.0,0.3,0.31,0.31,0.35,0.35,-59.0,-2.0,-11.0,89.0,37.0,0.19,0.19,0.22,0.2,0.19,0,0,0,0,0,271,2,0,273,-19,186,189,0.4,0.48,0.48,0.39,0.62,0.63,23,1588,372,0.6,0.52,0.52,0.2,0.3,0.5,45,216,261,292.93,0.3,0.41,36,-20.02,0.7,-6,30,642,0.4,256.8,7363,1140,110,0.74,0.05,112,0.26,0.2,24,1.24,0.4,0.6,40,176,38163.0,39776.0,40372.0,41296.0,42678.0,42435.0,14343.0,15508.0,16410.0,17570.0,18603.0,18899.0,134.4,-94.86,-73.16,122.15,-188.65,-20.02,349.5,279.62,359.6,361.55,103.6,290.77,483.9,184.76,286.44,483.7,-85.05,270.75,755.0,696.0,694.0,683.0,772.0,809.0,-11.21,-0.38,-2.42,17.8,7.03,2.16,0.0,3803,3784,3970,4159,1266.77,1283.77,1296.88,3275.46,2060.81,2060.81,-0.59,16.61,28.58,14.87,0,1854,336,435,412,678,435,2266,1014,0.2,0.3,0.5,1.08,153.59,60.93,71.87,86.74,359.65,70100.0,0.55,111.7,70100.0,38555.0,24.3,0.44,0.38,0.16,168.76,0.04,30.0,0.6,0.4,70000.0,42000.0,-200.51,6000.0,82.0,263.0,2204.0,3264.0,2031.0,1585.0,1362.0,2917.0,2367.0,36.03,-5.75,30.28,14.87,71.87,22724,642,0.02825206829783488822390424221,34.7,241.48,730.0,3.02,C,202607
26200,-858.0,-582.0,-620.0,-467.0,-748.0,1877.0,140.0,64.0,839.0,376.0,0.48,0.5,0.52,0.54,0.54,20.0,30.0,36.0,132.0,19.0,0.28,0.28,0.29,0.26,0.24,0,0,35,0,0,-4,13,7,16,-19,212,63,0.59,0.72,0.59,,,,4,0,1,0.41,0.28,0.41,0.2,0.3,0.5,,,,344.73,0.3,0.0,0,-329.27,0.7,0,0,21,1.0,21.0,0,0,110,0.74,0.05,0,0.26,0.2,0,0.65,0.4,0.6,0,0,49823.0,50842.0,50400.0,49844.0,50216.0,49844.0,17196.0,19073.0,19213.0,19277.0,20116.0,20492.0,-411.84,-291.0,-322.4,-252.18,-403.92,-336.27,900.96,70.0,33.28,453.06,203.04,332.07,489.12,-221.0,-289.12,200.88,-200.88,-4.2,370.0,390.0,420.0,456.0,588.0,607.0,5.6,8.4,10.44,34.32,4.56,12.66,7.0,4518,4499,4711,4774,755.64,752.46,748.91,,,,,,,,0,0,0,26,22,22,26,22,22,0.2,0.3,0.5,,,,,,,,0.55,0.0,,,0.0,0.6,0.29,0.1,0.0,0.04,30.0,0.6,0.4,,,,,108.0,343.0,3623.0,4198.0,2374.0,2092.0,1871.0,3519.0,2666.0,0.0,-0.0,0.0,,,35588,21,0.0005900865460267505900865460268,,0.0,0.0,,C,202607
26230,-304.0,-370.0,-406.0,1520.0,339.0,4976.0,3823.0,3949.0,3913.0,2815.0,0.55,0.56,0.57,0.58,0.59,51.0,45.0,10.0,94.0,214.0,0.25,0.22,0.23,0.22,0.2,50,0,125,0,0,2307,18,35,2360,-129,991,526,0.52,0.53,0.53,0.28,0.39,0.4,783,1083,2181,0.48,0.47,0.47,0.2,0.3,0.5,113,286,399,2229.49,0.3,0.27,181,130.16,0.7,25,206,1781,0.6,1068.6,14475,159,110,0.74,0.05,145,0.26,0.2,2,0.43,0.4,0.6,15,162,152433.0,157105.0,160558.0,164101.0,169534.0,172688.0,53948.0,58924.0,62747.0,66696.0,70609.0,73424.0,-167.2,-207.2,-231.42,881.6,200.01,95.16,2736.8,2140.88,2250.93,2269.54,1660.85,2211.8,2569.6,1933.68,2019.51,3151.14,1860.86,2306.96,819.0,870.0,915.0,925.0,1019.0,1233.0,12.75,9.9,2.3,20.68,42.8,17.69,35.0,15999,15870,16861,17387,1121.16,1135.04,1142.47,4048.39,2890.44,2890.44,-3.76,61.45,55.76,37.82,265,1147,3554,862,344,408,1127,1491,3962,0.2,0.3,0.5,21.05,59.55,205.01,95.2,133.02,2492.67,98300.0,0.55,144.61,98300.0,54065.0,2.23,0.69,0.14,0.16,63.22,0.04,30.0,0.6,0.4,98000.0,59000.0,-281.68,8400.0,616.0,1565.0,12766.0,18331.0,11052.0,9067.0,8190.0,18009.0,15634.0,180.59,24.6,205.19,37.82,95.2,132988,1781,0.01339218576112130417782055524,79.81,447.01,1655.33,3.7,C,202607
26260,606.0,-1072.0,2236.0,-640.0,268.0,2231.0,2368.0,2608.0,1236.0,905.0,0.59,0.59,0.6,0.61,0.62,5.0,15.0,17.0,19.0,12.0,0.28,0.27,0.25,0.24,0.23,0,0,19,0,244,1287,3,53,1343,530,563,-76,0.47,0.45,0.48,0.63,0.63,0.68,872,1061,3280,0.53,0.55,0.52,0.2,0.3,0.5,67,748,815,1122.05,0.3,0.46,155,221.08,0.7,71,226,740,0.8,592.0,28238,9215,110,0.74,0.05,481,0.26,0.2,220,0.4,0.4,0.6,67,768,103176.0,106013.0,107309.0,112153.0,112749.0,113922.0,26777.0,29008.0,31376.0,33984.0,35220.0,36125.0,357.54,-632.48,1341.6,-390.4,166.16,168.48,1316.29,1397.12,1564.8,753.96,561.1,1118.65,1673.83,764.64,2906.4,363.56,727.26,1287.14,386.0,391.0,406.0,423.0,442.0,454.0,1.4,4.05,4.25,4.56,2.76,3.4,52.6,13826,14356,14919,14843,1532.28,1561.25,1583.29,2440.68,2466.62,2339.62,31.39,47.88,-12.4,22.29,974,1219,3753,7,109,267,981,1328,4020,0.2,0.3,0.5,58.23,110.29,579.9,249.47,271.76,1614.9,79500.0,0.55,480.61,79500.0,43725.0,220.42,0.71,0.12,0.16,280.09,0.04,30.0,0.6,0.4,80000.0,47700.0,-227.73,6840.0,262.0,791.0,7366.0,11114.0,7014.0,6163.0,5782.0,13539.0,16755.0,154.84,71.19,226.03,22.29,249.47,92952,740,0.007961098201222136156295722523,217.41,1211.69,1982.0,1.64,C,202607
26290,-2220.0,-1187.0,-1823.0,-485.0,264.0,1231.0,2392.0,1276.0,1919.0,1612.0,0.54,0.54,0.55,0.57,0.58,60.0,231.0,294.0,291.0,477.0,0.17,0.15,0.15,0.18,0.16,0,0,1035,0,0,344,44,207,595,-743,1016,413,0.56,0.56,0.52,0.49,0.47,0.45,12571,-331,736,0.44,0.44,0.48,0.2,0.3,0.5,88,601,689,980.93,0.3,0.28,82,-386.15,0.7,-76,6,73,1.0,73.0,10697,547,110,0.74,0.05,111,0.26,0.2,8,0.62,0.4,0.6,18,137,111594.0,110605.0,111810.0,111263.0,112697.0,114573.0,33703.0,34934.0,37326.0,38602.0,40521.0,42133.0,-1198.8,-640.98,-1002.65,-276.45,153.12,-593.15,664.74,1291.68,701.8,1093.83,934.96,937.4,-534.06,650.7,-300.85,817.38,1088.08,344.25,1840.0,1900.0,2131.0,2425.0,2716.0,3193.0,10.2,34.65,44.1,52.38,76.32,43.53,207.0,14619,13876,14892,15305,1408.06,1427.22,1444.07,2885.1,3036.95,3196.79,-40.78,80.22,48.32,29.25,12608,48,367,26,63,442,12634,111,809,0.2,0.3,0.5,542.06,-20.54,79.49,200.34,229.59,824.37,108700.0,0.55,110.82,108700.0,59785.0,7.96,0.61,0.14,0.24,74.04,0.04,30.0,0.6,0.4,109000.0,65200.0,-311.27,9360.0,300.0,777.0,7767.0,10513.0,6494.0,5592.0,5028.0,11809.0,14564.0,82.4,-75.69,6.71,29.25,200.34,96625,73,0.0007554980595084087968952134541,229.59,372.85,4341.0,11.64,C,202607
26320,-940.0,483.0,-746.0,-1455.0,-1371.0,1819.0,2637.0,1801.0,1140.0,935.0,0.72,0.73,0.73,0.74,0.74,-152.0,-19.0,-39.0,-21.0,41.0,0.22,0.22,0.23,0.23,0.26,120,0,812,0,310,625,-8,248,865,-190,350,119,0.65,0.62,0.64,0.45,0.45,0.46,-113,9,381,0.35,0.38,0.36,0.2,0.3,0.5,36,28,64,1208.83,0.3,0.43,156,-343.61,0.7,-103,53,162,1.0,162.0,13068,2609,110,0.74,0.05,208,0.26,0.2,58,0.21,0.4,0.6,13,279,112242.0,113121.0,116241.0,117296.0,116981.0,116545.0,29578.0,31397.0,34034.0,35835.0,36975.0,37910.0,-676.8,352.59,-544.58,-1076.7,-1014.54,-592.01,1309.68,1925.01,1314.73,843.6,691.9,1216.98,632.88,2277.6,770.15,-233.1,-322.64,624.98,719.0,567.0,548.0,509.0,488.0,529.0,-33.44,-4.18,-8.97,-4.83,10.66,-8.15,248.4,13187,12997,13347,13466,1005.81,1007.45,1014.7,2221.48,2221.48,2221.48,-11.12,29.3,17.52,11.9,0,0,429,10,123,114,10,123,543,0.2,0.3,0.5,-3.56,0.46,31.55,9.48,21.38,886.61,75500.0,0.55,207.91,75500.0,41525.0,58.34,0.82,0.06,0.11,56.68,0.04,30.0,0.6,0.4,76000.0,45300.0,-216.27,6480.0,298.0,949.0,10407.0,12835.0,7697.0,6979.0,6510.0,14805.0,13626.0,155.94,-103.43,52.51,11.9,9.48,103826,162,0.001560302814323965095448153642,21.38,353.74,143.0,0.4,S,202607
26350,-484.0,-396.0,-2282.0,-1365.0,-1355.0,2867.0,2951.0,1711.0,987.0,1300.0,0.68,0.68,0.68,0.69,0.69,66.0,49.0,21.0,-29.0,78.0,0.32,0.32,0.3,0.29,0.26,0,60,0,0,0,534,11,12,557,-326,232,49,0.54,0.57,0.56,0.56,0.41,0.41,1061,-7,2341,0.46,0.43,0.44,0.2,0.3,0.5,2,265,267,1350.54,0.3,0.27,109,-793.39,0.7,-150,-41,756,0.8,604.8000000000001,12371,1,110,0.74,0.05,124,0.26,0.2,0,0.24,0.4,0.6,7,131,156230.0,158613.0,161168.0,160597.0,160219.0,160164.0,42000.0,44867.0,47818.0,49529.0,50516.0,51816.0,-329.12,-269.28,-1551.76,-941.85,-934.95,-805.39,1949.56,2006.68,1163.48,681.03,897.0,1339.55,1620.44,1737.4,-388.28,-260.82,-37.95,534.16,1285.0,1351.0,1400.0,1421.0,1392.0,1470.0,21.12,15.68,6.3,-8.41,20.28,10.99,12.0,24460,24134,24366,24415,1809.73,1828.11,1850.94,3240.26,4470.88,4470.88,-19.72,16.27,5.63,0.73,1167,0,2940,44,150,157,1211,150,3097,0.2,0.3,0.5,54.66,-0.37,211.16,88.48,89.21,646.36,152000.0,0.55,123.59,152000.0,83600.0,0.01,0.8,0.08,0.11,29.92,0.04,30.0,0.6,0.4,152000.0,91200.0,-435.4,13080.0,389.0,1034.0,9827.0,14867.0,9831.0,7927.0,7888.0,18055.0,25931.0,109.39,-149.95,-40.56,0.73,88.48,136049,756,0.005556821439334357474145344692,71.37,161.59,1369.0,8.47,C,202607
26380,-2319.0,-1191.0,-985.0,-958.0,-1719.0,2125.0,2619.0,2637.0,1369.0,1329.0,0.6,0.61,0.62,0.62,0.63,-48.0,74.0,44.0,102.0,259.0,0.21,0.21,0.2,0.2,0.18,0,0,0,0,0,358,16,0,374,65,485,391,0.65,0.67,0.71,0.42,0.44,0.41,112,30,1095,0.35,0.33,0.29,0.2,0.3,0.5,103,70,173,1254.98,0.3,0.5,188,-881.11,0.7,-308,-120,611,0.8,488.8,6515,2209,110,0.74,0.05,121,0.26,0.2,57,0.4,0.4,0.6,17,195,128548.0,128354.0,129782.0,131434.0,131845.0,131455.0,37692.0,39817.0,42436.0,45073.0,46442.0,47771.0,-1391.4,-726.51,-610.7,-593.96,-1082.97,-881.11,1275.0,1597.59,1634.94,848.78,837.27,1238.72,-116.4,871.08,1024.24,254.82,-245.7,357.61,1389.0,1341.0,1415.0,1459.0,1561.0,1820.0,-10.08,15.54,8.8,20.4,46.62,16.26,0.0,13051,13116,13601,13992,759.42,762.42,761.47,1790.7,1738.99,1852.55,3.55,42.89,56.91,34.45,0,380,929,539,427,777,539,807,1706,0.2,0.3,0.5,3.29,1.31,65.1,23.23,57.68,431.55,63000.0,0.55,120.53,63000.0,34650.0,57.43,0.71,0.14,0.15,71.59,0.04,30.0,0.6,0.4,63000.0,37800.0,-180.46,5400.0,366.0,929.0,10272.0,13564.0,8196.0,7313.0,6681.0,14515.0,11137.0,188.25,-308.39,-120.14,34.45,23.23,105323,611,0.005801202016653532466792628391,46.14,121.14,436.33,3.6,C,202607
26410,-1531.0,-1020.0,-1800.0,-1701.0,-1786.0,2039.0,1674.0,1178.0,781.0,565.0,0.45,0.45,0.45,0.46,0.46,-5.0,90.0,220.0,149.0,17.0,0.06,0.06,0.06,0.07,0.06,0,0,0,293,0,-148,6,59,-83,-197,-12,-75,0.58,0.54,0.58,,,,18,1402,-19,0.42,0.46,0.42,0.2,0.3,0.5,,,,569.97,0.3,0.0,0,-653.79,0.7,0,0,278,1.0,278.0,0,0,110,0.74,0.05,0,0.26,0.2,0,0.75,0.4,0.6,0,0,101294.0,101802.0,102456.0,101834.0,100914.0,99693.0,34740.0,36779.0,38453.0,39631.0,40412.0,40977.0,-688.95,-459.0,-810.0,-782.46,-821.56,-712.39,917.55,753.3,530.1,359.26,259.9,564.02,228.6,294.3,-279.9,-423.2,-561.66,-148.37,1652.0,1647.0,1737.0,1957.0,2106.0,2123.0,-0.3,5.4,13.2,10.43,1.02,5.95,58.6,11736,11539,11527,11452,1182.52,1182.83,1183.26,,,,,,,,68,1409,0,202,252,259,270,1661,259,0.2,0.3,0.5,,,,,,,,0.55,0.0,,,0.0,0.56,0.18,0.24,0.0,0.04,30.0,0.6,0.4,,,,,203.0,567.0,6328.0,8534.0,5050.0,4251.0,3811.0,8516.0,9631.0,0.0,-0.0,0.0,,,70408,278,0.003948414952846267469605726622,,0.0,492.33,,C,202607
26440,2462.0,1574.0,258.0,-391.0,322.0,1776.0,2193.0,1200.0,552.0,94.0,0.66,0.65,0.64,0.64,0.64,-3.0,-59.0,84.0,196.0,324.0,0.11,0.11,0.11,0.09,0.09,0,0,0,0,0,1310,10,0,1320,-89,-32,187,0.59,0.61,0.6,0.7,0.71,0.71,4868,650,3738,0.41,0.39,0.4,0.2,0.3,0.5,28,864,892,765.65,0.3,0.74,170,553.8,0.7,287,457,360,0.8,288.0,18699,6028,110,0.74,0.05,512,0.26,0.2,232,0.25,0.4,0.6,45,789,47138.0,51376.0,55143.0,56601.0,56762.0,57178.0,11634.0,13410.0,15603.0,16803.0,17355.0,17449.0,1624.92,1023.1,165.12,-250.24,206.08,553.8,1172.16,1425.45,768.0,353.28,60.16,755.81,2797.08,2448.55,933.12,103.04,266.24,1309.61,1319.0,1316.0,1257.0,1341.0,1537.0,1861.0,-0.33,-6.49,9.24,17.64,29.16,9.84,0.0,6700,6611,6579,6766,1200.83,1197.47,1191.9,1705.94,1681.2,1681.2,-7.35,-4.16,39.83,9.44,5515,0,4091,10,657,7,5525,657,4098,0.2,0.3,0.5,279.42,54.0,530.8,288.07,297.51,1616.96,57200.0,0.55,511.98,57200.0,31460.0,231.96,0.79,0.18,0.02,187.85,0.04,30.0,0.6,0.4,57000.0,34300.0,-163.75,4920.0,118.0,278.0,2145.0,4369.0,3593.0,3533.0,3511.0,9508.0,11254.0,169.97,286.87,456.84,9.44,288.07,40706,360,0.008843905075418857170933031985,238.01,1483.87,3202.0,2.16,C,202607
26470,429.0,-908.0,-172.0,-562.0,2752.0,1872.0,1476.0,1391.0,1901.0,2032.0,0.57,0.57,0.58,0.59,0.61,7.0,-14.0,8.0,29.0,37.0,0.18,0.16,0.18,0.16,0.18,37,184,0,0,0,1210,2,44,1256,-191,165,510,0.43,0.39,0.42,0.61,0.63,0.63,327,789,212,0.57,0.61,0.58,0.2,0.3,0.5,70,152,222,1017.6,0.3,0.42,128,239.07,0.7,70,198,194,1.0,194.0,23275,5966,110,0.74,0.05,362,0.26,0.2,130,0.43,0.4,0.6,51,543,83398.0,85699.0,86267.0,87486.0,88825.0,93609.0,24206.0,26078.0,27554.0,28945.0,30846.0,32878.0,244.53,-517.56,-99.76,-331.58,1678.72,194.87,1067.04,841.32,806.78,1121.59,1239.52,1015.25,1311.57,323.76,707.02,790.01,2918.24,1210.12,301.0,308.0,294.0,302.0,331.0,368.0,1.26,-2.24,1.44,4.64,6.66,2.35,44.2,10631,10440,10605,11115,1454.64,1493.52,1516.97,2377.25,2377.25,2409.01,-10.02,12.16,67.47,23.2,376,898,168,80,129,238,456,1027,406,0.2,0.3,0.5,22.74,90.96,38.73,50.81,74.01,1330.68,81900.0,0.55,361.69,81900.0,45045.0,130.3,0.69,0.13,0.17,209.52,0.04,30.0,0.6,0.4,82000.0,49100.0,-234.41,7080.0,279.0,716.0,6252.0,9262.0,6090.0,5002.0,4472.0,10577.0,12738.0,128.22,70.29,198.51,23.2,50.81,74057,194,0.002619603818680205787434003538,74.01,814.79,480.67,0.59,A,202607
26500,50.0,-488.0,-432.0,87.0,-798.0,2463.0,2588.0,2041.0,1224.0,656.0,0.47,0.47,0.46,0.47,0.48,17.0,19.0,14.0,37.0,116.0,0.22,0.22,0.23,0.22,0.19,89,0,798,0,0,691,8,177,876,-75,463,304,0.35,0.38,0.37,0.63,0.43,0.38,1,1575,1086,0.65,0.62,0.63,0.2,0.3,0.5,41,256,297,848.86,0.3,0.19,48,28.05,0.7,4,52,390,0.8,312.0,4214,0,110,0.74,0.05,30,0.26,0.2,0,0.77,0.4,0.6,6,36,74187.0,76700.0,78800.0,80409.0,81720.0,81578.0,25233.0,27696.0,30284.0,32325.0,33549.0,34205.0,23.5,-229.36,-198.72,40.89,-383.04,-149.35,1157.61,1216.36,938.86,575.28,314.88,840.6,1181.11,987.0,740.14,616.17,-68.16,691.25,553.0,570.0,589.0,603.0,640.0,756.0,3.74,4.18,3.22,8.14,22.04,8.26,177.4,9188,9113,9576,9880,1976.61,1999.9,2020.76,3154.07,4603.25,5380.39,-3.31,22.7,21.37,13.59,0,2154,835,63,62,641,63,2216,1476,0.2,0.3,0.5,0.08,125.97,129.99,85.35,98.94,975.85,182900.0,0.55,29.62,182900.0,100595.0,0.0,0.56,0.13,0.3,22.68,0.04,30.0,0.6,0.4,183000.0,109800.0,-524.2,15720.0,287.0,719.0,5803.0,8497.0,4907.0,3902.0,3515.0,7361.0,8445.0,48.39,3.73,52.12,13.59,85.35,64193,390,0.006075428785070023211253563473,79.15,166.33,996.33,5.99,C,202607
26530,-1557.0,-1030.0,-1420.0,209.0,-1137.0,2064.0,2652.0,909.0,1816.0,901.0,0.6,0.6,0.6,0.62,0.62,41.0,22.0,56.0,253.0,533.0,0.16,0.16,0.14,0.13,0.12,0,0,19,0,0,416,23,4,443,-276,629,177,0.59,0.54,0.58,0.44,0.41,0.44,0,1335,235,0.41,0.46,0.42,0.2,0.3,0.5,50,97,147,1034.86,0.3,0.49,152,-592.11,0.7,-203,-51,1194,0.4,477.6,7848,1551,110,0.74,0.05,142,0.26,0.2,40,0.31,0.4,0.6,14,196,90171.0,90678.0,92300.0,91789.0,93814.0,93578.0,28858.0,30922.0,33574.0,34483.0,36299.0,37200.0,-934.2,-618.0,-852.0,129.58,-704.94,-595.91,1238.4,1591.2,545.4,1125.92,558.62,1011.91,304.2,973.2,-306.6,1255.5,-146.32,416.0,1396.0,1437.0,1459.0,1515.0,1768.0,2301.0,6.56,3.52,7.84,32.89,63.96,22.95,3.8,8206,7930,8559,8736,778.8,771.76,769.54,1772.69,1861.33,1731.11,-14.33,41.78,22.59,16.68,0,1715,852,197,197,577,197,1912,1429,0.2,0.3,0.5,0.0,75.53,21.71,32.41,49.09,491.84,58900.0,0.55,142.28,58900.0,32395.0,39.52,0.76,0.12,0.12,56.11,0.04,30.0,0.6,0.4,59000.0,35300.0,-168.53,5040.0,283.0,678.0,7832.0,9816.0,5913.0,4986.0,4478.0,9274.0,6017.0,152.12,-203.09,-50.97,16.68,32.41,71598,1194,0.01667644347607475069136009386,19.64,163.94,855.67,5.22,C,202607
26710,2655.0,1136.0,697.0,335.0,-743.0,1751.0,1926.0,1003.0,1168.0,501.0,0.69,0.7,0.7,0.71,0.7,8.0,18.0,37.0,88.0,81.0,0.28,0.28,0.29,0.25,0.24,0,0,0,0,0,1454,12,0,1466,358,461,889,0.61,0.63,0.61,0.68,0.67,0.67,9,1715,387,0.39,0.37,0.39,0.2,0.3,0.5,270,179,449,899.58,0.3,0.7,189,566.56,0.7,278,467,136,1.0,136.0,19789,7907,110,0.74,0.05,513,0.26,0.2,288,0.25,0.4,0.6,48,849,62178.0,66584.0,69646.0,71346.0,72849.0,72607.0,16652.0,18403.0,20329.0,21332.0,22500.0,23001.0,1831.95,795.2,487.9,237.85,-520.1,566.56,1208.19,1348.2,702.1,829.28,350.7,887.69,3040.14,2143.4,1190.0,1067.13,-169.4,1454.25,552.0,560.0,578.0,615.0,703.0,784.0,2.24,5.04,10.73,22.0,19.44,11.89,0.0,6193,6551,7012,7901,971.35,967.72,966.38,1438.61,1438.61,1438.61,29.7,58.38,181.67,89.92,0,1801,419,27,18,104,27,1819,523,0.2,0.3,0.5,0.48,127.54,50.56,59.53,149.45,1615.59,48900.0,0.55,512.54,48900.0,26895.0,287.81,0.79,0.12,0.08,196.4,0.04,30.0,0.6,0.4,49000.0,29300.0,-139.88,4200.0,203.0,584.0,5134.0,7031.0,4725.0,4408.0,4018.0,10116.0,9521.0,188.91,277.61,466.52,89.92,59.53,60932,136,0.002231996323770760848158603033,149.45,1463.46,740.0,0.51,A,202607
27000,-2931.0,-7208.0,-4898.0,5023.0,-1396.0,20127.0,22323.0,14801.0,17381.0,11887.0,0.57,0.58,0.59,0.6,0.61,415.0,852.0,720.0,748.0,1285.0,0.12,0.11,0.12,0.12,0.12,794,200,482,50,610,8851,95,427,9373,1057,5398,4318,0.57,0.57,0.55,0.51,0.43,0.37,4141,6432,6286,0.43,0.43,0.45,0.2,0.3,0.5,898,1062,1960,10261.18,0.3,0.33,1016,-888.58,0.7,-205,811,5962,0.8,4769.6,57848,1772,110,0.74,0.05,706,0.26,0.2,30,0.32,0.4,0.6,57,793,968620.0,985816.0,1000931.0,1010834.0,1033238.0,1043729.0,284416.0,304543.0,326866.0,341667.0,359048.0,370935.0,-1670.67,-4180.64,-2889.82,3013.8,-851.56,-1315.78,11472.39,12947.34,8732.59,10428.6,7251.07,10166.4,9801.72,8766.7,5842.77,13442.4,6399.51,8850.62,10673.0,11088.0,11940.0,12660.0,13408.0,14693.0,49.8,93.72,86.4,89.76,154.2,94.78,427.2,100993,102050,107448,111766,1066.85,1073.45,1082.07,2090.79,2504.82,2895.34,61.45,396.91,439.36,299.24,941,4994,3441,13445,10245,8807,14386,15239,12248,0.2,0.3,0.5,181.62,356.78,523.31,353.9,653.14,10025.74,98400.0,0.55,706.32,98400.0,54120.0,30.41,0.75,0.17,0.07,236.01,0.04,30.0,0.6,0.4,98000.0,59100.0,-282.15,8520.0,2068.0,5758.0,61251.0,91086.0,59751.0,55511.0,53571.0,129566.0,132402.0,1015.86,-205.26,810.6,299.24,353.9,747827,5962,0.007972432126681705795591761196,522.51,2126.48,3125.33,1.47,B,202607
27110,-332.0,-433.0,1386.0,2284.0,2428.0,930.0,308.0,1223.0,1462.0,1354.0,0.46,0.46,0.51,0.56,0.6,-3.0,10.0,28.0,23.0,11.0,0.14,0.14,0.14,0.15,0.16,0,0,0,50,0,1183,2,10,1195,396,622,653,0.23,0.27,0.28,0.72,0.73,0.74,430,264,445,0.77,0.73,0.72,0.2,0.3,0.5,118,208,326,566.89,0.3,0.58,99,628.16,0.7,255,354,472,0.6,283.2,18158,1193,110,0.74,0.05,390,0.26,0.2,36,0.34,0.4,0.6,35,461,34207.0,34805.0,34680.0,37289.0,41035.0,44817.0,13872.0,14802.0,15110.0,16333.0,17795.0,19149.0,-152.72,-199.18,706.86,1279.04,1456.8,618.16,427.8,141.68,623.73,818.72,812.4,564.87,275.08,-57.5,1330.59,2097.76,2269.2,1183.03,275.0,272.0,282.0,310.0,333.0,344.0,-0.42,1.4,3.92,3.45,1.76,2.02,10.0,3220,3616,4238,4891,1446.98,1466.93,1494.53,2022.52,2022.52,2022.52,13.12,36.78,67.65,39.18,373,0,147,1091,1034,770,1464,1034,917,0.2,0.3,0.5,47.68,42.21,118.55,69.48,108.66,1303.71,68800.0,0.55,389.67,68800.0,37840.0,35.98,0.72,0.2,0.05,146.61,0.04,30.0,0.6,0.4,69000.0,41300.0,-197.17,5880.0,90.0,267.0,2169.0,3584.0,2727.0,2346.0,2376.0,6021.0,6637.0,98.64,255.03,353.67,39.18,69.48,31925,472,0.01478465152701644479248238058,65.2,879.71,173.33,0.2,S,202607
27140,-987.0,-127.0,238.0,842.0,325.0,3607.0,3419.0,2380.0,2563.0,2444.0,0.56,0.57,0.58,0.6,0.62,-17.0,24.0,66.0,4.0,63.0,0.2,0.21,0.24,0.24,0.26,124,0,292,0,0,1724,7,83,1814,108,769,922,0.51,0.53,0.57,0.43,0.44,0.44,627,576,919,0.49,0.47,0.43,0.2,0.3,0.5,174,149,323,1687.41,0.3,0.45,228,127.13,0.7,40,268,838,0.8,670.4000000000001,15868,0,110,0.74,0.05,264,0.26,0.2,0,0.4,0.4,0.6,25,289,139168.0,141788.0,145080.0,147698.0,151103.0,153872.0,41600.0,45207.0,48626.0,51006.0,53569.0,56013.0,-552.72,-72.39,138.04,505.2,201.5,43.93,2019.92,1948.83,1380.4,1537.8,1515.28,1680.45,1467.2,1876.44,1518.44,2043.0,1716.78,1724.37,631.0,614.0,638.0,704.0,708.0,771.0,-3.4,5.04,15.84,0.96,16.38,6.96,83.2,13614,13722,14491,15413,966.57,976.43,985.98,2238.19,2238.19,2238.19,4.74,53.8,115.62,58.05,481,0,1280,1199,1053,477,1680,1053,1757,0.2,0.3,0.5,26.42,35.74,86.94,49.7,107.75,1922.28,76100.0,0.55,264.2,76100.0,41855.0,0.0,0.71,0.17,0.12,105.77,0.04,30.0,0.6,0.4,76000.0,45700.0,-218.18,6600.0,358.0,927.0,10901.0,14524.0,9224.0,8836.0,8075.0,18689.0,16417.0,227.8,40.05,267.85,58.05,49.7,118682,838,0.007060885391213494885492324026,86.2,643.64,587.0,0.91,A,202607
27170,-1312.0,-1548.0,-1342.0,166.0,947.0,1429.0,1395.0,594.0,1460.0,1144.0,0.24,0.24,0.25,0.29,0.33,-49.0,42.0,-7.0,66.0,142.0,0.03,0.03,0.03,0.04,0.06,0,0,0,0,0,193,2,0,195,-143,235,369,0.41,0.53,0.46,,,,250,116,106,0.59,0.47,0.54,0.2,0.3,0.5,,,,327.59,0.3,0.0,0,-132.25,0.7,0,0,737,0.4,294.8,0,0,110,0.74,0.05,0,0.26,0.2,0,1.53,0.4,0.6,0,0,73980.0,74097.0,73944.0,73196.0,74822.0,76913.0,24341.0,25770.0,27165.0,27759.0,29219.0,30363.0,-314.88,-371.52,-335.5,48.14,312.51,-132.25,342.96,334.8,148.5,423.4,377.52,325.44,28.08,-36.72,-187.0,471.54,690.03,193.19,1039.0,990.0,1032.0,1025.0,1091.0,1233.0,-1.47,1.26,-0.21,2.64,8.52,2.15,0.0,4966,4823,5058,5427,1054.02,1074.05,1102.0,,,,,,,,0,240,0,969,719,843,969,959,843,0.2,0.3,0.5,,,,,,,,0.55,0.0,,,0.0,0.39,0.38,0.21,0.0,0.04,30.0,0.6,0.4,,,,,139.0,363.0,3823.0,4987.0,3120.0,2851.0,2710.0,6048.0,4302.0,0.0,-0.0,0.0,,,38727,737,0.01903065045059002762930255377,,0.0,80.0,,C,202607
27200,-692.0,-619.0,-827.0,-356.0,-1350.0,1544.0,2007.0,1017.0,660.0,167.0,0.22,0.23,0.25,0.27,0.28,36.0,109.0,13.0,26.0,60.0,0.1,0.08,0.08,0.07,0.08,0,0,23,0,0,61,4,5,70,-19,248,141,0.44,0.43,0.39,0.52,0.53,0.51,852,3110,594,0.56,0.57,0.61,0.2,0.3,0.5,30,424,454,260.1,0.3,0.49,38,-190.5,0.7,-65,-27,668,0.4,267.2,5722,0,110,0.74,0.05,104,0.26,0.2,0,1.29,0.4,0.6,32,136,68268.0,69120.0,70508.0,70698.0,71002.0,69819.0,28373.0,29917.0,31924.0,32941.0,33601.0,33768.0,-152.24,-142.37,-206.75,-96.12,-378.0,-195.1,339.68,461.61,254.25,178.2,46.76,256.1,187.44,319.24,47.5,82.08,-331.24,61.0,444.0,480.0,589.0,602.0,628.0,688.0,3.6,8.72,1.04,1.82,4.8,4.0,4.6,4730,4711,4959,5100,973.86,984.73,996.12,1867.41,1867.41,1960.78,-0.87,16.96,14.02,10.04,53,1758,325,3088,2289,937,3141,4047,1262,0.2,0.3,0.5,49.62,281.86,92.4,141.29,151.33,220.93,66700.0,0.55,103.74,66700.0,36685.0,0.0,0.43,0.41,0.14,133.86,0.04,30.0,0.6,0.4,67000.0,40000.0,-190.97,5760.0,99.0,291.0,2873.0,4025.0,2356.0,2259.0,2011.0,4434.0,3824.0,38.23,-65.34,-27.11,10.04,141.29,26976,668,0.02476275207591933570581257414,60.53,169.29,712.0,4.21,C,202607
27230,1052.0,-1023.0,-1288.0,-2584.0,-2042.0,3836.0,5153.0,3408.0,2344.0,1732.0,0.63,0.62,0.63,0.64,0.65,29.0,163.0,124.0,221.0,347.0,0.1,0.09,0.09,0.09,0.08,0,200,57,0,610,1324,15,173,1512,167,289,375,0.65,0.64,0.61,,,,85,693,756,0.35,0.36,0.39,0.2,0.3,0.5,,,,2092.19,0.3,0.0,0,-579.4,0.7,0,0,1079,0.8,863.2,0,0,110,0.74,0.05,0,0.26,0.2,0,0.22,0.4,0.6,0,0,174696.0,179584.0,183714.0,185834.0,185594.0,185284.0,51475.0,55311.0,60464.0,63872.0,66216.0,67948.0,662.76,-634.26,-811.44,-1653.76,-1327.3,-752.8,2416.68,3194.86,2147.04,1500.16,1125.8,2076.91,3079.44,2560.6,1335.6,-153.6,-201.5,1324.11,2096.0,2125.0,2288.0,2412.0,2633.0,2980.0,2.9,14.67,11.16,19.89,27.76,15.28,173.4,16850,17017,17306,17681,858.9,862.96,867.68,,,,,,,,0,1098,0,1515,1430,1835,1515,2528,1835,0.2,0.3,0.5,,,,,,,,0.55,0.0,,,0.0,0.81,0.13,0.05,0.0,0.04,30.0,0.6,0.4,,,,,406.0,1130.0,11691.0,18188.0,11347.0,10778.0,10350.0,25149.0,21278.0,0.0,-0.0,0.0,,,136319,1079,0.007915257594319207153808346599,,0.0,366.0,,C,202607
27260,-116.0,-1151.0,-1109.0,-1489.0,1158.0,2449.0,3122.0,2136.0,1563.0,1795.0,0.64,0.64,0.65,0.65,0.67,9.0,68.0,-6.0,-23.0,2.0,0.14,0.14,0.14,0.14,0.15,0,0,60,0,0,1090,1,12,1103,-259,3,1285,0.53,0.53,0.53,0.52,0.4,0.4,1665,1232,1636,0.47,0.47,0.47,0.2,0.3,0.5,122,305,427,1435.89,0.3,0.34,146,-332.74,0.7,-79,67,686,0.8,548.8000000000001,15969,639,110,0.74,0.05,201,0.26,0.2,11,0.25,0.4,0.6,13,225,157906.0,160239.0,162210.0,163237.0,163311.0,166264.0,37747.0,40196.0,43318.0,45454.0,47017.0,48812.0,-74.24,-736.64,-720.85,-967.85,775.86,-344.74,1567.36,1998.08,1388.4,1015.95,1202.65,1434.49,1493.12,1261.44,667.55,48.1,1978.51,1089.74,698.0,707.0,775.0,769.0,746.0,748.0,1.26,9.52,-0.84,-3.22,0.3,1.4,12.0,24343,24084,24087,25372,1535.96,1549.12,1565.63,2948.63,3834.5,3905.75,-14.28,0.19,136.21,40.71,0,858,1256,3105,1440,1066,3105,2298,2322,0.2,0.3,0.5,81.39,69.48,153.78,101.55,142.26,1245.4,132800.0,0.55,200.89,132800.0,73040.0,11.3,0.79,0.14,0.06,52.87,0.04,30.0,0.6,0.4,133000.0,79700.0,-380.5,11400.0,275.0,764.0,7915.0,13357.0,9647.0,8155.0,8053.0,20514.0,35714.0,146.46,-79.19,67.27,40.71,101.55,128349,686,0.005344802063124761392765039073,113.81,405.96,704.67,1.74,C,202607
27290,-1837.0,-3513.0,-2367.0,-1021.0,-1466.0,4006.0,4287.0,2614.0,2272.0,2231.0,0.66,0.65,0.66,0.67,0.68,506.0,453.0,292.0,112.0,430.0,0.08,0.07,0.07,0.07,0.06,670,0,50,0,0,691,25,144,860,797,814,437,0.62,0.64,0.59,0.5,0.5,0.4,230,440,1800,0.38,0.36,0.41,0.2,0.3,0.5,179,180,359,2064.26,0.3,0.45,279,-1203.81,0.7,-379,-100,1438,0.8,1150.4,18745,334,110,0.74,0.05,312,0.26,0.2,8,0.17,0.4,0.6,13,333,224644.0,226813.0,227587.0,227834.0,229085.0,229850.0,63765.0,67771.0,72058.0,74672.0,76944.0,79175.0,-1212.42,-2283.45,-1562.22,-684.07,-996.88,-1347.81,2643.96,2786.55,1725.24,1522.24,1517.08,2039.01,1431.54,503.1,163.02,838.17,520.2,691.21,3263.0,3769.0,4222.0,4514.0,4626.0,5056.0,40.48,31.71,20.44,7.84,25.8,25.25,144.0,22343,23140,23954,24391,953.05,950.58,950.55,1899.27,1899.27,2398.91,49.41,78.14,51.57,59.71,0,1040,433,2435,2205,2805,2435,3245,3238,0.2,0.3,0.5,8.74,23.76,147.6,60.03,119.74,980.2,81600.0,0.55,312.1,81600.0,44880.0,7.82,0.84,0.11,0.04,55.92,0.04,30.0,0.6,0.4,82000.0,48900.0,-233.46,6960.0,451.0,1276.0,14815.0,20839.0,13444.0,12629.0,12611.0,30952.0,31220.0,278.68,-379.2,-100.52,59.71,60.03,173723,1438,0.008277545287613039148529555672,95.79,328.61,491.0,1.49,B,202607
27710,1293.0,1206.0,411.0,112.0,-1241.0,2326.0,2632.0,1429.0,1183.0,925.0,0.75,0.75,0.76,0.76,0.77,-96.0,-17.0,210.0,201.0,207.0,0.24,0.23,0.25,0.27,0.27,0,0,0,0,0,1546,27,0,1573,10,631,103,0.62,0.59,0.59,,,,2,1,30,0.38,0.41,0.41,0.2,0.3,0.5,,,,1310.31,0.3,0.0,0,263.23,0.7,0,0,44,1.0,44.0,0,0,110,0.74,0.05,0,0.26,0.2,0,0.18,0.4,0.6,0,0,95751.0,99370.0,103208.0,105048.0,106343.0,106027.0,23243.0,25569.0,28201.0,29630.0,30813.0,31738.0,969.75,904.5,312.36,85.12,-955.57,263.23,1744.5,1974.0,1086.04,899.08,712.25,1283.17,2714.25,2878.5,1398.4,984.2,-243.32,1546.41,2227.0,2131.0,2114.0,2324.0,2525.0,2732.0,-23.04,-3.91,52.5,54.27,55.89,27.14,0.0,10927,10937,11568,11671,793.32,794.61,795.51,,,,,,,,34,0,0,43,75,74,77,75,74,0.2,0.3,0.5,,,,,,,,0.55,0.0,,,0.0,0.84,0.13,0.03,0.0,0.04,30.0,0.6,0.4,,,,,245.0,716.0,6913.0,11370.0,7780.0,7573.0,7306.0,17627.0,12914.0,0.0,0.0,0.0,,,91997,44,0.0004782764655369196821635488114,,0.0,11.33,,C,202607
27720,40.0,-244.0,131.0,567.0,-155.0,126.0,315.0,257.0,-809.0,95.0,0.05,0.05,0.05,0.05,0.05,2.0,-3.0,14.0,5.0,23.0,0.0,0.0,0.04,0.0,0.04,0,0,0,0,0,3,0,0,3,53,81,33,1.0,0.86,0.75,,,,0,0,0,0.0,0.14,0.25,0.2,0.3,0.5,,,,0.14,0.3,0.0,0,3.39,0.7,0,0,0,1.0,0.0,0,0,110,0.74,0.05,0,0.26,0.2,0,16.18,0.4,0.6,0,0,10560.0,10726.0,10797.0,11185.0,10943.0,10883.0,3985.0,4111.0,4426.0,4683.0,3874.0,3969.0,2.0,-12.2,6.55,28.35,-7.75,3.39,6.3,15.75,12.85,-40.45,4.75,-0.16,8.3,3.55,19.4,-12.1,-3.0,3.23,100.0,102.0,99.0,113.0,118.0,141.0,0.0,-0.0,0.56,0.0,0.92,0.3,0.0,1653,1706,1787,1820,794.75,802.72,810.69,,,,,,,,0,0,0,0,0,0,0,0,0,0.2,0.3,0.5,,,,,,,,0.55,0.0,,,0.0,0.06,0.88,0.04,0.0,0.04,30.0,0.6,0.4,,,,,,,151.0,212.0,106.0,84.0,79.0,132.0,96.0,0.0,0.0,0.0,,,1129,0,0,,0.0,0.0,,C,202607
28000,-352.0,5594.0,8386.0,10551.0,9711.0,26976.0,30816.0,20735.0,18886.0,16254.0,0.55,0.55,0.56,0.58,0.58,1562.0,1595.0,3227.0,3838.0,2433.0,0.15,0.15,0.15,0.16,0.16,965,748,1445,88,110,16622,392,671,17685,1705,5451,2262,0.55,0.57,0.57,0.68,0.71,0.72,14017,25189,20376,0.45,0.43,0.43,0.2,0.3,0.5,1254,6319,7573,13147.87,0.3,0.58,2288,4537.44,0.7,1842,4130,1927,1.0,1927.0,309795,104707,110,0.74,0.05,6648,0.26,0.2,3158,0.5,0.4,0.6,1177,10983,1120576.0,1147200.0,1183610.0,1212731.0,1242168.0,1268133.0,297865.0,324841.0,355657.0,376392.0,395278.0,411532.0,-193.6,3076.7,4696.16,6119.58,5632.38,3866.24,14836.8,16948.8,11611.6,10953.88,9427.32,12755.68,14643.2,20025.5,16307.76,17073.46,15059.7,16621.92,29040.0,30602.0,32197.0,35424.0,39262.0,41695.0,234.3,239.25,484.05,614.08,389.28,392.19,671.2,111518,113223,118674,120936,1346.62,1354.84,1362.48,1978.75,1897.33,1893.73,127.53,661.81,464.16,417.83,14793,25005,19217,2494,3270,3086,17287,28275,22303,0.2,0.3,0.5,857.84,2307.06,3154.2,2106.37,2524.2,20209.51,64400.0,0.55,6648.2,64400.0,35420.0,3157.96,0.66,0.09,0.25,4919.01,0.04,30.0,0.6,0.4,64000.0,38600.0,-184.28,5520.0,3600.0,9680.0,89237.0,127218.0,81892.0,75585.0,73400.0,177404.0,193218.0,2287.73,1842.2,4129.93,417.83,2106.37,1053613,1927,0.001828944783331261098714613430,2524.2,17640.85,19671.67,1.12,B,202607
28110,1685.0,1059.0,2436.0,1837.0,2130.0,2149.0,1701.0,2434.0,1920.0,2252.0,0.5,0.5,0.52,0.53,0.53,114.0,75.0,134.0,132.0,82.0,0.28,0.25,0.25,0.26,0.25,0,0,0,0,0,2029,28,0,2057,271,437,8,0.49,0.49,0.51,0.65,0.66,0.62,855,1655,2423,0.51,0.51,0.49,0.2,0.3,0.5,61,592,653,1108.17,0.3,0.62,206,948.25,0.7,412,618,33,1.0,33.0,17090,590,110,0.74,0.05,392,0.26,0.2,19,0.46,0.4,0.6,45,456,55660.0,59494.0,62254.0,67124.0,70881.0,75263.0,20952.0,23101.0,24802.0,27236.0,29156.0,31408.0,842.5,529.5,1266.72,973.61,1128.9,948.25,1074.5,850.5,1265.68,1017.6,1193.56,1080.37,1917.0,1380.0,2532.4,1991.21,2322.46,2028.61,1478.0,1592.0,1667.0,1801.0,1933.0,2015.0,31.92,18.75,33.5,34.32,20.5,27.8,0.0,5969,6240,6677,6685,1107.72,1107.92,1102.24,1705.83,1677.08,1772.21,17.26,42.4,1.26,20.31,311,1369,2409,877,333,47,1188,1702,2456,0.2,0.3,0.5,56.69,167.12,368.05,197.29,217.6,2274.01,60300.0,0.55,392.04,60300.0,33165.0,19.02,0.68,0.14,0.17,189.96,0.04,30.0,0.6,0.4,60000.0,36200.0,-172.82,5160.0,191.0,506.0,3983.0,6619.0,4943.0,4259.0,3981.0,10281.0,10479.0,206.12,411.54,617.66,20.31,197.29,54443,33,0.0006061385302059034219275205261,217.6,1291.91,1363.0,1.06,B,202607
28140,-395.0,-46.0,-844.0,422.0,-365.0,446.0,796.0,-71.0,515.0,78.0,0.54,0.57,0.6,0.65,0.66,19.0,12.0,14.0,34.0,3.0,0.36,0.38,0.37,0.42,0.43,0,0,0,0,0,65,6,0,71,-156,117,-69,0.41,0.41,0.42,,,,390,378,-41,0.59,0.59,0.58,0.2,0.3,0.5,,,,214.07,0.3,0.0,0,-142.5,0.7,0,0,41,1.0,41.0,0,0,110,0.74,0.05,0,0.26,0.2,0,0.56,0.4,0.6,0,0,25183.0,25234.0,25984.0,25069.0,26006.0,25719.0,6889.0,7335.0,8131.0,8060.0,8575.0,8653.0,-213.3,-26.22,-506.4,274.3,-240.9,-142.5,240.84,453.72,-42.6,334.75,51.48,207.64,27.54,427.5,-549.0,609.05,-189.42,65.13,338.0,357.0,369.0,383.0,417.0,420.0,6.84,4.56,5.18,14.28,1.29,6.43,0.0,2318,2162,2279,2210,933.59,930.64,930.76,,,,,,,,0,378,0,390,0,0,390,378,0,0.2,0.3,0.5,,,,,,,,0.55,0.0,,,0.0,0.63,0.22,0.13,0.0,0.04,30.0,0.6,0.4,,,,,64.0,203.0,2187.0,2763.0,1713.0,1719.0,1624.0,3592.0,2603.0,0.0,-0.0,0.0,,,21434,41,0.001912848744984603900345245871,,0.0,126.0,,C,202607
28185,6043.0,2532.0,-1160.0,2100.0,3056.0,4646.0,3181.0,-412.0,1220.0,1605.0,0.77,0.76,0.76,0.77,0.77,463.0,607.0,903.0,1275.0,326.0,0.17,0.15,0.14,0.14,0.15,160,0,0,0,0,3505,105,32,3642,-187,277,576,0.54,0.58,0.55,0.76,0.82,0.7,542,6035,1205,0.46,0.42,0.45,0.2,0.3,0.5,135,851,986,1676.14,0.3,0.56,282,1965.19,0.7,770,1052,92,1.0,92.0,55864,11251,110,0.74,0.05,1158,0.26,0.2,328,0.09,0.4,0.6,32,1518,130428.0,141117.0,146830.0,145258.0,148578.0,153239.0,30099.0,34745.0,37926.0,37514.0,38734.0,40339.0,4653.11,1924.32,-881.6,1617.0,2353.12,1933.19,3577.42,2417.56,-313.12,939.4,1235.85,1571.42,8230.53,4341.88,-1194.72,2556.4,3588.97,3504.61,5746.0,6209.0,6816.0,7719.0,8994.0,9320.0,78.71,91.05,126.42,178.5,48.9,104.72,32.0,18517,18330,18607,19183,1743.23,1758.44,1777.16,2292.08,2134.05,2544.29,-15.35,39.52,110.88,45.02,346,5999,1153,376,180,144,722,6179,1297,0.2,0.3,0.5,37.9,623.54,189.79,283.74,328.76,3970.09,86500.0,0.55,1157.5,86500.0,47575.0,327.63,0.91,0.03,0.06,135.53,0.04,30.0,0.6,0.4,87000.0,51900.0,-247.78,7440.0,272.0,774.0,7011.0,12745.0,9743.0,8986.0,9172.0,25730.0,44819.0,281.59,770.35,1051.94,45.02,283.74,133281,92,0.0006902709313405511663327856184,328.76,2898.36,2499.33,0.86,A,202607
28200,-1252.0,-1816.0,-2649.0,-3884.0,-2264.0,4969.0,5167.0,2627.0,2618.0,2113.0,0.59,0.59,0.59,0.59,0.6,144.0,130.0,326.0,337.0,278.0,0.13,0.14,0.14,0.15,0.14,0,122,270,0,0,664,34,78,776,-329,-119,-128,0.6,0.64,0.59,,,,0,8,8,0.4,0.36,0.41,0.2,0.3,0.5,,,,2102.93,0.3,0.0,0,-1326.2,0.7,0,0,3,1.0,3.0,0,0,110,0.74,0.05,0,0.26,0.2,0,0.44,0.4,0.6,0,0,203704.0,207421.0,210772.0,210750.0,209484.0,209333.0,54427.0,59396.0,64563.0,67190.0,69808.0,71921.0,-738.68,-1071.44,-1562.91,-2291.56,-1358.4,-1404.6,2931.71,3048.53,1549.93,1544.62,1267.8,2068.52,2193.03,1977.09,-12.98,-746.94,-90.6,663.92,4297.0,4441.0,4571.0,4897.0,5234.0,5512.0,18.72,18.2,45.64,50.55,38.92,34.41,78.4,18035,17706,17587,17459,1189.2,1190.99,1190.19,,,,,,,,0,0,0,19,19,11,19,19,11,0.2,0.3,0.5,,,,,,,,0.55,0.0,,,0.0,0.69,0.04,0.26,0.0,0.04,30.0,0.6,0.4,,,,,658.0,1875.0,17871.0,23466.0,14050.0,13033.0,12278.0,28542.0,27841.0,0.0,-0.0,0.0,,,181916,3,0.00001649112777325798720288484795,,0.0,0.0,,C,202607
28237,-3651.0,-1549.0,1380.0,582.0,1896.0,2684.0,4982.0,4016.0,2206.0,2806.0,0.53,0.54,0.55,0.57,0.57,432.0,337.0,458.0,672.0,695.0,0.12,0.13,0.14,0.16,0.16,185,0,104,40,0,1716,76,66,1858,33,856,645,0.53,0.55,0.55,0.58,0.58,0.58,105,466,4157,0.47,0.45,0.45,0.2,0.3,0.5,187,585,772,1911.39,0.3,0.42,241,-54.21,0.7,-16,225,103,1.0,103.0,32240,1172,110,0.74,0.05,501,0.26,0.2,26,0.49,0.4,0.6,62,589,194930.0,193963.0,197396.0,202792.0,205580.0,210282.0,50952.0,53636.0,58618.0,62634.0,64840.0,67646.0,-1935.03,-836.46,759.0,331.74,1080.72,-120.01,1422.52,2690.28,2208.8,1257.42,1599.42,1835.69,-512.51,1853.82,2967.8,1589.16,2680.14,1715.68,7048.0,7480.0,7817.0,8275.0,8947.0,9642.0,51.84,43.81,64.12,107.52,111.2,75.7,65.8,17221,17254,18110,18755,1359.82,1371.77,1378.89,2332.01,2376.88,2379.45,2.03,81.92,102.88,62.28,0,500,4174,157,52,86,157,552,4260,0.2,0.3,0.5,5.72,36.49,542.49,194.9,257.18,2114.36,80900.0,0.55,501.01,80900.0,44495.0,25.6,0.66,0.06,0.27,260.57,0.04,30.0,0.6,0.4,81000.0,48500.0,-231.55,6960.0,664.0,1701.0,16316.0,22553.0,14286.0,12953.0,12681.0,30107.0,28195.0,240.84,-15.94,224.9,62.28,194.9,173884,103,0.0005923489222700190931885624899,257.18,1071.23,1558.0,1.45,B,202607
28245,-1354.0,114.0,-849.0,-1863.0,-267.0,2128.0,3072.0,1800.0,735.0,1904.0,0.58,0.59,0.59,0.6,0.61,44.0,83.0,79.0,161.0,103.0,0.22,0.21,0.19,0.2,0.2,300,0,125,48,0,642,19,95,756,119,311,200,0.6,0.59,0.57,0.58,0.66,0.63,1604,4114,1594,0.4,0.41,0.43,0.2,0.3,0.5,81,624,705,1161.21,0.3,0.57,199,-405.33,0.7,-162,37,0,1.0,0.0,22022,8585,110,0.74,0.05,464,0.26,0.2,254,0.52,0.4,0.6,90,808,112858.0,113632.0,116818.0,117769.0,116641.0,118278.0,27494.0,29622.0,32694.0,34494.0,35229.0,37133.0,-785.32,67.26,-500.91,-1117.8,-162.87,-499.93,1234.24,1812.48,1062.0,441.0,1161.44,1142.23,448.92,1879.74,561.09,-676.8,998.57,642.3,1229.0,1273.0,1356.0,1435.0,1596.0,1699.0,9.68,17.43,15.01,32.2,20.6,18.98,94.6,10550,10669,10980,11180,1092.67,1097.52,1102.0,1893.88,1656.14,1738.95,8.28,36.33,35.91,26.84,1343,5529,179,261,0,1415,1604,5529,1594,0.2,0.3,0.5,74.43,333.97,215.91,208.1,234.94,990.82,59100.0,0.55,464.44,59100.0,32505.0,254.46,0.65,0.03,0.31,376.57,0.04,30.0,0.6,0.4,59000.0,35500.0,-169.48,5040.0,408.0,1155.0,10699.0,14584.0,8641.0,8302.0,7989.0,17401.0,14823.0,198.57,-161.73,36.84,26.84,208.1,109388,0,0,234.94,1081.06,2350.33,2.17,C,202607
28260,673.0,3614.0,9167.0,11709.0,3625.0,4518.0,5777.0,6337.0,7597.0,2902.0,0.58,0.59,0.6,0.63,0.64,230.0,47.0,418.0,591.0,409.0,0.15,0.16,0.15,0.17,0.17,0,320,765,0,0,6839,55,217,7111,1340,2885,-42,0.54,0.58,0.58,0.82,0.8,0.81,8447,8583,4489,0.46,0.42,0.42,0.2,0.3,0.5,510,2266,2776,3349.83,0.3,0.65,653,3760.89,0.7,1711,2364,979,1.0,979.0,87227,42062,110,0.74,0.05,2098,0.26,0.2,1422,0.43,0.4,0.6,363,3883,195663.0,200854.0,210245.0,225749.0,245055.0,251582.0,44281.0,48799.0,54576.0,60913.0,68510.0,71412.0,390.34,2132.26,5500.2,7376.67,2320.0,3543.89,2620.44,3408.43,3802.2,4786.11,1857.28,3294.89,3010.78,5540.69,9302.4,12162.78,4177.28,6838.79,4598.0,4828.0,4875.0,5293.0,5884.0,6293.0,34.5,7.52,62.7,100.47,69.53,54.94,217.0,20788,22128,25013,24971,1412.85,1418.4,1424.1,1719.28,1769.77,1764.3,118.67,401.59,-9.87,170.13,10067,7866,4316,249,1869,1152,10316,9735,5468,0.2,0.3,0.5,637.24,865.17,763.58,755.33,925.46,8036.19,60000.0,0.55,2097.81,60000.0,33000.0,1421.7,0.7,0.04,0.25,1499.82,0.04,30.0,0.6,0.4,60000.0,36000.0,-171.87,5160.0,718.0,1899.0,15969.0,24554.0,16571.0,15631.0,15768.0,39984.0,46234.0,653.22,1711.2,2364.42,170.13,755.33,223856,979,0.004373347151740404545779429633,925.46,7169.35,7416.33,1.03,B,202607
28177,-2407.0,1620.0,544.0,-369.0,1905.0,5075.0,4861.0,3285.0,1838.0,2193.0,0.38,0.4,0.41,0.43,0.45,133.0,316.0,838.0,575.0,493.0,0.14,0.15,0.15,0.16,0.17,320,306,181,0,110,1530,74,183,1787,359,315,821,0.54,0.55,0.61,0.62,0.62,0.61,2079,3836,5195,0.46,0.45,0.39,0.2,0.3,0.5,209,1058,1267,1472.9,0.3,0.52,230,314.39,0.7,114,344,676,1.0,676.0,29659,8189,110,0.74,0.05,571,0.26,0.2,221,0.95,0.4,0.6,181,973,166240.0,168908.0,175389.0,179218.0,180687.0,184785.0,51397.0,56472.0,61333.0,64618.0,66456.0,68649.0,-914.66,648.0,223.04,-158.67,857.25,130.99,1928.5,1944.4,1346.85,790.34,986.85,1399.39,1013.84,2592.4,1569.89,631.67,1844.1,1530.38,3930.0,4063.0,4379.0,5217.0,5792.0,6285.0,18.62,47.4,125.7,92.0,83.81,73.51,183.4,11956,12315,12630,13451,1114.67,1128.71,1141.44,1805.61,1806.67,1863.22,24.04,32.22,152.75,69.67,2726,3234,5661,165,812,210,2891,4046,5871,0.2,0.3,0.5,118.59,321.07,617.95,352.54,422.21,2209.5,63300.0,0.55,570.64,63300.0,34815.0,221.43,0.5,0.11,0.37,752.54,0.04,30.0,0.6,0.4,63000.0,38000.0,-181.42,5400.0,576.0,1470.0,14223.0,18486.0,11128.0,10041.0,9317.0,20556.0,17359.0,229.77,114.44,344.21,69.67,352.54,144148,676,0.004689624552543219468879207481,422.21,1739.1,3873.67,2.23,C,202607
28710,396.0,120.0,280.0,-7.0,66.0,383.0,669.0,363.0,127.0,324.0,0.07,0.07,0.07,0.07,0.08,-15.0,-2.0,39.0,35.0,16.0,0.03,0.03,0.03,0.04,0.03,0,0,0,0,0,39,1,0,40,176,296,162,0.73,0.73,0.67,0.61,0.57,0.57,-5,114,1346,0.27,0.27,0.33,0.2,0.3,0.5,84,132,216,27.28,0.3,0.68,6,12.1,0.7,6,12,0,1.0,0.0,379,10,110,0.74,0.05,10,0.26,0.2,0,10.57,0.4,0.6,25,35,27048.0,27827.0,28616.0,29259.0,29379.0,29769.0,7712.0,8095.0,8764.0,9127.0,9254.0,9578.0,27.72,8.4,19.6,-0.49,5.28,12.1,26.81,46.83,25.41,8.89,25.92,26.77,54.53,55.23,45.01,8.4,31.2,38.87,264.0,249.0,247.0,286.0,321.0,337.0,-0.45,-0.06,1.17,1.4,0.48,0.51,0.0,4616,4792,5088,5250,738.23,730.47,720.11,1209.01,1272.64,1272.64,15.67,36.95,30.93,27.85,0,130,1325,0,5,21,0,135,1346,0.2,0.3,0.5,-0.16,5.26,126.59,43.9,71.75,111.13,43300.0,0.55,9.54,43300.0,23815.0,0.35,0.08,0.72,0.18,104.56,0.04,30.0,0.6,0.4,43000.0,26000.0,-124.13,3720.0,41.0,82.0,882.0,1237.0,665.0,567.0,518.0,1069.0,760.0,5.57,5.76,11.33,27.85,43.9,9269,0,0,71.75,118.06,485.0,4.11,C,202607
28720,-90.0,-54.0,81.0,24.0,-71.0,-22.0,610.0,356.0,110.0,77.0,0.03,0.05,0.05,0.05,0.04,-2.0,-10.0,18.0,26.0,28.0,0.0,0.06,0.0,0.0,0.0,0,0,0,0,0,11,0,0,11,79,76,89,0.0,0.0,0.0,,,,0,0,0,1.0,1.0,1.0,0.2,0.3,0.5,,,,11.12,0.3,0.0,0,-0.6,0.7,0,0,0,1.0,0.0,0,0,110,0.74,0.05,0,0.26,0.2,0,12.88,0.4,0.6,0,0,8862.0,8750.0,9306.0,9743.0,9877.0,9883.0,3662.0,3640.0,4250.0,4606.0,4716.0,4793.0,-2.7,-2.7,4.05,1.2,-2.84,-0.6,-0.66,30.5,17.8,5.5,3.08,11.24,-3.36,27.8,21.85,6.7,0.24,10.65,112.0,110.0,100.0,118.0,144.0,172.0,-0.0,-0.6,0.0,0.0,0.0,-0.12,0.0,1548,1627,1703,1792,0.0,0.0,0.0,,,,,,,,0,0,0,0,0,0,0,0,0,0.2,0.3,0.5,,,,,,,,0.55,0.0,,,0.0,0.07,0.73,0.17,0.0,0.04,30.0,0.6,0.4,,,,,,,96.0,211.0,152.0,94.0,72.0,142.0,105.0,0.0,-0.0,0.0,,,1994,0,0,,0.0,0.0,,C,202607
29000,474.0,-1961.0,-1520.0,-3156.0,-2291.0,11584.0,18437.0,9079.0,7506.0,3240.0,0.67,0.67,0.67,0.68,0.69,203.0,751.0,1050.0,837.0,743.0,0.13,0.14,0.14,0.15,0.14,172,0,1178,2020,0,5559,102,674,6335,175,1169,823,0.59,0.6,0.58,0.52,0.53,0.53,9014,11883,1848,0.41,0.4,0.42,0.2,0.3,0.5,249,1346,1595,6808.96,0.3,0.6,1226,-474.31,0.7,-199,1027,1404,1.0,1404.0,102671,27415,110,0.74,0.05,2279,0.26,0.2,855,0.22,0.4,0.6,165,3299,587159.0,599217.0,615693.0,623252.0,627602.0,628551.0,182364.0,193948.0,212385.0,221464.0,228970.0,232210.0,317.58,-1313.87,-1018.4,-2146.08,-1580.79,-1148.31,7761.28,12352.79,6082.93,5104.08,2235.6,6707.34,8078.86,11038.92,5064.53,2958.0,654.81,5559.02,8501.0,8704.0,9455.0,10505.0,11342.0,12085.0,26.39,105.14,147.0,125.55,104.02,101.62,674.0,59222,59397,60566,61389,954.88,952.3,949.33,1849.18,1807.03,1807.03,10.74,111.52,126.5,82.92,9319,12529,2010,291,596,1242,9610,13125,3252,0.2,0.3,0.5,384.36,755.76,205.68,448.6,531.52,6866.16,61400.0,0.55,2279.3,61400.0,33770.0,855.35,0.81,0.14,0.04,688.89,0.04,30.0,0.6,0.4,61000.0,36900.0,-176.17,5280.0,1412.0,4374.0,38691.0,59343.0,38220.0,33764.0,32752.0,79608.0,90592.0,1225.61,-199.21,1026.4,82.92,448.6,485065,1404,0.002894457443847731747291600095,531.52,4857.9,7952.67,1.64,C,202607
29110,1059.0,541.0,577.0,199.0,-157.0,1375.0,1666.0,1073.0,1283.0,237.0,0.48,0.5,0.52,0.53,0.54,40.0,85.0,-26.0,53.0,89.0,0.03,0.03,0.04,0.03,0.04,0,0,0,0,0,792,2,0,794,10,410,117,0.32,0.38,0.42,0.69,0.65,0.65,726,5,431,0.68,0.62,0.58,0.2,0.3,0.5,47,150,197,573.36,0.3,0.67,115,219.91,0.7,103,218,0,1.0,0.0,12691,5394,110,0.74,0.05,315,0.26,0.2,188,0.48,0.4,0.6,58,561,44954.0,47388.0,49595.0,51245.0,52727.0,52807.0,17594.0,18969.0,20635.0,21708.0,22991.0,23228.0,508.32,270.5,300.04,105.47,-84.78,219.91,660.0,833.0,557.96,679.99,127.98,571.79,1168.32,1103.5,858.0,785.46,43.2,791.7,710.0,750.0,835.0,809.0,862.0,951.0,1.2,2.55,-1.04,1.59,3.56,1.57,0.0,4980,4990,5400,5517,1066.06,1059.3,1053.03,1542.86,1624.06,1624.06,0.44,30.38,15.97,15.6,815,0,293,54,143,138,869,143,431,0.2,0.3,0.5,68.13,0.6,81.24,49.99,65.59,858.86,55200.0,0.55,314.61,55200.0,30360.0,187.93,0.66,0.24,0.08,241.85,0.04,30.0,0.6,0.4,55000.0,33100.0,-158.02,4800.0,88.0,290.0,2599.0,3879.0,2643.0,2383.0,2167.0,5442.0,6618.0,115.25,103.14,218.39,15.6,49.99,34174,0,0,65.59,844.56,369.33,0.44,S,202607
29140,-596.0,-1338.0,-877.0,-1068.0,-1192.0,1911.0,3893.0,2036.0,1944.0,-425.0,0.67,0.66,0.67,0.67,0.68,-7.0,67.0,135.0,149.0,137.0,0.17,0.14,0.12,0.12,0.11,0,0,0,0,0,566,11,0,577,62,220,-30,0.55,0.57,0.54,0.51,0.48,0.46,2781,3088,0,0.45,0.43,0.46,0.2,0.3,0.5,18,319,337,1256.94,0.3,0.52,196,-679.22,0.7,-247,-51,247,1.0,247.0,13243,1739,110,0.74,0.05,255,0.26,0.2,47,0.19,0.4,0.6,14,316,122889.0,124204.0,126759.0,127918.0,128794.0,127177.0,39819.0,41730.0,45623.0,47659.0,49603.0,49178.0,-399.32,-883.08,-587.59,-715.56,-810.56,-679.22,1280.37,2569.38,1364.12,1302.48,-289.0,1245.47,881.05,1686.3,776.53,586.92,-1099.56,566.25,724.0,717.0,784.0,919.0,1068.0,1205.0,-1.19,9.38,16.2,17.88,15.07,11.47,0.0,13346,13408,13628,13598,1005.35,999.51,994.46,1965.55,2063.83,2167.02,3.48,18.06,-3.73,5.94,2805,3310,0,1,25,247,2806,3335,247,0.2,0.3,0.5,127.65,191.21,0.0,106.29,112.23,689.95,73700.0,0.55,254.8,73700.0,40535.0,47.02,0.84,0.13,0.03,56.19,0.04,30.0,0.6,0.4,74000.0,44200.0,-211.02,6360.0,308.0,866.0,7704.0,11538.0,7329.0,6388.0,6215.0,15088.0,19650.0,196.08,-247.24,-51.16,5.94,106.29,95449,247,0.002587769384697587193160745529,112.23,376.38,2038.33,5.42,C,202607
29155,-422.0,156.0,-330.0,-403.0,-687.0,1348.0,2750.0,1265.0,99.0,282.0,0.65,0.67,0.67,0.68,0.69,25.0,32.0,21.0,60.0,77.0,0.18,0.18,0.2,0.19,0.15,0,0,1178,0,0,538,7,236,781,-11,207,51,0.55,0.56,0.53,0.52,0.49,0.49,907,1674,1032,0.45,0.44,0.47,0.2,0.3,0.5,23,270,293,773.11,0.3,0.52,121,7.81,0.7,3,124,316,1.0,316.0,10547,1285,110,0.74,0.05,203,0.26,0.2,35,0.28,0.4,0.6,16,254,86172.0,87098.0,90004.0,90939.0,90635.0,90230.0,24558.0,25906.0,28656.0,29921.0,30020.0,30302.0,-274.3,104.52,-221.1,-274.04,-474.03,-227.79,876.2,1842.5,847.55,67.32,194.58,765.63,601.9,1947.02,626.45,-206.72,-279.45,537.84,401.0,426.0,458.0,479.0,539.0,616.0,4.5,5.76,4.2,11.4,11.55,7.48,235.6,9958,9947,10154,10205,1034.26,1031.05,1028.72,1990.73,2091.14,2091.14,-0.63,17.04,6.62,7.68,1107,1575,1247,0,200,101,1107,1775,1348,0.2,0.3,0.5,42.45,108.27,118.83,89.85,97.53,878.45,71100.0,0.55,202.92,71100.0,39105.0,34.75,0.78,0.18,0.03,65.64,0.04,30.0,0.6,0.4,71000.0,42700.0,-203.86,6120.0,169.0,639.0,5969.0,8712.0,5407.0,4807.0,4609.0,10645.0,13828.0,120.61,2.84,123.45,7.68,89.85,69913,316,0.004519903308397579849241199777,97.53,474.4,1309.67,2.76,C,202607
29170,-423.0,-1183.0,-578.0,-1069.0,774.0,2831.0,5999.0,3002.0,3130.0,1867.0,0.67,0.67,0.68,0.68,0.69,-23.0,134.0,171.0,138.0,67.0,0.16,0.16,0.14,0.14,0.15,172,0,0,2020,0,1942,14,438,2394,88,281,618,0.58,0.62,0.62,0.5,0.48,0.46,3398,5734,-19,0.42,0.38,0.38,0.2,0.3,0.5,118,455,573,2289.03,0.3,0.55,378,106.02,0.7,41,419,527,1.0,527.0,26034,3644,110,0.74,0.05,530,0.26,0.2,104,0.21,0.4,0.6,32,666,178759.0,181167.0,185983.0,188407.0,190468.0,193109.0,57015.0,59846.0,65845.0,68847.0,71977.0,73844.0,-283.41,-792.61,-393.04,-726.92,534.06,-332.38,1896.77,4019.33,2041.36,2128.4,1288.23,2274.82,1613.36,3226.72,1648.32,1401.48,1822.29,1942.43,1771.0,1748.0,1882.0,2053.0,2191.0,2258.0,-3.68,21.44,23.94,19.32,10.05,14.21,438.4,16007,16095,16376,16994,858.89,859.7,857.78,1703.36,1788.52,1877.95,5.1,25.09,88.13,39.44,3498,6098,0,44,144,508,3542,6242,508,0.2,0.3,0.5,142.72,313.76,-1.66,151.61,191.05,2586.09,63900.0,0.55,529.79,63900.0,35145.0,104.22,0.82,0.14,0.03,130.27,0.04,30.0,0.6,0.4,64000.0,38300.0,-182.85,5520.0,480.0,1329.0,13124.0,19315.0,12056.0,10376.0,10107.0,23823.0,24047.0,377.69,40.82,418.51,39.44,151.61,150155,527,0.003509706636475641836768672372,191.05,1274.84,3198.67,2.51,C,202607
29200,856.0,-137.0,-312.0,-815.0,-1029.0,4119.0,4129.0,1703.0,1050.0,1279.0,0.73,0.73,0.73,0.73,0.73,168.0,433.0,749.0,437.0,373.0,0.13,0.15,0.16,0.17,0.16,0,0,0,0,0,1583,68,0,1651,26,51,67,0.7,0.68,0.63,0.64,0.64,0.64,1202,1382,404,0.3,0.32,0.37,0.2,0.3,0.5,22,179,201,1861.0,0.3,0.72,402,-209.8,0.7,-106,296,314,1.0,314.0,42785,21187,110,0.74,0.05,1140,0.26,0.2,793,0.17,0.4,0.6,79,2012,154385.0,159360.0,163352.0,164743.0,164978.0,165228.0,43378.0,47497.0,51626.0,53329.0,54379.0,55658.0,624.88,-100.01,-227.76,-594.95,-751.17,-209.8,3006.87,3014.17,1243.19,766.5,933.67,1792.88,3631.75,2914.16,1015.43,171.55,182.5,1583.08,4895.0,5063.0,5496.0,6245.0,6682.0,7055.0,21.84,64.95,119.84,74.29,59.68,68.12,0.0,14931,14957,15008,15075,948.57,946.21,944.19,1472.84,1472.84,1472.84,2.33,6.66,13.51,7.5,1094,1546,470,192,84,248,1286,1630,718,0.2,0.3,0.5,46.16,84.91,47.83,59.63,67.13,1718.33,50100.0,0.55,1139.79,50100.0,27555.0,793.24,0.85,0.11,0.03,333.55,0.04,30.0,0.6,0.4,50000.0,30000.0,-143.22,4320.0,367.0,1250.0,9295.0,15899.0,10785.0,9810.0,9654.0,24610.0,26449.0,401.98,-105.74,296.24,7.5,59.63,135374,314,0.002319500051708599878854137427,67.13,2376.45,1036.67,0.44,S,202607
30000,-1512.0,-3213.0,-1685.0,-593.0,-200.0,23677.0,12090.0,8074.0,8928.0,4222.0,0.55,0.55,0.56,0.57,0.57,514.0,620.0,1263.0,1226.0,1121.0,0.13,0.12,0.11,0.1,0.09,570,500,260,0,0,5539,101,266,5906,441,899,72,0.56,0.59,0.59,0.57,0.61,0.58,6804,15083,4792,0.44,0.41,0.41,0.2,0.3,0.5,138,2043,2181,6438.49,0.3,0.57,1101,-532.87,0.7,-213,888,1677,1.0,1677.0,106087,18824,110,0.74,0.05,2237,0.26,0.2,558,0.32,0.4,0.6,215,3010,609043.0,631208.0,640085.0,646474.0,654809.0,658831.0,205165.0,228842.0,240932.0,249006.0,257934.0,262156.0,-831.6,-1767.15,-943.6,-338.01,-114.0,-798.87,13022.35,6649.5,4521.44,5088.96,2406.54,6337.76,12190.75,4882.35,3577.84,4750.95,2292.54,5538.89,6838.0,7352.0,7972.0,9235.0,10461.0,11582.0,66.82,74.4,138.93,122.6,100.89,100.73,266.0,64437,64878,65777,65849,1171.5,1176.63,1184.09,2073.01,1943.11,2027.34,28.15,97.07,12.32,45.85,4459,16508,4150,3239,894,2319,7698,17402,6469,0.2,0.3,0.5,341.29,1131.68,569.77,680.91,726.76,6632.38,68900.0,0.55,2237.37,68900.0,37895.0,557.94,0.75,0.15,0.09,890.64,0.04,30.0,0.6,0.4,69000.0,41400.0,-197.65,5880.0,1102.0,3461.0,33973.0,51910.0,33652.0,30575.0,30331.0,75802.0,95445.0,1100.98,-212.62,888.36,45.85,680.91,443919,1677,0.003777716204983341555554053780,726.76,4624.18,8372.33,1.81,C,202607
30110,-1236.0,305.0,-772.0,-591.0,-7.0,3186.0,2048.0,748.0,2211.0,153.0,0.46,0.47,0.48,0.48,0.5,95.0,138.0,457.0,528.0,286.0,0.07,0.06,0.06,0.05,0.04,0,0,200,0,0,568,16,40,624,-80,247,64,0.57,0.59,0.54,0.54,0.54,0.57,1070,610,2615,0.43,0.41,0.46,0.2,0.3,0.5,29,433,462,801.03,0.3,0.63,151,-176.59,0.7,-78,73,275,1.0,275.0,17676,2008,110,0.74,0.05,412,0.26,0.2,66,0.51,0.4,0.6,59,537,100718.0,102668.0,105021.0,104997.0,106617.0,106763.0,38477.0,41663.0,43711.0,44459.0,46670.0,46823.0,-568.56,143.35,-370.56,-283.68,-3.5,-216.59,1465.56,962.56,359.04,1061.28,76.5,784.99,897.0,1105.91,-11.52,777.6,73.0,568.4,1780.0,1875.0,2013.0,2470.0,2998.0,3284.0,6.65,8.28,27.42,26.4,11.44,16.04,40.0,8299,8219,8466,8530,896.69,898.65,903.53,1664.12,1664.12,1589.39,-4.92,23.61,9.85,9.51,582,1213,2244,531,43,646,1113,1256,2890,0.2,0.3,0.5,49.69,40.52,342.83,144.35,153.86,778.3,54000.0,0.55,412.03,54000.0,29700.0,65.78,0.65,0.22,0.11,245.9,0.04,30.0,0.6,0.4,54000.0,32400.0,-154.68,4680.0,193.0,614.0,6367.0,8265.0,4955.0,4820.0,4746.0,10517.0,8713.0,151.39,-77.88,73.51,9.51,144.35,65897,275,0.004173179355661107485925004173,153.86,764.2,1346.33,1.76,C,202607
30140,-1036.0,-1254.0,-1060.0,-952.0,372.0,2617.0,1836.0,1841.0,572.0,739.0,0.51,0.51,0.52,0.52,0.54,10.0,27.0,58.0,65.0,-16.0,0.17,0.16,0.17,0.17,0.18,0,500,0,0,0,382,5,100,487,-215,-89,86,0.55,0.49,0.55,0.59,0.57,0.57,-31,3834,830,0.45,0.51,0.45,0.2,0.3,0.5,-8,439,431,789.78,0.3,0.58,137,-302.65,0.7,-123,14,936,0.6,561.6,16327,2696,110,0.74,0.05,350,0.26,0.2,81,0.52,0.4,0.6,54,485,96106.0,97687.0,98269.0,99050.0,98670.0,99781.0,29526.0,32143.0,33979.0,35820.0,36392.0,37131.0,-528.36,-639.54,-551.2,-495.04,200.88,-402.65,1334.67,936.36,957.32,297.44,399.06,784.97,806.31,296.82,406.12,-197.6,599.94,382.32,568.0,578.0,605.0,663.0,728.0,712.0,1.7,4.32,9.86,11.05,-2.88,4.81,100.0,9974,9759,9670,9756,1006.25,1007.72,1010.78,1705.3,1758.32,1781.89,-13.95,-7.46,13.48,-2.64,0,3815,1607,147,178,159,147,3993,1766,0.2,0.3,0.5,-1.65,334.36,106.45,146.39,143.75,630.88,60600.0,0.55,350.38,60600.0,33330.0,81.31,0.65,0.21,0.13,226.35,0.04,30.0,0.6,0.4,61000.0,36400.0,-173.78,5160.0,206.0,584.0,6583.0,8954.0,5567.0,4988.0,4853.0,11190.0,11771.0,137.42,-122.88,14.54,-2.64,146.39,68280,936,0.01370826010544815465729349736,86.25,586.8,1807.33,3.08,C,202607
30170,-344.0,-1494.0,-879.0,-1355.0,-1807.0,6770.0,5336.0,3359.0,2257.0,1070.0,0.58,0.57,0.58,0.58,0.58,180.0,125.0,420.0,284.0,426.0,0.14,0.12,0.1,0.09,0.08,0,0,60,0,0,1490,28,12,1530,305,354,-198,0.59,0.6,0.59,0.66,0.66,0.64,4500,2375,835,0.41,0.4,0.41,0.2,0.3,0.5,28,541,569,2197.57,0.3,0.59,389,-666.98,0.7,-275,114,308,1.0,308.0,46192,6114,110,0.74,0.05,1008,0.26,0.2,188,0.23,0.4,0.6,66,1262,196870.0,203296.0,207138.0,209618.0,210520.0,209783.0,64932.0,71702.0,77038.0,80397.0,82654.0,83724.0,-199.52,-851.58,-509.82,-785.9,-1048.06,-678.98,3926.6,3041.52,1948.22,1309.06,620.6,2169.2,3727.08,2189.94,1438.4,523.16,-427.46,1490.22,1301.0,1481.0,1606.0,2026.0,2310.0,2736.0,25.2,15.0,42.0,25.56,34.08,28.37,12.0,21018,21323,21677,21479,1263.53,1274.94,1293.98,1917.91,1917.91,2013.81,23.75,42.06,-37.38,9.48,3452,2979,0,1587,539,1143,5039,3518,1143,0.2,0.3,0.5,243.54,188.1,109.55,180.4,189.88,1720.47,68500.0,0.55,1008.37,68500.0,37675.0,187.58,0.81,0.13,0.06,276.1,0.04,30.0,0.6,0.4,68000.0,41100.0,-196.22,5880.0,355.0,1043.0,10004.0,16294.0,10595.0,9483.0,9443.0,24464.0,31489.0,388.97,-275.46,113.51,9.48,180.4,136095,308,0.002263125022961901612843969286,189.88,1565.6,2143.67,1.37,B,202607
30200,1291.0,-594.0,1089.0,3130.0,1387.0,9637.0,915.0,901.0,3010.0,1767.0,0.62,0.62,0.64,0.64,0.65,169.0,274.0,243.0,216.0,269.0,0.15,0.14,0.13,0.12,0.11,0,0,0,0,0,2846,30,0,2876,385,199,-63,0.53,0.59,0.61,0.63,0.62,0.32,1338,7272,450,0.47,0.41,0.39,0.2,0.3,0.5,41,662,703,2068.93,0.3,0.37,230,806.77,0.7,209,439,157,1.0,157.0,3406,0,110,0.74,0.05,47,0.26,0.2,0,0.15,0.4,0.6,2,49,143172.0,154100.0,154421.0,156411.0,162551.0,165705.0,49575.0,59212.0,60127.0,61028.0,64038.0,65805.0,800.42,-368.28,696.96,2003.2,901.55,806.77,5974.94,567.3,576.64,1926.4,1148.55,2038.77,6775.36,199.02,1273.6,3929.6,2050.1,2845.54,2449.0,2618.0,2892.0,3135.0,3351.0,3620.0,25.35,38.36,31.59,25.92,29.59,30.16,0.0,18161,18546,18745,18682,1400.08,1404.81,1405.66,2207.96,2252.05,4432.24,25.71,21.84,-6.15,13.8,425,7519,299,974,61,308,1399,7580,607,0.2,0.3,0.5,79.24,554.56,28.08,220.63,234.43,3110.13,150700.0,0.55,46.63,150700.0,82885.0,0.0,0.86,0.09,0.04,7.13,0.04,30.0,0.6,0.4,151000.0,90400.0,-431.58,12960.0,186.0,690.0,5633.0,11260.0,8338.0,7283.0,7266.0,20500.0,35316.0,229.65,208.95,438.6,13.8,220.63,118419,157,0.001325800758324255398204679992,234.43,721.37,2747.67,3.81,C,202607
30230,-187.0,-176.0,-63.0,-825.0,-145.0,1467.0,1955.0,1225.0,878.0,493.0,0.52,0.52,0.53,0.53,0.55,60.0,56.0,85.0,133.0,156.0,0.13,0.12,0.13,0.12,0.12,570,0,0,0,0,485,12,114,611,46,188,183,0.59,0.64,0.61,0.58,0.55,0.53,-73,992,62,0.41,0.36,0.39,0.2,0.3,0.5,53,62,115,645.09,0.3,0.62,120,-33.83,0.7,-15,105,1,1.0,1.0,11296,1024,110,0.74,0.05,259,0.26,0.2,33,0.49,0.4,0.6,34,326,72177.0,73457.0,75236.0,76398.0,76451.0,76799.0,22655.0,24122.0,26077.0,27302.0,28180.0,28673.0,-97.24,-91.52,-33.39,-437.25,-79.75,-147.83,762.84,1016.6,649.25,465.34,271.15,633.04,665.6,925.08,615.86,28.09,191.4,485.21,740.0,800.0,856.0,941.0,1074.0,1230.0,7.8,6.72,11.05,15.96,18.72,12.05,114.0,6985,7031,7219,7402,839.52,839.1,842.15,1449.17,1521.62,1597.71,3.15,19.85,29.58,17.53,0,982,0,0,73,63,0,1055,63,0.2,0.3,0.5,-3.47,58.92,6.41,20.62,38.15,649.41,54300.0,0.55,259.13,54300.0,29865.0,33.01,0.66,0.16,0.16,143.96,0.04,30.0,0.6,0.4,54000.0,32600.0,-155.64,4680.0,162.0,530.0,5386.0,7137.0,4197.0,4001.0,4023.0,9131.0,8156.0,119.99,-14.68,105.31,17.53,20.62,55228,1,0.00001810675744187730861157383936,38.15,470.15,327.33,0.7,A,202607
31000,160.0,-2868.0,-1469.0,-368.0,-485.0,6833.0,10213.0,4035.0,4499.0,4698.0,0.61,0.6,0.61,0.61,0.62,270.0,-61.0,-126.0,953.0,1889.0,0.14,0.14,0.16,0.17,0.17,295,721,147,0,0,3074,98,233,3405,-1321,763,840,0.62,0.63,0.62,0.57,0.57,0.52,3855,7665,9149,0.38,0.37,0.38,0.2,0.3,0.5,124,1556,1680,3781.34,0.3,0.6,681,-376.29,0.7,-158,523,1987,0.8,1589.6000000000001,72163,30005,110,0.74,0.05,1602,0.26,0.2,936,0.33,0.4,0.6,201,2739,437094.0,444087.0,451432.0,453998.0,458129.0,462342.0,116015.0,122848.0,133061.0,137096.0,141595.0,146293.0,97.6,-1720.8,-896.09,-224.48,-300.7,-608.89,4168.13,6127.8,2461.35,2744.39,2912.76,3682.89,4265.73,4407.0,1565.26,2519.91,2612.06,3073.99,8403.0,8673.0,8612.0,8486.0,9439.0,11328.0,37.8,-8.54,-20.16,162.01,321.13,98.45,232.6,56391,55070,55833,56673,1036.75,1053.36,1070.43,1831.29,1861.06,2055.38,-93.37,82.2,135.41,41.41,3226,8855,7005,3570,2941,4131,6796,11796,11136,0.2,0.3,0.5,167.0,484.96,903.92,518.63,560.04,3965.08,69900.0,0.55,1602.02,69900.0,38445.0,936.16,0.74,0.16,0.08,835.73,0.04,30.0,0.6,0.4,70000.0,41900.0,-200.04,6000.0,775.0,2253.0,20848.0,36632.0,25646.0,23444.0,23211.0,59561.0,83647.0,680.64,-158.04,522.6,41.41,518.63,340739,1987,0.005831442834544915609894963594,448.03,3709.39,6362.0,1.72,C,202607
31110,-1255.0,-1122.0,-1080.0,-127.0,76.0,987.0,1958.0,777.0,536.0,1168.0,0.5,0.5,0.51,0.52,0.53,-39.0,-35.0,-74.0,27.0,53.0,0.12,0.11,0.12,0.12,0.12,295,171,95,0,0,200,-2,112,310,-400,26,41,0.54,0.56,0.57,0.64,0.65,0.53,368,3140,2969,0.46,0.44,0.43,0.2,0.3,0.5,-19,629,610,551.75,0.3,0.55,91,-240.81,0.7,-93,-2,395,0.8,316.0,12658,5653,110,0.74,0.05,258,0.26,0.2,162,0.49,0.4,0.6,49,469,86756.0,86488.0,87324.0,87021.0,87430.0,88674.0,23375.0,24362.0,26320.0,27097.0,27633.0,28801.0,-627.5,-561.0,-550.8,-66.04,40.28,-353.01,493.5,979.0,396.27,278.72,619.04,553.31,-134.0,418.0,-154.53,212.68,659.32,200.29,1041.0,1002.0,967.0,893.0,920.0,973.0,-4.68,-3.85,-8.88,3.24,6.36,-1.56,112.2,9460,9060,9086,9127,1142.96,1164.16,1187.58,1780.57,1802.07,2232.63,-27.65,2.84,6.19,-6.21,432,4187,2251,2,66,1113,434,4253,3364,0.2,0.3,0.5,21.67,269.41,338.32,209.8,203.59,514.52,75900.0,0.55,257.59,75900.0,41745.0,161.68,0.66,0.2,0.12,207.54,0.04,30.0,0.6,0.4,76000.0,45500.0,-217.22,6480.0,136.0,404.0,4121.0,6403.0,4363.0,3869.0,3836.0,9686.0,14460.0,91.04,-92.71,-1.67,-6.21,209.8,58271,395,0.006778672066722726570678382043,162.87,630.28,2290.0,3.63,C,202607
31140,16.0,-1242.0,-624.0,-495.0,-849.0,1874.0,2767.0,1041.0,1529.0,1181.0,0.6,0.6,0.6,0.61,0.61,36.0,-15.0,-191.0,93.0,34.0,0.09,0.1,0.11,0.11,0.12,0,550,52,0,0,626,-1,120,745,-334,66,64,0.62,0.63,0.6,0.61,0.58,0.57,1468,3010,3644,0.38,0.37,0.4,0.2,0.3,0.5,-7,677,670,1011.47,0.3,0.54,164,-265.57,0.7,-100,64,443,1.0,443.0,23822,6842,110,0.74,0.05,476,0.26,0.2,192,0.28,0.4,0.6,45,713,128579.0,130469.0,131994.0,132411.0,133445.0,133777.0,38328.0,40202.0,42969.0,44010.0,45539.0,46720.0,9.6,-745.2,-374.4,-301.95,-517.89,-385.97,1124.4,1660.2,624.6,932.69,720.41,1012.46,1134.0,915.0,250.2,630.74,202.52,626.49,2340.0,2376.0,2361.0,2170.0,2263.0,2297.0,3.24,-1.5,-21.01,10.23,4.08,-0.99,120.4,16633,16299,16365,16429,1301.83,1327.6,1354.33,2133.05,2304.48,2361.1,-25.26,7.23,10.94,-2.36,595,4193,2458,1319,446,1629,1914,4639,4087,0.2,0.3,0.5,68.06,193.78,415.42,225.75,223.39,969.29,80300.0,0.55,475.96,80300.0,44165.0,192.12,0.77,0.12,0.09,184.22,0.04,30.0,0.6,0.4,80000.0,48200.0,-230.11,6960.0,207.0,615.0,5761.0,10286.0,7257.0,6261.0,6247.0,16043.0,26065.0,163.86,-100.39,63.47,-2.36,225.75,97679,443,0.004535263465023188198077375895,223.39,999.15,2415.33,2.42,C,202607
31170,-382.0,-572.0,-495.0,259.0,-238.0,779.0,1643.0,128.0,1074.0,841.0,0.6,0.6,0.6,0.62,0.63,186.0,42.0,110.0,512.0,1372.0,0.19,0.18,0.21,0.22,0.18,0,0,0,0,0,373,85,0,458,-196,79,610,0.7,0.71,0.72,,,,-62,0,0,0.3,0.29,0.28,0.2,0.3,0.5,,,,630.26,0.3,0.0,0,-171.75,0.7,0,0,64,1.0,64.0,0,0,110,0.74,0.05,0,0.26,0.2,0,0.31,0.4,0.6,0,0,60684.0,61081.0,62152.0,61785.0,63118.0,63721.0,16078.0,16857.0,18500.0,18628.0,19702.0,20543.0,-229.2,-343.2,-297.0,160.58,-149.94,-171.75,467.4,985.8,76.8,665.88,529.83,545.14,238.2,642.6,-220.2,826.46,379.89,373.39,1195.0,1381.0,1423.0,1533.0,2045.0,3417.0,35.34,7.56,23.1,112.64,246.96,85.12,0.0,7510,7314,7393,8003,787.04,791.39,795.19,,,,,,,,0,0,0,2,64,64,2,64,64,0.2,0.3,0.5,,,,,,,,0.55,0.0,,,0.0,0.75,0.14,0.09,0.0,0.04,30.0,0.6,0.4,,,,,110.0,318.0,3234.0,5741.0,3850.0,3792.0,3536.0,8739.0,10624.0,0.0,-0.0,0.0,,,48337,64,0.001324037486811345346215114715,,0.0,0.0,,C,202607
31200,1335.0,98.0,495.0,-136.0,329.0,1197.0,1726.0,1279.0,1010.0,318.0,0.78,0.77,0.78,0.77,0.78,-5.0,-31.0,7.0,48.0,85.0,0.31,0.32,0.33,0.35,0.34,0,0,0,0,0,1188,7,0,1195,-515,146,71,0.62,0.6,0.63,,,,30,195,-19,0.38,0.4,0.37,0.2,0.3,0.5,,,,864.52,0.3,0.0,0,330.95,0.7,0,0,192,1.0,192.0,0,0,110,0.74,0.05,0,0.26,0.2,0,0.14,0.4,0.6,0,0,76681.0,79213.0,81037.0,82811.0,83685.0,84332.0,15728.0,16925.0,18651.0,19930.0,20940.0,21258.0,1041.3,75.46,386.1,-104.72,256.62,330.95,933.66,1329.02,997.62,777.7,248.04,857.21,1974.96,1404.48,1383.72,672.98,504.66,1188.16,828.0,823.0,792.0,799.0,847.0,932.0,-1.55,-9.92,2.31,16.8,28.9,7.31,0.0,10215,9700,9846,9917,905.21,917.05,926.49,,,,,,,,352,0,0,46,368,173,398,368,173,0.2,0.3,0.5,,,,,,,,0.55,0.0,,,0.0,0.87,0.09,0.03,0.0,0.04,30.0,0.6,0.4,,,,,177.0,457.0,3613.0,7112.0,5374.0,5139.0,5225.0,14476.0,20036.0,0.0,0.0,0.0,,,72525,192,0.002647362978283350568769389866,,0.0,117.33,,C,202607
31710,446.0,-30.0,235.0,131.0,197.0,1996.0,2119.0,810.0,350.0,1190.0,0.57,0.56,0.56,0.56,0.57,92.0,-22.0,22.0,273.0,345.0,0.11,0.13,0.13,0.14,0.15,0,0,0,0,0,841,20,0,861,124,446,54,0.64,0.66,0.65,0.57,0.6,0.59,2051,1320,2555,0.36,0.34,0.35,0.2,0.3,0.5,72,429,501,750.47,0.3,0.73,164,110.93,0.7,57,221,893,0.6,535.8,18014,12197,110,0.74,0.05,487,0.26,0.2,463,0.51,0.4,0.6,116,1066,84394.0,86836.0,88925.0,89970.0,90451.0,91838.0,22506.0,24502.0,26621.0,27431.0,27781.0,28971.0,254.22,-16.8,131.6,73.36,112.29,110.93,1137.72,1186.64,453.6,196.0,678.3,730.45,1391.94,1169.84,585.2,269.36,790.59,841.39,2999.0,3091.0,3069.0,3091.0,3364.0,3709.0,10.12,-2.86,2.86,38.22,51.75,20.02,0.0,12573,12697,13143,13197,848.85,860.54,873.67,1491.86,1437.14,1486.25,9.05,52.98,10.35,24.13,1847,475,2296,2201,1997,1152,4048,2472,3448,0.2,0.3,0.5,84.17,80.78,263.8,142.92,167.05,1028.46,50500.0,0.55,486.56,50500.0,27775.0,463.0,0.65,0.26,0.07,484.49,0.04,30.0,0.6,0.4,51000.0,30300.0,-144.66,4320.0,145.0,459.0,4119.0,7090.0,4802.0,4383.0,4367.0,10617.0,12462.0,164.35,56.69,221.04,24.13,142.92,63927,893,0.01396905845730286107591471522,100.23,1387.11,1539.33,1.11,B,202607
36110,4943.0,4060.0,3869.0,1331.0,1773.0,4499.0,2129.0,4855.0,1094.0,684.0,0.75,0.77,0.77,0.78,0.79,-6.0,49.0,217.0,33.0,87.0,0.29,0.28,0.27,0.25,0.26,0,0,0,0,0,4479,20,0,4499,1401,370,141,0.66,0.72,0.7,0.92,0.94,0.97,35,874,1784,0.34,0.28,0.3,0.2,0.3,0.5,293,331,624,2049.41,0.3,0.72,443,2450.29,0.7,1235,1678,42,1.0,42.0,87085,10373,110,0.74,0.05,2320,0.26,0.2,388,0.15,0.4,0.6,97,2805,129664.0,139106.0,145295.0,154019.0,156444.0,158901.0,39078.0,43577.0,45706.0,50561.0,51655.0,52339.0,3707.25,3126.2,2979.13,1038.18,1400.67,2450.29,3374.25,1639.33,3738.35,853.32,540.36,2029.12,7081.5,4765.53,6717.48,1891.5,1941.03,4479.41,1913.0,1907.0,1956.0,2173.0,2206.0,2293.0,-1.74,13.72,58.59,8.25,22.62,20.29,0.0,18288,19689,20059,20200,1661.77,1690.11,1692.77,1798.69,1798.69,1751.72,170.14,75.12,47.87,97.71,151,813,1765,6,122,61,157,935,1826,0.2,0.3,0.5,2.19,69.01,259.57,110.26,207.97,4707.67,59600.0,0.55,2319.94,59600.0,32780.0,388.37,0.87,0.11,0.02,400.11,0.04,30.0,0.6,0.4,60000.0,35700.0,-170.44,5160.0,255.0,860.0,6106.0,12883.0,10281.0,9313.0,9368.0,25408.0,39377.0,442.67,1234.95,1677.62,97.71,110.26,141374,42,0.0002970843295089620439401870217,207.97,4689.93,909.67,0.19,S,202607
41000,75654.0,55141.0,25254.0,12579.0,31418.0,115117.0,137090.0,91047.0,80482.0,60630.0,0.58,0.58,0.59,0.6,0.61,6279.0,5378.0,8513.0,12029.0,11995.0,0.12,0.12,0.12,0.12,0.12,1329,3615,7207,6280,1406,80549,1061,3967,85577,965,16196,6926,0.53,0.55,0.54,0.87,0.9,0.88,83835,78082,95064,0.47,0.45,0.46,0.2,0.3,0.5,4140,35584,39724,58114.92,0.3,0.59,10286,27462.07,0.7,11342,21628,13017,1.0,13017.0,1619741,774908,110,0.74,0.05,35359,0.26,0.2,23774,0.4,0.4,0.6,5677,64810,4907660.0,5098431.0,5290662.0,5406963.0,5500024.0,5592072.0,1290893.0,1406010.0,1543100.0,1634147.0,1714629.0,1775259.0,43879.32,31981.78,14899.86,7547.4,19164.98,23494.67,66767.86,79512.2,53717.73,48289.2,36984.3,57054.26,110647.18,111493.98,68617.59,55836.6,56149.28,80548.93,186046.0,192325.0,197703.0,206216.0,218245.0,230240.0,753.48,645.36,1021.56,1443.48,1439.4,1060.66,3967.4,536572,537537,553733,560659,1759.7,1792.93,1832.38,2015.18,1986.62,2088.88,88.99,2405.11,1645.62,1379.91,82050,85233,95127,7588,5803,12954,89638,91036,108081,0.2,0.3,0.5,6856.03,9486.96,19240.95,11861.31,13241.22,98818.21,71000.0,0.55,35358.95,71000.0,39050.0,23774.18,0.71,0.11,0.17,23434.31,0.04,30.0,0.6,0.4,71000.0,42600.0,-203.38,6120.0,11677.0,32829.0,288311.0,475951.0,326077.0,299095.0,298928.0,766023.0,1032301.0,10286.34,11341.83,21628.17,1379.91,11861.31,4422942,13017,0.002943063689281930443582574675,13241.22,99626.75,87470.0,0.88,A,202607
41110,-479.0,1197.0,2121.0,1305.0,313.0,9217.0,13280.0,9364.0,10212.0,4683.0,0.57,0.57,0.57,0.58,0.58,62.0,254.0,1111.0,657.0,842.0,0.08,0.08,0.08,0.09,0.08,0,0,0,0,0,5871,48,0,5919,378,1079,630,0.44,0.47,0.49,0.63,0.63,0.7,4121,2273,4534,0.56,0.53,0.51,0.2,0.3,0.5,225,1328,1553,5408.1,0.3,0.47,763,511.33,0.7,168,931,19,1.0,19.0,126482,24299,110,0.74,0.05,2200,0.26,0.2,594,0.34,0.4,0.6,228,3022,457351.0,466089.0,480566.0,492051.0,503568.0,508564.0,137355.0,146572.0,159852.0,169216.0,179428.0,184111.0,-273.03,682.29,1208.97,756.9,181.54,511.33,5253.69,7569.6,5337.48,5922.96,2716.14,5359.97,4980.66,8251.89,6546.45,6679.86,2897.68,5871.31,21792.0,21854.0,22108.0,23219.0,23876.0,24718.0,4.96,20.32,88.88,59.13,67.36,48.13,0.0,46360,46738,47817,48447,1892.47,1927.08,1969.9,3009.44,3062.04,2827.51,20.96,95.85,108.04,74.95,4256,2343,4278,70,205,275,4326,2548,4553,0.2,0.3,0.5,290.78,227.69,809.32,442.6,517.55,6436.99,96100.0,0.55,2199.52,96100.0,52855.0,593.87,0.74,0.08,0.17,950.02,0.04,30.0,0.6,0.4,96000.0,57700.0,-275.47,8280.0,844.0,2272.0,21004.0,36504.0,26200.0,23543.0,23622.0,63990.0,104486.0,762.54,168.23,930.77,74.95,442.6,378641,19,0.00005017945758647373105395348100,517.55,4469.72,3625.67,0.81,A,202607
41111,-819.0,411.0,-237.0,-619.0,1819.0,1759.0,2809.0,1791.0,2015.0,1914.0,0.52,0.52,0.52,0.53,0.55,-71.0,166.0,205.0,66.0,159.0,0.07,0.06,0.06,0.06,0.06,0,0,0,0,0,1153,6,0,1159,26,486,767,0.49,0.54,0.52,0.55,0.56,0.57,0,1117,1744,0.51,0.46,0.48,0.2,0.3,0.5,159,325,484,1091.63,0.3,0.37,121,67.4,0.7,17,138,0,1.0,0.0,18578,2162,110,0.74,0.05,254,0.26,0.2,42,0.5,0.4,0.6,36,332,103478.0,104418.0,107638.0,109192.0,110588.0,114321.0,28505.0,30264.0,33073.0,34864.0,36879.0,38793.0,-425.88,213.72,-123.24,-328.07,1000.45,67.4,914.68,1460.68,931.32,1067.95,1052.7,1085.47,488.8,1674.4,808.08,739.88,2053.15,1152.86,3752.0,3681.0,3847.0,4052.0,4118.0,4277.0,-4.97,9.96,12.3,3.96,9.54,6.16,0.0,10417,10443,10929,11696,1702.49,1736.85,1777.63,3085.28,3090.15,3116.62,1.4,44.09,113.67,53.05,0,1117,1744,0,0,0,0,1117,1744,0.2,0.3,0.5,0.0,86.32,238.58,108.3,161.35,1320.37,106000.0,0.55,254.33,106000.0,58300.0,41.6,0.66,0.09,0.24,148.41,0.04,30.0,0.6,0.4,106000.0,63600.0,-303.64,9120.0,232.0,605.0,5601.0,8973.0,6069.0,5400.0,5359.0,14167.0,20806.0,121.17,17.46,138.63,53.05,108.3,85830,0,0.0,161.35,631.53,953.67,1.51,C,202607
41113,-354.0,-692.0,774.0,-126.0,-767.0,2164.0,3307.0,3601.0,4000.0,1908.0,0.57,0.57,0.57,0.58,0.58,67.0,-33.0,232.0,272.0,297.0,0.08,0.09,0.09,0.1,0.09,0,0,0,0,0,1585,15,0,1600,653,84,-25,0.5,0.51,0.58,0.85,0.86,0.66,3011,484,1861,0.5,0.49,0.42,0.2,0.3,0.5,62,575,637,1734.98,0.3,0.52,271,-134.6,0.7,-49,222,0,1.0,0.0,37782,7514,110,0.74,0.05,727,0.26,0.2,203,0.38,0.4,0.6,85,1015,141421.0,143231.0,145846.0,150221.0,154095.0,155236.0,39353.0,41517.0,44824.0,48425.0,52425.0,54333.0,-201.78,-394.44,441.18,-73.08,-444.86,-134.6,1233.48,1884.99,2052.57,2320.0,1106.64,1719.54,1031.7,1490.55,2493.75,2246.92,661.78,1584.94,5862.0,5929.0,5896.0,6128.0,6400.0,6697.0,5.36,-2.97,20.88,27.2,26.73,15.44,0.0,12081,12734,12818,12793,1468.42,1485.1,1507.24,1724.81,1724.81,2276.49,55.5,11.05,-4.78,20.59,3011,484,1861,0,0,0,3011,484,1861,0.2,0.3,0.5,255.94,61.19,257.93,191.69,212.28,1812.66,77400.0,0.55,726.93,77400.0,42570.0,203.18,0.72,0.08,0.2,357.86,0.04,30.0,0.6,0.4,77000.0,46400.0,-221.52,6600.0,318.0,786.0,7593.0,12977.0,8846.0,8173.0,8214.0,21180.0,25380.0,270.66,-48.99,221.67,20.59,191.69,119978,0,0.0,212.28,1449.95,1785.33,1.23,B,202607
41115,-683.0,2429.0,2657.0,1624.0,-766.0,2299.0,4016.0,2164.0,2173.0,-107.0,0.4,0.43,0.46,0.49,0.49,-7.0,-56.0,211.0,47.0,210.0,0.04,0.05,0.05,0.05,0.06,0,1006,60,65,0,1414,4,226,1644,44,588,48,0.35,0.36,0.31,,,,1245,162,58,0.65,0.64,0.69,0.2,0.3,0.5,,,,935.33,0.3,0.0,0,708.98,0.7,0,0,0,1.0,0.0,0,0,110,0.74,0.05,0,0.26,0.2,0,0.63,0.4,0.6,0,0,74470.0,76086.0,82531.0,87352.0,91149.0,90276.0,28198.0,30497.0,34513.0,36677.0,38850.0,38743.0,-273.2,1044.47,1222.22,795.76,-375.34,482.78,919.6,1726.88,995.44,1064.77,-52.43,930.85,646.4,2771.35,2217.66,1860.53,-427.77,1413.63,8734.0,8727.0,8671.0,8882.0,8929.0,9139.0,-0.28,-2.8,10.55,2.35,12.6,4.48,226.2,6464,6508,7096,7144,1920.6,1955.95,2002.98,,,,,,,,1245,162,58,0,0,0,1245,162,58,0.2,0.3,0.5,,,,,,,,0.55,0.0,,,0.0,0.61,0.13,0.26,0.0,0.04,30.0,0.6,0.4,,,,,161.0,454.0,4058.0,6581.0,4409.0,3690.0,3544.0,9006.0,11969.0,0.0,0.0,0.0,,,65076,0,0.0,,0.0,488.33,,C,202607
41117,1377.0,-951.0,-1073.0,426.0,27.0,2995.0,3148.0,1808.0,2024.0,968.0,0.68,0.68,0.67,0.67,0.67,73.0,177.0,463.0,272.0,176.0,0.19,0.18,0.16,0.16,0.13,0,0,0,0,0,1454,37,0,1491,-345,-79,-160,0.42,0.45,0.45,0.74,0.72,0.73,0,580,615,0.58,0.55,0.55,0.2,0.3,0.5,-55,192,137,1515.89,0.3,0.5,227,-25.14,0.7,-9,218,0,1.0,0.0,42280,11904,110,0.74,0.05,782,0.26,0.2,310,0.09,0.4,0.6,24,1116,137982.0,142354.0,144551.0,145286.0,147736.0,148731.0,41299.0,44294.0,47442.0,49250.0,51274.0,52242.0,936.36,-646.68,-718.91,285.42,18.09,-25.14,2036.6,2140.64,1211.36,1356.08,648.56,1478.65,2972.96,1493.96,492.45,1641.5,666.65,1453.5,3444.0,3517.0,3694.0,4157.0,4429.0,4605.0,13.87,31.86,74.08,43.52,22.88,37.24,0.0,17398,17053,16974,16814,2312.21,2361.45,2421.34,3132.84,3297.72,3297.72,-21.45,-7.68,-26.28,-18.47,0,580,615,0,0,0,0,580,615,0.2,0.3,0.5,0.0,68.9,123.46,64.12,45.65,1536.39,112100.0,0.55,782.18,112100.0,61655.0,309.5,0.91,0.04,0.05,99.12,0.04,30.0,0.6,0.4,112000.0,67300.0,-321.3,9600.0,133.0,427.0,3752.0,7973.0,6876.0,6280.0,6505.0,19637.0,46331.0,227.38,-8.8,218.58,-18.47,64.12,107757,0,0.0,45.65,1379.7,398.33,0.29,S,202607
41130,887.0,-1533.0,-1955.0,-1757.0,-312.0,7285.0,7028.0,3054.0,5581.0,3313.0,0.48,0.49,0.5,0.51,0.52,25.0,-224.0,50.0,411.0,469.0,0.07,0.07,0.07,0.07,0.06,0,0,0,0,0,2135,9,0,2144,260,828,74,0.45,0.46,0.43,1.12,1.6,1.11,633,7731,2449,0.55,0.54,0.57,0.2,0.3,0.5,227,2857,3084,2616.62,0.3,0.41,322,-472.24,0.7,-136,186,55,1.0,55.0,114952,37370,110,0.74,0.05,1744,0.26,0.2,797,0.39,0.4,0.6,238,2779,361413.0,369585.0,375080.0,376179.0,380003.0,383004.0,108148.0,115433.0,122461.0,125515.0,131096.0,134409.0,425.76,-751.17,-977.5,-896.07,-162.24,-472.24,3496.8,3443.72,1527.0,2846.31,1722.76,2607.32,3922.56,2692.55,549.5,1950.24,1560.52,2135.07,9904.0,9929.0,9705.0,9755.0,10166.0,10635.0,1.75,-15.68,3.5,28.77,28.14,9.3,0.0,36110,36370,37198,37272,3863.75,4055.88,4239.58,3461.26,2536.56,3806.24,26.21,182.82,17.66,75.56,649,7702,2443,74,90,61,723,7792,2504,0.2,0.3,0.5,77.99,2003.88,774.74,952.2,1027.76,3172.13,129400.0,0.55,1743.82,129400.0,71170.0,796.73,0.71,0.12,0.16,996.22,0.04,30.0,0.6,0.4,129000.0,77600.0,-370.47,11160.0,488.0,1423.0,14865.0,23181.0,16529.0,14812.0,14876.0,38765.0,88086.0,321.84,-135.53,186.31,75.56,952.2,250516,55,0.0002195468552906800364048603682,1027.76,3993.71,3598.0,0.9,A,202607
41131,2429.0,-1556.0,-935.0,-961.0,1642.0,3391.0,1794.0,1115.0,1652.0,1480.0,0.3,0.31,0.31,0.32,0.35,-84.0,-113.0,214.0,420.0,453.0,0.01,0.02,0.01,0.01,0.01,16,0,0,0,0,638,2,3,643,-82,151,370,0.3,0.33,0.32,1.04,1.44,1.19,234,5488,1308,0.7,0.67,0.68,0.2,0.3,0.5,87,2152,2239,594.7,0.3,0.35,62,47.93,0.7,12,74,0,1.0,0.0,23202,13669,110,0.74,0.05,300,0.26,0.2,249,0.83,0.4,0.6,109,658,98955.0,104775.0,105013.0,105193.0,105884.0,109006.0,36873.0,40264.0,42058.0,43173.0,44825.0,46305.0,728.7,-482.36,-289.85,-307.52,574.7,44.73,1017.3,556.14,345.65,528.64,518.0,593.15,1746.0,73.78,55.8,221.12,1092.7,637.88,6497.0,6413.0,6300.0,6514.0,6934.0,7387.0,-0.84,-2.26,2.14,4.2,4.53,1.55,3.2,7077,6995,7146,7516,3464.03,3622.57,3787.46,3316.75,2520.42,3196.13,-5.12,21.53,70.45,28.95,234,5488,1308,0,0,0,234,5488,1308,0.2,0.3,0.5,34.07,1588.45,529.22,717.25,746.2,1388.83,108700.0,0.55,300.47,108700.0,59785.0,248.78,0.54,0.26,0.19,455.43,0.04,30.0,0.6,0.4,109000.0,65200.0,-311.27,9360.0,156.0,459.0,4571.0,6412.0,4221.0,3684.0,3606.0,8879.0,14038.0,62.44,11.74,74.18,28.95,717.25,52525,0,0.0,746.2,1478.93,2343.33,1.58,C,202607
41133,-1018.0,-698.0,-1367.0,2095.0,-1458.0,1861.0,2111.0,90.0,1803.0,815.0,0.31,0.31,0.33,0.38,0.39,-62.0,-93.0,-140.0,27.0,63.0,0.06,0.07,0.07,0.09,0.08,0,0,0,0,105,302,-3,21,320,-133,635,-62,0.38,0.39,0.32,0.69,0.91,0.95,41,1972,262,0.62,0.61,0.68,0.2,0.3,0.5,51,417,468,450.29,0.3,0.34,46,-130.12,0.7,-31,15,0,1.0,0.0,20810,5407,110,0.74,0.05,262,0.26,0.2,96,0.96,0.4,0.6,82,440,88878.0,89721.0,91134.0,89857.0,93755.0,93112.0,29251.0,31112.0,33223.0,33313.0,35116.0,35931.0,-315.58,-216.38,-451.11,796.1,-568.62,-151.12,576.91,654.41,29.7,685.14,317.85,452.8,261.33,438.03,-421.41,1481.24,-250.77,301.68,1830.0,1768.0,1675.0,1535.0,1562.0,1625.0,-3.72,-6.51,-9.8,2.43,5.04,-2.51,21.0,5824,5691,6326,6264,2519.39,2607.91,2716.72,3629.66,2868.13,2868.13,-6.97,67.61,-9.42,17.07,41,1972,262,0,0,0,41,1972,262,0.2,0.3,0.5,3.51,328.4,84.63,138.85,155.92,476.09,97500.0,0.55,261.79,97500.0,53625.0,95.6,0.51,0.15,0.33,342.03,0.04,30.0,0.6,0.4,98000.0,58500.0,-279.29,8400.0,191.0,529.0,5375.0,7323.0,4494.0,4384.0,4185.0,9829.0,10906.0,45.93,-30.97,14.96,17.07,138.85,57554,0,0.0,155.92,610.36,758.33,1.24,B,202607
41135,-524.0,721.0,347.0,-2891.0,-496.0,2033.0,3123.0,1849.0,2126.0,1018.0,0.68,0.69,0.69,0.68,0.68,171.0,-18.0,-24.0,-36.0,-47.0,0.27,0.26,0.29,0.28,0.27,0,0,18,0,0,1006,2,4,1012,475,42,-234,0.5,0.52,0.48,0.66,0.66,0.65,374,242,873,0.5,0.48,0.52,0.2,0.3,0.5,-1,195,194,1392.56,0.3,0.53,221,-380.91,0.7,-141,80,0,1.0,0.0,51773,560,110,0.74,0.05,1015,0.26,0.2,15,0.13,0.4,0.6,32,1062,173580.0,175089.0,178933.0,181129.0,180364.0,180886.0,42024.0,44057.0,47180.0,49029.0,51155.0,52173.0,-356.32,497.49,239.43,-1965.88,-337.28,-384.51,1382.44,2154.87,1275.81,1445.68,692.24,1390.21,1026.12,2652.36,1515.24,-520.2,354.96,1005.7,1577.0,1748.0,1730.0,1706.0,1670.0,1623.0,46.17,-4.68,-6.96,-10.08,-12.69,2.35,3.6,23209,23684,23726,23492,4223.37,4444.24,4647.94,6442.34,6781.41,7138.32,31.35,4.32,-36.5,-0.28,374,242,873,0,0,0,374,242,873,0.2,0.3,0.5,24.68,23.0,147.54,65.07,64.79,1076.44,242700.0,0.55,1015.27,242700.0,133485.0,15.43,0.89,0.04,0.08,131.69,0.04,30.0,0.6,0.4,243000.0,145600.0,-695.12,20880.0,141.0,435.0,4919.0,9446.0,7814.0,6744.0,7085.0,20057.0,63142.0,221.42,-141.32,80.1,-0.28,65.07,140437,0,0.0,64.79,1207.19,496.33,0.41,S,202607
41150,2765.0,1841.0,574.0,553.0,-641.0,5262.0,5625.0,3827.0,3090.0,1302.0,0.64,0.64,0.65,0.66,0.66,109.0,116.0,100.0,262.0,530.0,0.22,0.19,0.19,0.2,0.2,36,0,0,0,0,3123,45,7,3175,256,838,130,0.57,0.6,0.64,0.63,0.56,0.53,2099,2148,2921,0.43,0.4,0.36,0.2,0.3,0.5,125,537,662,2515.47,0.3,0.44,332,659.77,0.7,203,535,908,0.8,726.4000000000001,28024,1425,110,0.74,0.05,456,0.26,0.2,33,0.29,0.4,0.6,34,523,170040.0,178067.0,185533.0,189934.0,193577.0,194238.0,44746.0,50008.0,55633.0,59460.0,62550.0,63852.0,1769.6,1178.24,373.1,364.98,-423.06,652.57,3367.68,3600.0,2487.55,2039.4,859.32,2470.79,5137.28,4778.24,2860.65,2404.38,436.26,3123.36,2075.0,2184.0,2300.0,2400.0,2662.0,3192.0,23.98,22.04,19.0,52.4,106.0,44.68,7.2,15008,15264,16102,16232,1209.93,1213.29,1218.56,1917.2,2149.4,2296.48,18.39,84.47,22.05,41.64,2889,1792,3289,106,896,540,2995,2688,3829,0.2,0.3,0.5,113.72,144.35,278.66,178.91,220.55,3395.79,78100.0,0.55,456.23,78100.0,42955.0,32.6,0.77,0.07,0.15,140.72,0.04,30.0,0.6,0.4,78000.0,46800.0,-223.43,6720.0,628.0,1642.0,14364.0,21328.0,13052.0,12009.0,12181.0,28551.0,24769.0,332.04,203.21,535.25,41.64,178.91,160759,908,0.005648206321263506242263263643,176.44,1234.29,2656.67,2.15,C,202607
41170,-3709.0,136.0,1510.0,-1188.0,3117.0,1455.0,4707.0,3228.0,1981.0,3167.0,0.61,0.62,0.63,0.63,0.65,-36.0,-160.0,40.0,59.0,157.0,0.11,0.11,0.12,0.11,0.12,0,0,0,0,0,1839,2,0,1841,260,788,61,0.45,0.44,0.43,0.59,0.63,0.76,3448,3993,2794,0.55,0.56,0.57,0.2,0.3,0.5,89,1252,1341,1830.93,0.3,0.34,187,10.15,0.7,2,189,61,1.0,61.0,77945,12473,110,0.74,0.05,981,0.26,0.2,221,0.32,0.4,0.6,92,1294,205695.0,203441.0,208284.0,213022.0,213815.0,220099.0,47078.0,48533.0,53240.0,56468.0,58449.0,61616.0,-2262.49,84.32,951.3,-748.44,2026.05,10.15,887.55,2918.34,2033.64,1248.03,2058.55,1829.22,-1374.94,3002.66,2984.94,499.59,4084.6,1839.37,4145.0,4109.0,3949.0,3989.0,4048.0,4205.0,-3.96,-17.6,4.8,6.49,18.84,1.71,0.0,22634,22894,23682,23743,2349.48,2441.44,2534.93,4013.79,3900.58,3337.17,13.81,65.53,9.97,29.77,3435,4206,2560,95,82,295,3530,4288,2855,0.2,0.3,0.5,223.78,422.62,605.18,417.19,446.96,2288.04,113500.0,0.55,980.55,113500.0,62425.0,220.52,0.75,0.05,0.19,382.61,0.04,30.0,0.6,0.4,113000.0,68100.0,-325.12,9720.0,429.0,1141.0,11915.0,19383.0,13718.0,12436.0,12623.0,33032.0,51643.0,186.75,2.42,189.17,29.77,417.19,181826,61,0.0003354855741203128265484584163,446.96,1929.03,3400.33,1.76,C,202607
41171,-1158.0,377.0,-992.0,-744.0,-1151.0,1024.0,2273.0,982.0,1002.0,776.0,0.47,0.47,0.48,0.48,0.49,0.0,-133.0,49.0,61.0,150.0,0.08,0.08,0.08,0.08,0.08,173,1940,492,365,370,224,2,668,894,-259,281,-188,0.51,0.45,0.43,0.64,0.61,0.58,549,0,2560,0.49,0.55,0.57,0.2,0.3,0.5,-17,458,441,578.46,0.3,0.28,49,315.13,0.7,62,111,0,1.0,0.0,16080,39,110,0.74,0.05,167,0.26,0.2,1,0.62,0.4,0.6,25,193,92620.0,92486.0,95136.0,95126.0,95384.0,95009.0,23911.0,24935.0,27208.0,28190.0,29192.0,29968.0,-544.26,177.19,-476.16,-357.12,-563.99,-352.87,481.28,1068.31,471.36,480.96,380.24,576.43,-62.98,1245.5,-4.8,123.84,-183.75,223.56,3250.0,3250.0,3117.0,3166.0,3227.0,3377.0,0.0,-10.64,3.92,4.88,12.0,2.03,668.0,8960,8701,8982,8794,1846.53,1878.2,1928.14,2901.64,3054.36,3337.17,-16.91,23.14,-23.44,-5.74,549,0,2560,0,0,0,549,0,2560,0.2,0.3,0.5,34.43,0.0,423.17,152.53,146.79,1040.38,113500.0,0.55,166.59,113500.0,62425.0,0.57,0.61,0.08,0.3,104.27,0.04,30.0,0.6,0.4,113000.0,68100.0,-325.12,9720.0,217.0,539.0,5702.0,8490.0,5523.0,5305.0,5343.0,13081.0,15978.0,48.59,61.77,110.36,-5.74,152.53,71344,0,0.0,146.79,449.34,1036.33,2.31,C,202607
41173,-2551.0,-241.0,2502.0,-444.0,4268.0,431.0,2434.0,2246.0,979.0,2391.0,0.74,0.74,0.75,0.75,0.77,-36.0,-27.0,-9.0,-2.0,7.0,0.22,0.22,0.25,0.26,0.28,168,333,1316,2278,314,1829,-3,882,2708,519,507,249,0.43,0.43,0.43,0.65,0.68,0.67,2886,4206,0,0.57,0.57,0.57,0.2,0.3,0.5,109,703,812,1273.05,0.3,0.37,141,1434.56,0.7,372,513,0,1.0,0.0,42648,2845,110,0.74,0.05,584,0.26,0.2,55,0.16,0.4,0.6,25,664,113075.0,110955.0,113148.0,117896.0,118431.0,125090.0,23167.0,23598.0,26032.0,28278.0,29257.0,31648.0,-1887.74,-178.34,1876.5,-333.0,3286.36,552.76,318.94,1801.16,1684.5,734.25,1841.07,1275.98,-1568.8,1622.82,3561.0,401.25,5127.43,1828.74,895.0,859.0,832.0,823.0,821.0,828.0,-7.92,-5.94,-2.25,-0.52,1.96,-2.93,881.8,13674,14193,14700,14949,2597.93,2719.23,2831.92,4013.79,4013.79,4214.48,29.01,44.47,35.87,36.45,2886,4206,0,0,0,0,2886,4206,0,0.2,0.3,0.5,213.85,489.07,0.0,234.31,270.76,2978.37,143300.0,0.55,583.85,143300.0,78815.0,54.74,0.86,0.02,0.11,102.35,0.04,30.0,0.6,0.4,143000.0,86000.0,-410.58,12360.0,212.0,602.0,6213.0,10893.0,8195.0,7131.0,7280.0,19951.0,35665.0,141.31,371.55,512.86,36.45,234.31,110482,0,0.0,270.76,1446.77,2364.0,1.63,C,202607
41190,-1091.0,-1985.0,-2863.0,-2605.0,-3927.0,4877.0,5257.0,2456.0,4451.0,5890.0,0.47,0.47,0.47,0.49,0.49,991.0,590.0,269.0,950.0,1182.0,0.13,0.15,0.15,0.15,0.15,36,0,124,140,0,998,115,60,1173,-522,301,584,0.62,0.55,0.55,0.78,0.78,0.82,2900,2405,4089,0.38,0.45,0.45,0.2,0.3,0.5,120,1180,1300,2312.38,0.3,0.5,347,-1138.4,0.7,-398,-51,139,1.0,139.0,81511,38413,110,0.74,0.05,1508,0.26,0.2,999,0.7,0.4,0.6,421,2928,311910.0,315696.0,318968.0,318561.0,320407.0,322370.0,80228.0,85105.0,90362.0,92818.0,97269.0,103159.0,-512.77,-932.95,-1345.61,-1276.45,-1924.23,-1198.4,2292.19,2470.79,1154.32,2180.99,2886.1,2196.88,1779.42,1537.84,-191.29,904.54,961.87,998.48,12702.0,13693.0,14283.0,14552.0,15502.0,16684.0,128.83,88.5,40.35,142.5,177.3,115.5,60.0,28995,28473,28774,29358,1729.95,1736.79,1751.81,2221.11,2217.86,2146.23,-50.49,38.74,131.69,39.98,2852,2491,4030,160,112,198,3012,2603,4228,0.2,0.3,0.5,171.91,253.25,754.42,393.19,433.17,1607.15,73000.0,0.55,1507.95,73000.0,40150.0,998.74,0.58,0.06,0.35,1751.98,0.04,30.0,0.6,0.4,73000.0,43800.0,-209.11,6240.0,881.0,2472.0,23114.0,33285.0,20719.0,19239.0,18664.0,43971.0,46991.0,346.86,-398.44,-51.58,39.98,393.19,263667,139,0.0005271801173449843931929289596,433.17,3308.76,3124.33,0.94,A,202607
41192,0.0,0.0,0.0,0.0,109575.0,0.0,0.0,0.0,0.0,54485.0,0.0,0.0,0.0,0.0,0.52,0.0,0.0,0.0,0.0,8310.0,0.0,0.0,0.0,0.0,0.13,0,0,0,0,0,17062,216,0,17278,0,0,0,0.0,0.58,0.53,0.81,0.82,0.83,1160,189,139,1.0,0.42,0.47,0.2,0.3,0.5,0,235,235,5882.5,0.3,0.0,0,11395.8,0.7,0,0,0,1.0,0.0,44196,17902,110,0.74,0.05,0,0.26,0.2,0,0.49,0.4,0.6,0,0,0.0,0.0,0.0,0.0,0.0,164060.0,0.0,0.0,0.0,0.0,0.0,54485.0,0.0,0.0,0.0,0.0,56979.0,11395.8,0.0,0.0,0.0,0.0,28332.2,5666.44,0.0,0.0,0.0,0.0,85311.2,17062.24,0.0,0.0,0.0,0.0,0.0,8310.0,0.0,0.0,0.0,0.0,1080.3,216.06,0.0,0,0,0,15273,1840.67,1853.93,1877.82,2259.2,2259.2,2259.2,0.0,0.0,0.0,0.0,1160,189,139,0,0,0,1160,189,139,0.2,0.3,0.5,187.92,19.53,27.11,78.19,78.19,17356.49,76800.0,0.55,0.0,76800.0,42240.0,0.0,0.67,0.06,0.26,0.0,,,,,,,,,,,,,,,,,,1764.75,7977.06,9741.81,0.0,78.19,124461,0,0.0,78.19,9820.0,496.0,0.05,S,202607
41194,0.0,0.0,0.0,0.0,66154.0,0.0,0.0,0.0,0.0,27386.0,0.0,0.0,0.0,0.0,0.56,0.0,0.0,0.0,0.0,6859.0,0.0,0.0,0.0,0.0,0.18,0,0,0,748,0,10476,247,150,10873,0,0,0,0.0,0.49,0.55,0.61,0.61,0.68,1298,1515,32,1.0,0.51,0.45,0.2,0.3,0.5,0,305,305,3314.15,0.3,0.0,0,7558.85,0.7,0,0,0,1.0,0.0,26087,6067,110,0.74,0.05,0,0.26,0.2,0,0.51,0.4,0.6,0,0,0.0,0.0,0.0,0.0,0.0,93540.0,0.0,0.0,0.0,0.0,0.0,27386.0,0.0,0.0,0.0,0.0,37046.24,7409.25,0.0,0.0,0.0,0.0,15336.16,3067.23,0.0,0.0,0.0,0.0,52382.4,10476.48,0.0,0.0,0.0,0.0,0.0,6859.0,0.0,0.0,0.0,0.0,1234.62,246.92,149.6,0,0,0,8248,1665.01,1664.23,1669.97,2744.78,2744.78,2442.18,0.0,0.0,0.0,0.0,1298,1515,32,0,0,0,1298,1515,32,0.2,0.3,0.5,158.36,141.39,4.9,101.55,101.55,10974.55,83000.0,0.55,0.0,83000.0,45650.0,0.0,0.66,0.06,0.27,0.0,,,,,,,,,,,,,,,,,,994.24,5291.2,6285.44,0.0,101.55,78076,0,0.0,101.55,6386.99,948.33,0.15,S,202607
41196,0.0,0.0,0.0,0.0,43482.0,0.0,0.0,0.0,0.0,21288.0,0.0,0.0,0.0,0.0,0.33,0.0,0.0,0.0,0.0,1515.0,0.0,0.0,0.0,0.0,0.13,0,0,0,0,0,4275,39,0,4314,0,0,0,0.0,0.61,0.61,0.64,0.64,0.64,394,787,3859,1.0,0.39,0.39,0.2,0.3,0.5,0,591,591,1444.4,0.3,0.0,0,2869.81,0.7,0,0,0,1.0,0.0,5273,1528,110,0.74,0.05,0,0.26,0.2,0,1.76,0.4,0.6,0,0,0.0,0.0,0.0,0.0,0.0,64770.0,0.0,0.0,0.0,0.0,0.0,21288.0,0.0,0.0,0.0,0.0,14349.06,2869.81,0.0,0.0,0.0,0.0,7025.04,1405.01,0.0,0.0,0.0,0.0,21374.1,4274.82,0.0,0.0,0.0,0.0,0.0,1515.0,0.0,0.0,0.0,0.0,196.95,39.39,0.0,0,0,0,5837,1359.44,1358.8,1358.25,2121.36,2120.68,2129.04,0.0,0.0,0.0,0.0,394,787,3859,0,0,0,394,787,3859,0.2,0.3,0.5,50.43,58.93,481.6,196.99,196.99,4511.2,72400.0,0.55,0.0,72400.0,39820.0,0.0,0.36,0.04,0.59,0.0,,,,,,,,,,,,,,,,,,433.32,2008.87,2442.19,0.0,196.99,61130,0,0.0,196.99,2639.18,1680.0,0.64,A,202607
41210,-3797.0,-1697.0,-1168.0,-2104.0,-391.0,-234.0,992.0,449.0,-410.0,214.0,0.64,0.64,0.66,0.7,0.71,-470.0,-440.0,-301.0,-367.0,-137.0,0.09,0.09,0.11,0.14,0.16,0,0,3206,0,0,-1078,-38,641,-475,130,-27,-498,0.44,0.43,0.38,0.87,0.75,0.66,10756,4475,6716,0.56,0.57,0.62,0.2,0.3,0.5,-55,2996,2941,91.62,0.3,0.32,9,-566.29,0.7,-127,-118,6,1.0,6.0,30154,960,110,0.74,0.05,357,0.26,0.2,16,0.3,0.4,0.6,27,400,115414.0,111383.0,110678.0,109959.0,107445.0,107268.0,26730.0,26496.0,27488.0,27937.0,27527.0,27741.0,-2430.08,-1086.08,-770.88,-1472.8,-277.61,-1207.49,-149.76,634.88,296.34,-287.0,151.94,129.28,-2579.84,-451.2,-474.54,-1759.8,-125.67,-1078.21,3476.0,3006.0,2566.0,2265.0,1898.0,1761.0,-42.3,-39.6,-33.11,-51.38,-21.92,-37.66,641.2,11376,11506,11479,10981,2584.1,2697.57,2842.16,2977.13,3587.96,4307.97,9.95,-2.61,-62.45,-18.37,10723,4831,6362,37,4,360,10760,4835,6722,0.2,0.3,0.5,1048.06,573.92,1374.09,998.69,980.32,505.65,146500.0,0.55,357.02,146500.0,80575.0,15.97,0.76,0.05,0.18,112.37,0.04,30.0,0.6,0.4,146000.0,87900.0,-419.65,12600.0,243.0,654.0,6898.0,10571.0,7493.0,7253.0,7174.0,18335.0,27000.0,8.8,-126.85,-118.05,-18.37,998.69,92417,6,0.00006492312020515705984829630912,980.32,1262.23,7305.33,5.79,C,202607
41220,7017.0,7757.0,5171.0,4132.0,2587.0,8171.0,11310.0,7125.0,4987.0,4074.0,0.58,0.59,0.6,0.61,0.61,454.0,657.0,254.0,445.0,693.0,0.2,0.2,0.2,0.21,0.21,0,0,0,1374,0,7412,102,275,7789,16,892,427,0.63,0.65,0.64,0.65,0.64,0.65,14280,10634,6338,0.37,0.35,0.36,0.2,0.3,0.5,201,2143,2344,4345.26,0.3,0.69,899,3444.34,0.7,1664,2563,3292,0.6,1975.1999999999998,66024,14345,110,0.74,0.05,1686,0.26,0.2,515,0.43,0.4,0.6,227,2428,197997.0,213185.0,232252.0,244548.0,253667.0,260328.0,61422.0,69593.0,80903.0,88028.0,93015.0,97089.0,4069.86,4576.63,3102.6,2520.52,1578.07,3169.54,4739.18,6672.9,4275.0,3042.07,2485.14,4242.86,8809.04,11249.53,7377.6,5562.59,4063.21,7412.39,10265.0,10719.0,11376.0,11630.0,12075.0,12768.0,90.8,131.4,50.8,93.45,145.53,102.4,274.8,23961,23977,24869,25296,1035.37,1026.69,1019.66,1601.8,1601.13,1565.57,1.31,111.32,88.82,67.15,13026,14275,5559,1684,430,4071,14710,14705,9630,0.2,0.3,0.5,686.87,714.6,741.55,714.34,781.49,8571.08,53200.0,0.55,1685.59,53200.0,29260.0,514.7,0.69,0.14,0.16,948.03,0.04,30.0,0.6,0.4,53000.0,31900.0,-152.3,4560.0,619.0,1729.0,12564.0,23513.0,17144.0,14456.0,14117.0,35756.0,39601.0,899.47,1663.62,2563.09,67.15,714.34,220287,3292,0.01494414105235442854094885309,468.89,5459.8,10953.33,2.01,C,202607
41250,-191.0,46.0,-292.0,-1096.0,-533.0,830.0,1277.0,678.0,465.0,284.0,0.52,0.52,0.52,0.53,0.53,31.0,63.0,56.0,35.0,68.0,0.15,0.15,0.15,0.14,0.15,0,300,0,0,0,151,8,60,219,30,96,109,0.58,0.58,0.55,,,,-1,41,0,0.42,0.42,0.45,0.2,0.3,0.5,,,,376.55,0.3,0.0,0,-158.12,0.7,0,0,137,1.0,137.0,0,0,110,0.74,0.05,0,0.26,0.2,0,0.73,0.4,0.6,0,0,37297.0,37936.0,39259.0,39645.0,39014.0,38765.0,11205.0,12035.0,13312.0,13990.0,14455.0,14739.0,-99.32,23.92,-151.84,-580.88,-282.49,-218.12,431.6,664.04,352.56,246.45,150.52,369.03,332.28,687.96,200.72,-334.43,-131.97,150.91,1033.0,1064.0,1127.0,1183.0,1218.0,1286.0,4.65,9.45,8.4,4.9,10.2,7.52,60.0,3321,3351,3447,3556,609.3,607.04,604.79,,,,,,,,0,0,0,177,178,137,177,178,137,0.2,0.3,0.5,,,,,,,,0.55,0.0,,,0.0,0.57,0.17,0.25,0.0,0.04,30.0,0.6,0.4,,,,,116.0,365.0,3498.0,4193.0,2443.0,2126.0,2004.0,4023.0,2482.0,0.0,-0.0,0.0,,,32738,137,0.004184739446514753497464719897,,0.0,0.0,,C,202607
41270,1885.0,978.0,-1804.0,-2952.0,-2273.0,5573.0,5907.0,2930.0,2371.0,2194.0,0.41,0.42,0.42,0.42,0.43,735.0,1156.0,2371.0,1934.0,875.0,0.07,0.07,0.07,0.07,0.07,0,0,0,0,0,1229,99,0,1328,-415,231,528,0.6,0.63,0.6,,,,1051,605,0,0.4,0.37,0.4,0.2,0.3,0.5,,,,1686.13,0.3,0.0,0,-358.26,0.7,0,0,0,1.0,0.0,0,0,110,0.74,0.05,0,0.26,0.2,0,0.89,0.4,0.6,0,0,253140.0,260598.0,267483.0,268609.0,268028.0,267949.0,76375.0,81948.0,87855.0,90785.0,93156.0,95350.0,772.85,410.76,-757.68,-1239.84,-977.39,-358.26,2284.93,2480.94,1230.6,995.82,943.42,1587.14,3057.78,2891.7,472.92,-244.02,-33.97,1228.88,29677.0,30412.0,31568.0,33939.0,35873.0,36748.0,51.45,80.92,165.97,135.38,61.25,98.99,0.0,23850,23435,23666,24194,1524.95,1525.01,1527.75,,,,,,,,1051,605,0,0,0,0,1051,605,0,0.2,0.3,0.5,,,,,,,,0.55,0.0,,,0.0,0.53,0.07,0.4,0.0,0.04,30.0,0.6,0.4,,,,,442.0,1362.0,11929.0,20221.0,13306.0,12557.0,12481.0,31528.0,32480.0,0.0,-0.0,0.0,,,212817,0,0,,0.0,552.0,,C,202607
41271,1423.0,1168.0,-1099.0,-2262.0,-2329.0,2816.0,3040.0,1731.0,891.0,986.0,0.32,0.33,0.33,0.33,0.33,453.0,842.0,1256.0,869.0,354.0,0.04,0.04,0.04,0.04,0.04,0,0,0,0,512,412,30,102,544,-266,-84,81,0.61,0.63,0.58,,,,0,133,0,0.39,0.37,0.42,0.2,0.3,0.5,,,,649.18,0.3,0.0,0,-104.98,0.7,0,0,0,1.0,0.0,0,0,110,0.74,0.05,0,0.26,0.2,0,1.34,0.4,0.6,0,0,134952.0,139191.0,143399.0,144031.0,142660.0,141317.0,41483.0,44299.0,47339.0,49070.0,49961.0,50947.0,455.36,385.44,-362.67,-746.46,-768.57,-207.38,901.12,1003.2,571.23,294.03,325.38,618.99,1356.48,1388.64,208.56,-452.43,-443.19,411.61,6870.0,7323.0,8165.0,9421.0,10290.0,10644.0,18.12,33.68,50.24,34.76,14.16,30.19,102.4,12248,11982,11898,11979,1369.08,1363.31,1361.94,,,,,,,,0,133,0,0,0,0,0,133,0,0.2,0.3,0.5,,,,,,,,0.55,0.0,,,0.0,0.42,0.07,0.5,0.0,0.04,30.0,0.6,0.4,,,,,215.0,706.0,5612.0,9668.0,6127.0,5566.0,5763.0,14061.0,14894.0,0.0,-0.0,0.0,,,108361,0,0.0,,0.0,44.33,,C,202607
41273,462.0,-190.0,-705.0,-690.0,56.0,2757.0,2867.0,1199.0,1480.0,1208.0,0.52,0.52,0.52,0.53,0.54,282.0,314.0,1115.0,1065.0,521.0,0.07,0.08,0.08,0.08,0.09,0,0,0,0,0,885,53,0,938,-149,315,447,0.59,0.63,0.61,,,,1051,472,0,0.41,0.37,0.39,0.2,0.3,0.5,,,,1050.17,0.3,0.0,0,-112.12,0.7,0,0,0,1.0,0.0,0,0,110,0.74,0.05,0,0.26,0.2,0,0.56,0.4,0.6,0,0,118188.0,121407.0,124084.0,124578.0,125368.0,126632.0,34892.0,37649.0,40516.0,41715.0,43195.0,44403.0,240.24,-98.8,-366.6,-365.7,30.24,-112.12,1433.64,1490.84,623.48,784.4,652.32,996.94,1673.88,1392.04,256.88,418.7,682.56,884.81,22807.0,23089.0,23403.0,24518.0,25583.0,26104.0,19.74,25.12,89.2,85.2,46.89,53.23,0.0,11602,11453,11768,12215,1646.89,1651.42,1657.18,,,,,,,,1051,472,0,0,0,0,1051,472,0,0.2,0.3,0.5,,,,,,,,0.55,0.0,,,0.0,0.64,0.07,0.29,0.0,0.04,30.0,0.6,0.4,,,,,227.0,656.0,6317.0,10553.0,7179.0,6991.0,6718.0,17467.0,17586.0,0.0,-0.0,0.0,,,104456,0,0.0,,0.0,507.67,,C,202607
41280,6366.0,2634.0,-310.0,-896.0,539.0,7477.0,9639.0,8669.0,8472.0,2464.0,0.64,0.63,0.63,0.63,0.64,18.0,-16.0,28.0,288.0,278.0,0.19,0.17,0.17,0.18,0.17,0,0,0,0,0,5710,21,0,5731,-207,883,-447,0.5,0.52,0.51,0.66,0.68,0.67,4921,4555,5846,0.5,0.48,0.49,0.2,0.3,0.5,4,1730,1734,4667.64,0.3,0.56,784,1063.77,0.7,417,1201,56,1.0,56.0,100406,40987,110,0.74,0.05,2080,0.26,0.2,1194,0.26,0.4,0.6,204,3478,385021.0,398864.0,411137.0,419496.0,427072.0,430075.0,92932.0,100409.0,110048.0,118717.0,127189.0,129653.0,4074.24,1659.42,-195.3,-564.48,344.96,1063.77,4785.28,6072.57,5461.47,5337.36,1576.96,4646.73,8859.52,7731.99,5266.17,4772.88,1921.92,5710.5,5595.0,5613.0,5597.0,5625.0,5913.0,6191.0,3.42,-2.72,4.76,51.84,47.26,20.91,0.0,40642,40435,41318,40871,1544.93,1544.08,1544.13,2355.6,2279.07,2287.77,-13.66,93.67,-76.37,1.21,4887,4658,5720,113,79,182,5000,4737,5902,0.2,0.3,0.5,324.79,446.03,959.62,576.81,578.02,6309.43,77800.0,0.55,2080.41,77800.0,42790.0,1193.54,0.79,0.06,0.14,847.62,0.04,30.0,0.6,0.4,78000.0,46700.0,-222.95,6720.0,802.0,2231.0,20959.0,33725.0,23035.0,20817.0,21764.0,56332.0,84403.0,784.16,417.0,1201.16,1.21,576.81,333280,56,0.0001680268843014882381180988958,578.02,5256.56,5088.33,0.97,A,202607
41281,4051.0,2579.0,1285.0,1838.0,-203.0,4050.0,5391.0,6025.0,5362.0,1332.0,0.64,0.62,0.62,0.62,0.63,20.0,-36.0,63.0,84.0,141.0,0.21,0.18,0.19,0.18,0.17,0,0,0,110,0,3967,10,22,3999,-46,811,-333,0.53,0.54,0.52,0.74,0.75,0.75,0,218,4393,0.47,0.46,0.48,0.2,0.3,0.5,30,813,843,2776.46,0.3,0.52,433,1222.0,0.7,445,878,0,1.0,0.0,57191,26915,110,0.74,0.05,1100,0.26,0.2,728,0.31,0.4,0.6,136,1964,172880.0,180981.0,188951.0,196261.0,203461.0,204590.0,43948.0,47998.0,53389.0,59414.0,64776.0,66108.0,2592.64,1598.98,796.7,1139.56,-127.89,1200.0,2592.0,3342.42,3735.5,3324.44,839.16,2766.7,5184.64,4941.4,4532.2,4464.0,711.27,3966.7,2005.0,2025.0,1989.0,2052.0,2136.0,2277.0,4.2,-6.48,11.97,15.12,23.97,9.76,22.0,16352,16306,17117,16784,1702.4,1714.41,1727.83,2294.88,2294.88,2294.88,-3.61,98.54,-64.94,10.0,0,218,4393,0,0,0,0,218,4393,0.2,0.3,0.5,0.0,22.56,790.74,271.1,281.1,4279.56,78000.0,0.55,1100.35,78000.0,42900.0,727.78,0.76,0.06,0.18,574.55,0.04,30.0,0.6,0.4,78000.0,46800.0,-223.43,6720.0,421.0,1216.0,11669.0,17333.0,11562.0,10351.0,10249.0,26186.0,34672.0,433.13,444.81,877.94,10.0,271.1,163089,0,0.0,281.1,3125.06,1537.0,0.49,S,202607
41285,1157.0,793.0,-188.0,-1763.0,1342.0,2021.0,2808.0,1459.0,1602.0,514.0,0.53,0.52,0.53,0.53,0.54,3.0,21.0,-44.0,80.0,50.0,0.11,0.11,0.11,0.11,0.12,0,0,0,0,0,1029,3,0,1032,121,137,50,0.47,0.49,0.5,0.67,0.71,0.71,4887,4040,1327,0.53,0.51,0.5,0.2,0.3,0.5,31,1021,1052,888.76,0.3,0.63,168,143.24,0.7,63,231,0,1.0,0.0,23462,10751,110,0.74,0.05,547,0.26,0.2,352,0.32,0.4,0.6,69,968,109198.0,112376.0,115977.0,117248.0,117087.0,118943.0,29243.0,31264.0,34072.0,35531.0,37133.0,37647.0,613.21,412.36,-99.64,-934.39,724.68,143.24,1071.13,1460.16,773.27,849.06,277.56,886.24,1684.34,1872.52,673.63,-85.33,1002.24,1029.48,1933.0,1936.0,1957.0,1913.0,1993.0,2043.0,0.33,2.31,-4.84,8.8,6.0,2.52,0.0,11603,11724,11861,11911,1576.7,1571.26,1565.76,2367.65,2218.87,2190.74,7.62,14.3,8.88,10.27,4887,4040,1327,0,0,0,4887,4040,1327,0.2,0.3,0.5,347.07,438.87,235.54,340.49,350.76,1382.76,74500.0,0.55,546.9,74500.0,40975.0,352.2,0.75,0.09,0.15,289.7,0.04,30.0,0.6,0.4,74000.0,44700.0,-213.4,6360.0,177.0,411.0,4248.0,7174.0,5010.0,4545.0,5096.0,12926.0,23456.0,167.98,63.17,231.15,10.27,340.49,78789,0,0.0,350.76,1550.54,3418.0,2.2,C,202607
41287,1158.0,-738.0,-1407.0,-971.0,-600.0,1406.0,1440.0,1185.0,1508.0,618.0,0.77,0.76,0.76,0.76,0.76,-5.0,-1.0,9.0,124.0,87.0,0.26,0.24,0.23,0.25,0.24,0,0,0,0,0,552,10,0,562,-282,-65,-164,0.49,0.5,0.51,,,,0,400,0,0.51,0.5,0.49,0.2,0.3,0.5,,,,949.16,0.3,0.0,0,-386.5,0.7,0,0,0,1.0,0.0,0,0,110,0.74,0.05,0,0.26,0.2,0,0.13,0.4,0.6,0,0,102943.0,105507.0,106209.0,105987.0,106524.0,106542.0,19741.0,21147.0,22587.0,23772.0,25280.0,25898.0,891.66,-560.88,-1069.32,-737.96,-456.0,-386.5,1082.62,1094.4,900.6,1146.08,469.68,938.68,1974.28,533.52,-168.72,408.12,13.68,552.18,1657.0,1652.0,1651.0,1660.0,1784.0,1871.0,-1.3,-0.24,2.07,31.0,20.88,10.48,0.0,12687,12405,12340,12176,1336.61,1322.86,1310.34,,,,,,,,0,400,0,0,0,0,0,400,0,0.2,0.3,0.5,,,,,,,,0.55,0.0,,,0.0,0.88,0.04,0.07,0.0,0.04,30.0,0.6,0.4,,,,,204.0,604.0,5042.0,9218.0,6463.0,5921.0,6419.0,17220.0,26275.0,0.0,-0.0,0.0,,,91402,0,0.0,,0.0,133.33,,C,202607
41290,1332.0,2604.0,2380.0,984.0,1386.0,271.0,653.0,612.0,-35.0,94.0,0.51,0.58,0.63,0.65,0.68,4.0,-20.0,1.0,-2.0,9.0,0.23,0.25,0.39,0.39,0.35,0,0,0,1110,0,1243,0,222,1465,275,14,83,0.45,0.45,0.41,1.49,1.09,1.13,52,2185,2412,0.55,0.55,0.59,0.2,0.3,0.5,58,1206,1264,188.48,0.3,0.52,29,1276.22,0.7,465,494,0,1.0,0.0,14704,3377,110,0.74,0.05,283,0.26,0.2,91,0.26,0.4,0.6,23,397,18901.0,20504.0,23761.0,26753.0,27702.0,29182.0,3473.0,3744.0,4397.0,5009.0,4974.0,5068.0,679.32,1510.32,1499.4,639.6,942.48,1054.22,138.21,378.74,385.56,-22.75,63.92,188.74,817.53,1889.06,1884.96,616.85,1006.4,1242.96,111.0,115.0,95.0,96.0,94.0,103.0,0.92,-5.0,0.39,-0.78,3.15,-0.26,222.0,3398,3673,3687,3770,6449.44,6667.74,6755.71,4342.1,6136.71,5991.75,36.88,2.06,19.23,19.39,52,2185,2412,0,0,0,52,2185,2412,0.2,0.3,0.5,8.52,392.97,804.04,401.84,421.23,1885.93,203700.0,0.55,282.9,203700.0,112035.0,91.31,0.79,0.08,0.13,97.97,0.04,30.0,0.6,0.4,204000.0,122200.0,-583.4,17520.0,,58.0,702.0,1500.0,1219.0,1051.0,1120.0,3395.0,9907.0,29.4,464.54,493.94,19.39,401.84,22829,0,0,421.23,1312.89,1549.67,1.18,B,202607
41310,-56.0,-984.0,-912.0,-382.0,-119.0,1335.0,1079.0,1319.0,977.0,800.0,0.62,0.63,0.63,0.63,0.63,6.0,23.0,-4.0,49.0,4.0,0.13,0.11,0.13,0.12,0.13,0,0,19,0,0,383,2,4,389,-45,165,22,0.46,0.55,0.57,0.66,0.79,0.82,1182,244,2526,0.54,0.45,0.43,0.2,0.3,0.5,24,556,580,693.43,0.3,0.42,87,-305.17,0.7,-90,-3,20,1.0,20.0,36123,8977,110,0.74,0.05,561,0.26,0.2,196,0.26,0.4,0.6,47,804,71974.0,73253.0,73348.0,73755.0,74350.0,75031.0,16820.0,18155.0,19234.0,20553.0,21530.0,22330.0,-34.72,-619.92,-574.56,-240.66,-74.97,-308.97,827.7,679.77,830.97,615.51,504.0,691.59,792.98,59.85,256.41,374.85,429.03,382.62,624.0,630.0,653.0,649.0,698.0,702.0,0.78,2.53,-0.52,5.88,0.52,1.84,3.8,6584,6539,6704,6726,2197.27,2260.19,2351.32,3334.31,2867.51,2867.51,-2.73,21.51,5.14,7.97,1180,244,2546,2,0,0,1182,244,2546,0.2,0.3,0.5,84.25,26.02,445.33,185.2,193.17,581.43,97500.0,0.55,561.35,97500.0,53625.0,196.06,0.79,0.08,0.13,196.29,0.04,30.0,0.6,0.4,97000.0,58500.0,-279.29,8400.0,141.0,348.0,3443.0,5917.0,3965.0,3596.0,3765.0,10206.0,13666.0,87.37,-89.72,-2.35,7.97,185.2,55856,20,0.0003580635920939558865654540246,193.17,995.34,1323.33,1.33,B,202607
41360,4626.0,6130.0,3080.0,-1491.0,875.0,4549.0,7116.0,5640.0,3235.0,2842.0,0.7,0.7,0.7,0.71,0.71,82.0,96.0,66.0,171.0,148.0,0.24,0.26,0.24,0.25,0.24,900,0,850,0,105,5135,28,371,5534,-83,236,288,0.6,0.58,0.57,0.64,0.67,0.73,1539,1035,5190,0.4,0.42,0.43,0.2,0.3,0.5,81,981,1062,3313.38,0.3,0.57,567,2220.57,0.7,886,1453,344,1.0,344.0,84667,40585,110,0.74,0.05,1786,0.26,0.2,1203,0.28,0.4,0.6,201,3190,243802.0,252977.0,266223.0,274943.0,276687.0,280404.0,48869.0,53418.0,60534.0,66174.0,69409.0,72251.0,3238.2,4291.0,2156.0,-1058.61,621.25,1849.57,3184.3,4981.2,3948.0,2296.85,2017.82,3285.63,6422.5,9272.2,6104.0,1238.24,2639.07,5135.2,2343.0,2425.0,2521.0,2587.0,2758.0,2906.0,19.68,24.96,15.84,42.75,35.52,27.75,371.0,28483,28400,28636,28924,1439.64,1453.83,1475.96,2232.6,2185.85,2028.61,-6.37,27.51,59.92,27.02,1855,999,5186,68,384,348,1923,1383,5534,0.2,0.3,0.5,78.8,87.37,814.57,326.91,353.93,5887.88,69000.0,0.55,1785.63,69000.0,37950.0,1202.94,0.78,0.07,0.15,831.38,0.04,30.0,0.6,0.4,69000.0,41400.0,-197.65,5880.0,771.0,2029.0,18268.0,28276.0,18202.0,17213.0,17203.0,42797.0,46666.0,566.59,886.01,1452.6,27.02,326.91,247544,344,0.001389651940665093882299712374,353.93,4994.63,2680.0,0.54,A,202607
41370,1736.0,201.0,-70.0,-90.0,2980.0,3022.0,3274.0,1678.0,1504.0,2511.0,0.68,0.66,0.66,0.67,0.69,459.0,297.0,286.0,403.0,535.0,0.17,0.16,0.15,0.16,0.16,0,0,0,0,0,2265,64,0,2329,-240,160,569,0.48,0.53,0.52,0.69,0.72,0.79,2620,5469,3546,0.52,0.47,0.48,0.2,0.3,0.5,119,1416,1535,1676.42,0.3,0.75,377,652.57,0.7,343,720,202,1.0,202.0,37325,18118,110,0.74,0.05,1036,0.26,0.2,707,0.22,0.4,0.6,92,1835,87151.0,91909.0,95384.0,96992.0,98406.0,103897.0,26670.0,29692.0,32966.0,34644.0,36148.0,38659.0,1180.48,132.66,-46.2,-60.3,2056.2,652.57,2054.96,2160.84,1107.48,1007.68,1732.59,1612.71,3235.44,2293.5,1061.28,947.38,3788.79,2265.28,5902.0,6361.0,6658.0,6944.0,7347.0,7882.0,78.03,47.52,42.9,64.48,85.6,63.71,0.0,7612,7372,7532,8101,1132.22,1140.94,1146.04,1642.29,1585.81,1450.83,-15.9,18.32,116.87,39.76,2290,6463,2754,330,0,994,2620,6463,3748,0.2,0.3,0.5,188.01,555.21,672.32,471.85,511.61,2840.6,49300.0,0.55,1035.77,49300.0,27115.0,706.6,0.81,0.06,0.12,390.52,0.04,30.0,0.6,0.4,49000.0,29600.0,-141.31,4200.0,203.0,645.0,5496.0,9714.0,7162.0,6827.0,6634.0,16830.0,17120.0,377.19,342.6,719.79,39.76,471.85,88394,202,0.002285222978935221847636717424,511.61,3067.5,3835.67,1.25,B,202607
41390,7856.0,4858.0,876.0,1909.0,475.0,6243.0,6741.0,2486.0,3311.0,1002.0,0.68,0.68,0.68,0.69,0.7,1245.0,1370.0,1532.0,1947.0,1763.0,0.11,0.12,0.11,0.13,0.13,0,0,185,0,0,4879,190,37,5106,-302,690,64,0.62,0.66,0.77,0.78,0.74,0.76,3529,461,1776,0.38,0.34,0.23,0.2,0.3,0.5,91,399,490,2891.55,0.3,0.63,547,2215.18,0.7,977,1524,22,1.0,22.0,70037,28578,110,0.74,0.05,1633,0.26,0.2,936,0.24,0.4,0.6,148,2717,178734.0,192833.0,204432.0,207794.0,213014.0,214491.0,49683.0,55926.0,62667.0,65153.0,68464.0,69466.0,5342.08,3303.44,595.68,1317.21,332.5,2178.18,4245.24,4583.88,1690.48,2284.59,701.4,2701.12,9587.32,7887.32,2286.16,3601.8,1033.9,4879.3,19630.0,20875.0,22245.0,23777.0,25724.0,27487.0,136.95,164.4,168.52,253.11,229.19,190.43,37.0,17991,17689,18379,18443,1378.63,1374.78,1371.23,1772.34,1865.62,1803.76,-29.21,101.1,18.73,30.21,3529,470,1770,19,19,28,3548,489,1798,0.2,0.3,0.5,209.2,34.8,155.22,133.07,163.28,5270.01,61300.0,0.55,1632.56,61300.0,33715.0,936.22,0.8,0.04,0.15,607.56,0.04,30.0,0.6,0.4,61000.0,36800.0,-175.69,5280.0,609.0,1581.0,12696.0,21507.0,15353.0,14372.0,13993.0,36331.0,34311.0,546.5,976.89,1523.39,30.21,133.07,186900,22,0.0001177100053504547886570358480,163.28,4401.26,1923.0,0.44,S,202607
41410,400.0,-1030.0,-324.0,-1459.0,-1613.0,2200.0,2266.0,1859.0,1394.0,1116.0,0.69,0.69,0.68,0.68,0.68,48.0,-125.0,-78.0,2.0,-7.0,0.1,0.1,0.1,0.1,0.1,0,0,0,0,0,662,-3,0,659,-47,54,-20,0.56,0.6,0.57,0.88,0.85,0.88,80,1712,1505,0.44,0.4,0.43,0.2,0.3,0.5,-1,466,465,1207.29,0.3,0.62,225,-548.8,0.7,-238,-13,0,1.0,0.0,43087,19321,110,0.74,0.05,988,0.26,0.2,623,0.23,0.4,0.6,89,1700,100586.0,103186.0,104422.0,105957.0,105892.0,105395.0,23817.0,26017.0,28283.0,30142.0,31536.0,32652.0,276.0,-710.7,-220.32,-992.12,-1096.84,-548.8,1518.0,1563.54,1264.12,947.92,758.88,1210.49,1794.0,852.84,1043.8,-44.2,-337.96,661.7,3921.0,3969.0,3844.0,3766.0,3768.0,3761.0,4.8,-12.5,-7.8,0.2,-0.7,-3.2,0.0,10717,10670,10724,10704,1642.53,1657.68,1686.91,1857.63,1939.87,1913.74,-4.63,8.26,-5.02,-0.46,80,1712,1505,0,0,0,80,1712,1505,0.2,0.3,0.5,6.2,174.62,284.75,155.19,154.73,813.23,65100.0,0.55,988.42,65100.0,35805.0,622.91,0.81,0.04,0.15,365.09,0.04,30.0,0.6,0.4,65000.0,39000.0,-186.19,5640.0,205.0,621.0,6559.0,10031.0,6714.0,6385.0,6121.0,15768.0,20635.0,224.56,-238.18,-13.62,-0.46,155.19,88320,0,0,154.73,1840.06,1099.0,0.6,A,202607
41430,1581.0,365.0,-545.0,-702.0,-596.0,802.0,1021.0,313.0,249.0,-368.0,0.75,0.75,0.75,0.76,0.77,-50.0,-12.0,7.0,-24.0,-8.0,0.23,0.27,0.29,0.27,0.27,0,36,35,0,0,313,-4,14,323,377,46,-33,0.55,0.48,0.35,1.02,1.04,0.84,3263,2065,3132,0.45,0.52,0.65,0.2,0.3,0.5,44,1490,1534,297.31,0.3,0.49,44,25.86,0.7,9,53,0,1.0,0.0,25179,9909,110,0.74,0.05,456,0.26,0.2,252,0.22,0.4,0.6,37,745,57061.0,59444.0,60830.0,60598.0,60145.0,59181.0,12075.0,12877.0,13898.0,14211.0,14460.0,14092.0,1185.75,273.75,-408.75,-533.52,-458.92,11.66,601.5,765.75,234.75,189.24,-283.36,301.58,1787.25,1039.5,-174.0,-344.28,-742.28,313.24,494.0,444.0,432.0,439.0,415.0,407.0,-11.5,-3.24,2.03,-6.48,-2.16,-4.27,14.2,6794,7171,7217,7184,2145.54,2187.32,2230.27,2101.99,2101.99,2665.26,42.3,6.89,-4.85,14.78,2913,2065,3132,350,0,0,3263,2065,3132,0.2,0.3,0.5,299.54,335.03,855.04,496.54,511.32,834.49,90600.0,0.55,456.5,90600.0,49830.0,252.48,0.81,0.04,0.14,158.87,0.04,30.0,0.6,0.4,91000.0,54400.0,-259.71,7800.0,147.0,342.0,3430.0,5879.0,4072.0,3519.0,3743.0,10272.0,15347.0,43.7,8.87,52.57,14.78,496.54,56288,0,0,511.32,1311.0,2703.33,2.06,C,202607
41450,4590.0,7242.0,3150.0,1267.0,578.0,6641.0,4304.0,1040.0,1579.0,-61.0,0.64,0.65,0.66,0.67,0.68,92.0,69.0,-73.0,70.0,57.0,0.14,0.14,0.16,0.16,0.16,0,0,0,90,0,3943,6,18,3967,408,226,280,0.46,0.48,0.5,1.34,1.4,1.46,868,45,1114,0.54,0.52,0.5,0.2,0.3,0.5,198,542,740,1756.38,0.3,0.61,321,2211.17,0.7,944,1265,3,1.0,3.0,63120,54216,110,0.74,0.05,1425,0.26,0.2,1720,0.11,0.4,0.6,83,3228,101231.0,112462.0,124008.0,128198.0,131044.0,131561.0,27118.0,33759.0,38063.0,39103.0,40682.0,40621.0,2937.6,4707.3,2079.0,848.89,393.04,2193.17,4250.24,2797.6,686.4,1057.93,-41.48,1750.14,7187.84,7504.9,2765.4,1906.82,351.56,3943.3,1002.0,1094.0,1163.0,1090.0,1160.0,1217.0,12.88,9.66,-11.68,11.2,9.12,6.24,18.0,8686,9094,9320,9600,2987.53,3111.29,3248.28,2222.38,2225.77,2225.77,50.3,45.56,102.2,66.02,866,45,1115,4,2,2,870,47,1117,0.2,0.3,0.5,125.62,9.83,406.61,180.69,246.71,4214.25,75700.0,0.55,1424.62,75700.0,41635.0,1719.73,0.89,0.06,0.04,347.98,0.04,30.0,0.6,0.4,76000.0,45400.0,-216.75,6480.0,170.0,640.0,5702.0,9317.0,6417.0,6153.0,6565.0,17747.0,29415.0,321.42,944.17,1265.59,66.02,180.69,94923,3,0.00003160456369899813533074175911,246.71,4740.17,675.33,0.14,S,202607
41460,7300.0,1880.0,474.0,-143.0,4186.0,7877.0,7303.0,4714.0,4134.0,4278.0,0.68,0.68,0.68,0.68,0.69,386.0,47.0,489.0,189.0,360.0,0.18,0.17,0.16,0.16,0.16,0,0,0,0,0,5729,49,0,5778,-910,719,653,0.43,0.46,0.43,0.99,0.98,0.9,1580,4980,8566,0.57,0.54,0.57,0.2,0.3,0.5,146,3166,3312,3906.88,0.3,0.66,774,1871.16,0.7,864,1638,447,1.0,447.0,159423,97478,110,0.74,0.05,3893,0.26,0.2,3345,0.28,0.4,0.6,486,7724,371752.0,386929.0,396112.0,401300.0,405291.0,413755.0,82279.0,90156.0,97459.0,102173.0,106307.0,110585.0,4964.0,1278.4,322.32,-97.24,2888.34,1871.16,5356.36,4966.04,3205.52,2811.12,2951.82,3858.17,10320.36,6244.44,3527.84,2713.88,5840.16,5729.34,7003.0,7389.0,7436.0,7925.0,8114.0,8474.0,69.48,7.99,78.24,30.24,57.6,48.71,0.0,51197,50287,51006,51659,1766.74,1820.93,1887.07,1780.5,1865.14,2093.7,-77.48,97.24,126.36,48.71,1565,4908,8484,616,601,529,2181,5509,9013,0.2,0.3,0.5,178.32,790.62,2197.18,1055.37,1104.08,6882.13,71200.0,0.55,3893.11,71200.0,39160.0,3345.44,0.78,0.09,0.13,2010.26,0.04,30.0,0.6,0.4,71000.0,42700.0,-203.86,6120.0,723.0,1866.0,17488.0,31856.0,22894.0,20609.0,21456.0,59170.0,109870.0,773.56,864.48,1638.04,48.71,1055.37,342486,447,0.001305162838772971741910618244,1104.08,10463.13,4985.67,0.48,S,202607
41461,1163.0,1263.0,295.0,429.0,3521.0,3321.0,1746.0,1535.0,2129.0,2432.0,0.39,0.39,0.38,0.4,0.43,118.0,24.0,186.0,221.0,303.0,0.13,0.11,0.11,0.11,0.12,0,0,0,0,0,1440,20,0,1460,-418,606,468,0.53,0.59,0.55,0.67,0.65,0.67,348,4436,8004,0.47,0.41,0.45,0.2,0.3,0.5,126,1583,1709,911.18,0.3,0.58,159,548.77,0.7,223,382,0,1.0,0.0,20792,4096,110,0.74,0.05,446,0.26,0.2,124,1.15,0.4,0.6,157,727,95858.0,100342.0,103351.0,105181.0,107739.0,113692.0,26710.0,30031.0,31777.0,33312.0,35441.0,37873.0,453.57,492.57,112.1,171.6,1514.03,548.77,1295.19,680.94,583.3,851.6,1045.76,891.36,1748.76,1173.51,695.4,1023.2,2559.79,1440.13,3716.0,3834.0,3858.0,4044.0,4265.0,4568.0,15.34,2.64,20.46,24.31,36.36,19.82,0.0,10965,10547,11153,11621,1187.08,1221.24,1256.65,1780.5,1865.14,1883.96,-29.69,69.72,86.23,42.09,348,4436,8004,0,0,0,348,4436,8004,0.2,0.3,0.5,21.92,354.66,1206.6,527.73,569.82,2029.77,64100.0,0.55,446.2,64100.0,35255.0,123.54,0.46,0.21,0.32,652.38,0.04,30.0,0.6,0.4,64000.0,38400.0,-183.33,5520.0,272.0,692.0,5787.0,9795.0,6605.0,6063.0,5791.0,14288.0,13085.0,158.55,222.8,381.35,42.09,527.73,84037,0,0.0,569.82,1677.48,4262.67,2.54,C,202607
41463,2491.0,576.0,-576.0,-786.0,905.0,3797.0,2864.0,2018.0,1233.0,1649.0,0.75,0.75,0.75,0.75,0.75,159.0,-61.0,172.0,-33.0,112.0,0.19,0.18,0.18,0.18,0.17,0,0,0,0,0,2126,13,0,2139,-439,217,477,0.46,0.47,0.44,,,,1170,472,0,0.54,0.53,0.56,0.2,0.3,0.5,,,,1746.81,0.3,0.0,0,391.5,0.7,0,0,0,1.0,0.0,0,0,110,0.74,0.05,0,0.26,0.2,0,0.15,0.4,0.6,0,0,151111.0,157399.0,160839.0,162281.0,162728.0,165282.0,31620.0,35417.0,38281.0,40299.0,41532.0,43181.0,1868.25,432.0,-432.0,-589.5,678.75,391.5,2847.75,2148.0,1513.5,924.75,1236.75,1734.15,4716.0,2580.0,1081.5,335.25,1915.5,2125.65,2083.0,2242.0,2181.0,2353.0,2320.0,2432.0,30.21,-10.98,30.96,-5.94,19.04,12.66,0.0,19275,18836,19053,19530,1551.63,1582.44,1631.19,,,,,,,,1170,472,0,0,0,0,1170,472,0,0.2,0.3,0.5,,,,,,,,0.55,0.0,,,0.0,0.87,0.05,0.08,0.0,0.04,30.0,0.6,0.4,,,,,299.0,753.0,7631.0,13376.0,9498.0,8711.0,9255.0,25164.0,44957.0,0.0,0.0,0.0,,,140755,0,0.0,,0.0,547.33,,C,202607
41465,3646.0,41.0,755.0,214.0,-240.0,759.0,2693.0,1161.0,772.0,197.0,0.83,0.82,0.82,0.82,0.82,109.0,84.0,131.0,1.0,-55.0,0.3,0.29,0.27,0.25,0.25,0,0,0,0,0,1648,16,0,1664,-53,-104,-292,0.37,0.4,0.38,0.52,0.52,0.51,47,0,480,0.63,0.6,0.62,0.2,0.3,0.5,-37,79,42,932.76,0.3,0.5,140,731.52,0.7,256,396,0,1.0,0.0,44739,1730,110,0.74,0.05,828,0.26,0.2,45,0.08,0.4,0.6,17,890,124783.0,129188.0,131922.0,133838.0,134824.0,134781.0,23949.0,24708.0,27401.0,28562.0,29334.0,29531.0,3026.18,33.62,619.1,175.48,-196.8,731.52,629.97,2208.26,952.02,633.04,161.54,916.97,3656.15,2241.88,1571.12,808.52,-35.26,1648.48,1204.0,1313.0,1397.0,1528.0,1529.0,1474.0,32.7,24.36,35.37,0.25,-13.75,15.79,0.0,20957,20904,20800,20508,2152.02,2241.74,2341.28,4129.41,4346.75,4575.53,-2.04,-6.49,-28.29,-12.27,47,0,480,0,0,0,47,0,480,0.2,0.3,0.5,3.08,0.0,75.89,26.32,14.05,1678.32,155600.0,0.55,827.67,155600.0,85580.0,44.98,0.93,0.03,0.04,66.5,0.04,30.0,0.6,0.4,156000.0,93300.0,-445.43,13320.0,152.0,421.0,4070.0,8685.0,6791.0,5835.0,6410.0,19718.0,51828.0,139.91,256.03,395.94,-12.27,26.32,117694,0,0.0,14.05,1298.6,175.67,0.14,S,202607
41480,4253.0,4594.0,4866.0,1238.0,4363.0,2365.0,6171.0,3301.0,3721.0,2022.0,0.62,0.61,0.62,0.64,0.65,199.0,54.0,327.0,322.0,334.0,0.14,0.14,0.15,0.14,0.14,0,0,0,0,0,4611,35,0,4646,184,551,297,0.63,0.68,0.65,0.76,0.86,0.58,3989,3540,4857,0.37,0.32,0.35,0.2,0.3,0.5,170,1010,1180,2229.85,0.3,0.6,401,2416.88,0.7,1015,1416,1,1.0,1.0,36460,10141,110,0.74,0.05,809,0.26,0.2,316,0.39,0.4,0.6,105,1230,164306.0,170924.0,181689.0,189856.0,194815.0,201200.0,41438.0,43803.0,49974.0,53275.0,56996.0,59018.0,2636.86,2802.34,3016.92,792.32,2835.95,2416.88,1466.3,3764.31,2046.62,2381.44,1314.3,2194.59,4103.16,6566.65,5063.54,3173.76,4150.25,4611.47,3457.0,3656.0,3710.0,4037.0,4359.0,4693.0,27.86,7.56,49.05,45.08,46.76,35.26,0.0,17171,17355,17906,18203,1121.87,1113.32,1107.35,1467.91,1289.17,1903.53,17.62,96.67,55.98,56.76,3989,3540,4857,1,1,1,3990,3541,4858,0.2,0.3,0.5,224.34,292.26,492.99,336.53,393.29,5040.02,64700.0,0.55,809.41,64700.0,35585.0,316.4,0.71,0.15,0.13,438.74,0.04,30.0,0.6,0.4,65000.0,38800.0,-185.24,5520.0,580.0,1575.0,12304.0,19689.0,13350.0,12784.0,12571.0,31788.0,33168.0,401.37,1015.09,1416.46,56.76,336.53,164935,1,0.000006062994512989965744081001607,393.29,3040.86,4128.67,1.36,B,202607
41500,892.0,1376.0,277.0,94.0,294.0,2156.0,2440.0,1155.0,1824.0,1767.0,0.43,0.43,0.43,0.43,0.43,-8.0,124.0,-87.0,464.0,369.0,0.15,0.17,0.13,0.12,0.12,0,0,0,0,0,1056,22,0,1078,38,303,64,0.7,0.72,0.66,0.48,0.48,0.48,2598,3509,3711,0.3,0.28,0.34,0.2,0.3,0.5,44,519,563,825.12,0.3,0.64,158,252.24,0.7,113,271,1251,0.4,500.40000000000003,7894,2376,110,0.74,0.05,187,0.26,0.2,79,0.91,0.4,0.6,58,324,80367.0,83415.0,87231.0,88663.0,90581.0,92642.0,22176.0,24332.0,26772.0,27927.0,29751.0,31518.0,383.56,591.68,119.11,40.42,126.42,252.24,927.08,1049.2,496.65,784.32,759.81,803.41,1310.64,1640.88,615.76,824.74,886.23,1055.65,2657.0,2649.0,2773.0,2686.0,3150.0,3519.0,-1.2,21.08,-11.31,55.68,44.28,21.71,0.0,10692,10730,11033,11097,854.03,841.66,830.99,1762.74,1754.59,1743.77,2.55,31.42,10.14,14.7,2598,5417,3051,3,3,1911,2601,5420,4962,0.2,0.3,0.5,74.82,141.48,302.82,173.04,187.74,1265.1,59300.0,0.55,186.93,59300.0,32615.0,79.07,0.51,0.28,0.19,242.59,0.04,30.0,0.6,0.4,59000.0,35600.0,-169.96,5040.0,144.0,485.0,3909.0,7072.0,4785.0,4073.0,3999.0,9870.0,11764.0,158.42,113.0,271.42,14.7,173.04,59856,1251,0.02090016038492381716118684844,75.1,670.74,3688.67,5.5,C,202607
41550,920.0,900.0,338.0,146.0,1073.0,2382.0,2033.0,1628.0,562.0,2142.0,0.51,0.52,0.52,0.53,0.55,338.0,478.0,789.0,450.0,390.0,0.21,0.21,0.19,0.2,0.21,0,0,0,0,0,1275,99,0,1374,-99,366,413,0.54,0.59,0.6,0.58,0.58,0.59,3705,712,949,0.46,0.41,0.4,0.2,0.3,0.5,104,360,464,1017.53,0.3,0.75,229,356.1,0.7,187,416,577,0.8,461.6,16427,2256,110,0.74,0.05,456,0.26,0.2,88,0.59,0.4,0.6,77,621,74066.0,77368.0,80301.0,82267.0,82975.0,86190.0,23638.0,26020.0,28053.0,29681.0,30243.0,32385.0,469.2,468.0,175.76,77.38,590.15,356.1,1214.82,1057.16,846.56,297.86,1178.1,918.9,1684.02,1525.16,1022.32,375.24,1768.25,1275.0,5051.0,5389.0,5867.0,6656.0,7106.0,7496.0,70.98,100.38,149.91,90.0,81.9,98.63,0.0,9195,9096,9462,9875,749.52,756.46,758.52,1300.89,1293.57,1293.57,-6.2,37.57,73.1,34.82,2965,794,945,1239,499,581,4204,1293,1526,0.2,0.3,0.5,197.7,50.79,111.98,120.16,154.98,1528.61,44000.0,0.55,455.85,44000.0,24200.0,87.98,0.62,0.27,0.09,322.37,0.04,30.0,0.6,0.4,44000.0,26400.0,-126.04,3840.0,216.0,600.0,4364.0,7880.0,5353.0,4767.0,4410.0,10530.0,8414.0,228.94,186.95,415.89,34.82,120.16,63391,577,0.009102238488113454591345774637,123.98,1161.07,1568.0,1.35,B,202607
41570,9764.0,5042.0,-317.0,418.0,724.0,6050.0,5813.0,2783.0,2829.0,1343.0,0.73,0.73,0.72,0.73,0.73,423.0,260.0,244.0,746.0,699.0,0.12,0.12,0.12,0.12,0.11,0,0,902,0,0,5025,56,180,5261,-572,158,-60,0.54,0.63,0.51,0.64,0.6,0.62,1130,4572,6398,0.46,0.37,0.49,0.2,0.3,0.5,-31,1343,1312,2797.39,0.3,0.6,504,2463.16,0.7,1035,1539,1536,0.8,1228.8000000000002,62672,14624,110,0.74,0.05,1391,0.26,0.2,456,0.2,0.4,0.6,89,1936,156040.0,171854.0,182709.0,185175.0,188422.0,190489.0,35234.0,41284.0,47097.0,49880.0,52709.0,54052.0,7127.72,3680.66,-228.24,305.14,528.52,2282.76,4416.5,4243.49,2003.76,2065.17,980.39,2741.86,11544.22,7924.15,1775.52,2370.31,1508.91,5024.62,6718.0,7141.0,7401.0,7645.0,8391.0,9090.0,50.76,31.2,29.28,89.52,76.89,55.53,180.4,20626,20054,20212,20152,1330.93,1327.64,1325.17,2073.85,2210.56,2131.22,-39.54,17.92,-9.49,-10.37,1696,4258,7681,1,567,253,1697,4825,7934,0.2,0.3,0.5,66.53,304.5,971.86,447.63,437.26,5697.81,72500.0,0.55,1391.32,72500.0,39875.0,456.27,0.83,0.08,0.08,368.04,0.04,30.0,0.6,0.4,72000.0,43500.0,-207.68,6240.0,400.0,1112.0,9522.0,16006.0,11169.0,10603.0,11074.0,29510.0,38452.0,503.53,1034.53,1538.06,-10.37,447.63,160039,1536,0.009597660570236004973787639263,349.81,3823.79,4545.0,1.19,B,202607
41590,12921.0,7495.0,6643.0,10167.0,8730.0,10553.0,12066.0,8467.0,8384.0,4797.0,0.7,0.69,0.7,0.71,0.71,656.0,601.0,1064.0,1270.0,1233.0,0.12,0.12,0.11,0.12,0.12,0,0,0,0,0,12656,114,0,12770,586,1774,434,0.57,0.63,0.65,1.01,1.05,1.09,9811,1220,6211,0.43,0.37,0.35,0.2,0.3,0.5,573,2179,2752,6313.26,0.3,0.75,1420,6456.64,0.7,3390,4810,66,1.0,66.0,163859,112818,110,0.74,0.05,4547,0.26,0.2,4400,0.21,0.4,0.6,451,9398,298397.0,321871.0,341432.0,356542.0,375093.0,388620.0,80611.0,91164.0,103230.0,111697.0,120081.0,124878.0,9044.7,5171.55,4650.1,7218.57,6198.3,6456.64,7387.1,8325.54,5926.9,5952.64,3405.87,6199.61,16431.8,13497.09,10577.0,13171.21,9604.17,12656.25,13792.0,14448.0,15049.0,16113.0,17383.0,18616.0,78.72,72.12,117.04,152.4,147.96,113.65,0.0,35912,36498,38272,38706,1711.17,1731.64,1785.32,1687.69,1642.45,1643.48,67.47,352.05,153.74,191.09,9410,1090,6072,736,335,205,10146,1425,6277,0.2,0.3,0.5,852.18,142.19,1184.75,726.37,917.46,13687.36,55900.0,0.55,4547.09,55900.0,30745.0,4399.9,0.82,0.1,0.07,1895.08,0.04,30.0,0.6,0.4,56000.0,33500.0,-159.93,4800.0,780.0,2143.0,15915.0,31443.0,24112.0,22416.0,21821.0,60539.0,94443.0,1420.48,3389.74,4810.22,191.09,726.37,324342,66,0.0002034889098544129344950700187,917.46,15129.49,5524.0,0.37,S,202607
41610,3733.0,2018.0,2105.0,-405.0,2035.0,2576.0,2772.0,2681.0,2231.0,2205.0,0.33,0.32,0.34,0.35,0.37,132.0,-51.0,134.0,338.0,329.0,0.07,0.07,0.06,0.07,0.07,0,0,0,0,0,1490,12,0,1502,-45,613,471,0.54,0.55,0.54,0.7,0.65,0.6,183,1275,1342,0.46,0.45,0.46,0.2,0.3,0.5,139,309,448,861.15,0.3,0.51,132,640.91,0.7,229,361,158,1.0,158.0,27749,6117,110,0.74,0.05,524,0.26,0.2,162,1.49,0.4,0.6,245,931,136730.0,143039.0,147829.0,152615.0,154441.0,158681.0,32001.0,34577.0,37349.0,40030.0,42261.0,44466.0,1231.89,645.76,715.7,-141.75,752.95,640.91,850.08,887.04,911.54,780.85,815.85,849.07,2081.97,1532.8,1627.24,639.1,1568.8,1489.98,4439.0,4571.0,4520.0,4654.0,4992.0,5321.0,9.24,-3.57,8.04,23.66,23.03,12.08,0.0,15178,15133,15746,16217,1280.79,1295.55,1308.78,1832.85,2002.94,2185.87,-3.4,65.74,76.3,46.21,0,1951,818,189,6,682,189,1957,1500,0.2,0.3,0.5,11.79,111.88,185.2,102.96,149.17,1651.23,74300.0,0.55,523.62,74300.0,40865.0,162.22,0.4,0.12,0.47,1019.72,0.04,30.0,0.6,0.4,74000.0,44600.0,-212.93,6360.0,387.0,1208.0,9191.0,15676.0,10454.0,9988.0,10211.0,24556.0,22536.0,131.76,228.8,360.56,46.21,102.96,128238,158,0.001232084093638391116517724855,149.17,1440.3,923.0,0.64,A,202607
41630,2544.0,2006.0,1101.0,7493.0,6859.0,2524.0,2180.0,1711.0,4610.0,3670.0,0.69,0.7,0.7,0.74,0.75,63.0,116.0,-127.0,295.0,341.0,0.2,0.19,0.18,0.22,0.22,0,0,0,0,0,5050,30,0,5080,347,2495,483,0.47,0.48,0.52,0.71,0.67,0.66,2604,4011,5488,0.53,0.52,0.48,0.2,0.3,0.5,347,1485,1832,2156.17,0.3,0.66,427,2923.87,0.7,1351,1778,2601,0.4,1040.4,32319,9719,110,0.74,0.05,789,0.26,0.2,334,0.27,0.4,0.6,73,1196,81582.0,86650.0,90836.0,93648.0,105751.0,116280.0,19909.0,22433.0,24613.0,26324.0,30934.0,34604.0,1755.36,1404.2,770.7,5544.82,5144.25,2923.87,1741.56,1526.0,1197.7,3411.4,2752.5,2125.83,3496.92,2930.2,1968.4,8956.22,7896.75,5049.7,2124.0,2187.0,2303.0,2176.0,2471.0,2812.0,12.6,22.04,-22.86,64.9,75.02,30.34,0.0,8009,8356,10851,11334,1000.75,995.78,993.32,1412.04,1492.65,1497.81,23.16,240.72,82.88,115.59,2451,3800,7359,1094,941,730,3545,4741,8089,0.2,0.3,0.5,195.98,419.23,869.3,494.84,610.43,5690.47,50900.0,0.55,789.23,50900.0,27995.0,333.56,0.78,0.11,0.1,304.2,0.04,30.0,0.6,0.4,51000.0,30600.0,-146.09,4440.0,383.0,1102.0,8623.0,13610.0,8762.0,8063.0,7792.0,18078.0,13316.0,426.92,1350.83,1777.75,115.59,494.84,109149,2601,0.02382981062584173927383668197,244.17,3217.72,4536.67,1.41,B,202607
41650,155.0,298.0,-62.0,-830.0,-406.0,1097.0,1682.0,5779.0,-4322.0,687.0,0.31,0.31,0.29,0.31,0.32,172.0,-40.0,68.0,323.0,198.0,0.08,0.1,0.08,0.1,0.1,0,0,0,0,0,231,13,0,244,109,271,240,0.71,0.72,0.62,,,,757,-37,0,0.29,0.28,0.38,0.2,0.3,0.5,,,,296.94,0.3,0.0,0,-52.95,0.7,0,0,123,1.0,123.0,0,0,110,0.74,0.05,0,0.26,0.2,0,1.6,0.4,0.6,0,0,58273.0,59525.0,61505.0,67222.0,62070.0,62351.0,17991.0,19088.0,20770.0,26549.0,22227.0,22914.0,48.05,92.38,-17.98,-257.3,-129.92,-52.95,340.07,521.42,1675.91,-1339.82,219.84,283.48,388.12,613.8,1657.93,-1597.12,89.92,230.53,3859.0,4031.0,3991.0,4059.0,4382.0,4580.0,13.76,-4.0,5.44,32.3,19.8,13.46,0.0,6243,6352,6623,6863,675.75,687.04,695.65,,,,,,,,843,0,0,0,86,123,843,86,123,0.2,0.3,0.5,,,,,,,,0.55,0.0,,,0.0,0.38,0.37,0.23,0.0,0.04,30.0,0.6,0.4,,,,,127.0,441.0,3562.0,5480.0,3161.0,2725.0,2522.0,5272.0,3182.0,0.0,-0.0,0.0,,,36740,123,0.003347849755035383777898747959,,0.0,281.0,,C,202607
41670,506.0,330.0,469.0,387.0,239.0,825.0,1007.0,904.0,1288.0,760.0,0.28,0.28,0.3,0.32,0.33,113.0,39.0,-66.0,165.0,149.0,0.08,0.07,0.1,0.11,0.09,0,0,0,0,0,405,7,0,412,313,418,306,0.61,0.66,0.65,0.5,0.5,0.5,0,763,485,0.39,0.34,0.35,0.2,0.3,0.5,110,81,191,296.77,0.3,0.62,55,115.5,0.7,50,105,265,0.6,159.0,4111,2630,110,0.74,0.05,94,0.26,0.2,85,1.72,0.4,0.6,74,253,42903.0,44234.0,45571.0,46944.0,48619.0,49618.0,12463.0,13288.0,14295.0,15199.0,16487.0,17247.0,141.68,92.4,140.7,123.84,78.87,115.5,231.0,281.96,271.2,412.16,250.8,289.42,372.68,374.36,411.9,536.0,329.67,404.92,1003.0,1116.0,1155.0,1089.0,1254.0,1403.0,9.04,2.73,-6.6,18.15,13.41,7.35,0.0,6340,6653,7071,7377,774.03,778.63,779.28,1551.36,1551.36,1551.36,19.09,41.38,49.72,36.73,0,769,744,0,0,6,0,769,750,0.2,0.3,0.5,0.0,38.91,42.44,27.12,63.85,476.12,52700.0,0.55,94.31,52700.0,28985.0,84.79,0.36,0.48,0.14,307.42,0.04,30.0,0.6,0.4,53000.0,31600.0,-150.86,4560.0,55.0,228.0,1927.0,3252.0,2122.0,1638.0,1571.0,3797.0,2802.0,55.2,50.13,105.33,36.73,27.12,24954,265,0.01061953995351446661857818386,38.31,396.52,504.33,1.27,B,202607
41800,-43.0,-155.0,-42.0,-170.0,-147.0,376.0,483.0,127.0,390.0,-14.0,0.27,0.28,0.27,0.28,0.28,-14.0,-3.0,-3.0,94.0,53.0,0.12,0.12,0.06,0.08,0.09,0,0,0,0,0,44,2,0,46,27,179,90,0.63,0.63,0.63,,,,114,191,4,0.37,0.37,0.37,0.2,0.3,0.5,,,,77.28,0.3,0.0,0,-31.02,0.7,0,0,37,1.0,37.0,0,0,110,0.74,0.05,0,0.26,0.2,0,2.07,0.4,0.6,0,0,17681.0,18014.0,18342.0,18427.0,18647.0,18486.0,5824.0,6200.0,6683.0,6810.0,7200.0,7186.0,-11.61,-43.4,-11.34,-47.6,-41.16,-31.02,101.52,135.24,34.29,109.2,-3.92,75.27,89.91,91.84,22.95,61.6,-45.08,44.24,333.0,319.0,316.0,313.0,407.0,460.0,-1.68,-0.36,-0.18,7.52,4.77,2.01,0.0,1912,1939,2118,2208,640.2,648.58,652.89,,,,,,,,0,100,0,246,132,41,246,232,41,0.2,0.3,0.5,,,,,,,,0.55,0.0,,,0.0,0.32,0.51,0.14,0.0,0.04,30.0,0.6,0.4,,,,,41.0,109.0,836.0,1250.0,741.0,588.0,531.0,924.0,563.0,0.0,-0.0,0.0,,,8293,37,0.004461594115519112504521885928,,0.0,33.33,,C,202607
41820,138.0,-70.0,122.0,49.0,180.0,564.0,639.0,429.0,420.0,520.0,0.18,0.18,0.18,0.21,0.22,0.0,38.0,-6.0,21.0,50.0,0.08,0.07,0.07,0.07,0.07,0,0,0,0,0,116,1,0,117,127,177,257,0.61,0.6,0.63,0.57,0.57,0.55,7,680,43,0.39,0.4,0.37,0.2,0.3,0.5,72,51,123,100.71,0.3,0.61,18,16.82,0.7,7,25,209,0.4,83.60000000000001,1568,0,110,0.74,0.05,35,0.26,0.2,0,3.54,0.4,0.6,30,65,24950.0,25652.0,26221.0,26772.0,27241.0,27941.0,8432.0,8996.0,9635.0,10064.0,10484.0,11004.0,24.84,-12.6,21.96,10.29,39.6,16.82,101.52,115.02,77.22,88.2,114.4,99.27,126.36,102.42,99.18,98.49,154.0,116.09,357.0,357.0,395.0,389.0,410.0,460.0,0.0,2.66,-0.42,1.47,3.5,1.44,0.0,3772,3899,4076,4333,761.28,763.9,769.75,1332.52,1332.52,1399.14,8.83,18.16,44.53,23.84,0,932,0,7,0,252,7,932,252,0.2,0.3,0.5,0.31,46.51,4.38,17.07,40.91,158.44,47600.0,0.55,35.39,47600.0,26180.0,0.0,0.21,0.55,0.21,125.13,0.04,30.0,0.6,0.4,48000.0,28500.0,-136.06,4080.0,38.0,114.0,1061.0,1546.0,883.0,706.0,660.0,1356.0,1025.0,18.43,7.18,25.61,23.84,17.07,12887,209,0.01621789400170714673702180492,16.36,107.39,310.67,2.89,C,202607
41830,853.0,667.0,661.0,707.0,843.0,796.0,1025.0,641.0,997.0,932.0,0.14,0.14,0.15,0.18,0.2,14.0,21.0,-28.0,62.0,32.0,0.05,0.05,0.06,0.08,0.09,0,0,0,0,0,265,2,0,267,331,672,427,0.54,0.62,0.58,0.74,0.7,0.67,16,590,122,0.46,0.38,0.42,0.2,0.3,0.5,197,65,262,144.97,0.3,0.57,25,121.56,0.7,49,74,482,0.4,192.8,4835,207,110,0.74,0.05,102,0.26,0.2,6,4.17,0.4,0.6,108,216,45895.0,47544.0,49236.0,50538.0,52242.0,54017.0,14153.0,14949.0,15974.0,16615.0,17612.0,18544.0,119.42,93.38,99.15,127.26,168.6,121.56,111.44,143.5,96.15,179.46,186.4,143.39,230.86,236.88,195.3,306.72,355.0,264.95,562.0,576.0,597.0,569.0,631.0,663.0,0.7,1.05,-1.68,4.96,2.88,1.58,0.0,7803,8134,8806,9233,1106.05,1112.39,1121.08,1501.46,1580.49,1663.67,26.45,87.49,82.97,65.64,0,588,455,167,151,149,167,739,604,0.2,0.3,0.5,1.09,47.08,17.17,21.78,87.42,353.95,56600.0,0.55,101.97,56600.0,31130.0,6.14,0.19,0.66,0.13,450.94,0.04,30.0,0.6,0.4,57000.0,33900.0,-161.84,4800.0,58.0,180.0,1359.0,2564.0,1567.0,1231.0,1187.0,2570.0,2378.0,24.79,48.5,73.29,65.64,21.78,19630,482,0.02455425369332654100866021396,34.97,324.59,347.67,1.07,B,202607
51000,4583.0,48.0,738.0,-3141.0,-1819.0,22514.0,13641.0,9429.0,16656.0,6012.0,0.47,0.48,0.48,0.48,0.49,403.0,397.0,768.0,1821.0,1482.0,0.17,0.16,0.17,0.15,0.14,0,0,0,0,0,6546,149,0,6695,2216,3540,2338,0.71,0.71,0.72,0.56,0.54,0.53,7819,5522,4652,0.29,0.29,0.28,0.2,0.3,0.5,1029,859,1888,6667.83,0.3,0.67,1340,26.46,0.7,12,1352,2943,0.8,2354.4,82731,29914,110,0.74,0.05,2051,0.26,0.2,1042,0.72,0.4,0.6,534,3627,633942.0,661039.0,674728.0,684895.0,698410.0,702603.0,208857.0,231371.0,245012.0,254441.0,271097.0,277109.0,2154.01,23.04,354.24,-1507.68,-891.31,26.46,10581.58,6547.68,4525.92,7994.88,2945.88,6519.19,12735.59,6570.72,4880.16,6487.2,2054.57,6545.65,6442.0,6845.0,7242.0,8010.0,9831.0,11313.0,68.51,63.52,130.56,273.15,207.48,148.64,0.0,78262,80478,84018,86356,757.62,760.04,763.49,1361.37,1405.98,1434.46,176.22,407.17,446.09,343.16,9172,5929,3187,2648,4001,4408,11820,9930,7595,0.2,0.3,0.5,253.96,259.42,345.18,286.19,629.35,7323.64,48800.0,0.55,2050.9,48800.0,26840.0,1042.2,0.57,0.36,0.05,2242.21,0.04,30.0,0.6,0.4,49000.0,29300.0,-139.88,4200.0,1351.0,4027.0,34869.0,56027.0,33920.0,28634.0,27763.0,63401.0,58803.0,1340.23,12.41,1352.64,343.16,286.19,430982,2943,0.006828591449294866142901559694,503.48,5487.35,6096.0,1.11,B,202607
51110,968.0,538.0,712.0,-195.0,-278.0,3512.0,3259.0,3477.0,2861.0,1062.0,0.55,0.56,0.57,0.56,0.56,55.0,50.0,84.0,117.0,305.0,0.1,0.11,0.12,0.1,0.09,0,0,0,0,0,1782,12,0,1794,495,259,-45,0.78,0.79,0.78,0.59,0.57,0.57,2497,552,904,0.22,0.21,0.22,0.2,0.3,0.5,71,141,212,1599.13,0.3,0.65,312,194.93,0.7,89,401,165,1.0,165.0,20903,10442,110,0.74,0.05,503,0.26,0.2,353,0.4,0.4,0.6,82,938,113550.0,118030.0,121827.0,126016.0,128682.0,129466.0,36313.0,39825.0,43084.0,46561.0,49422.0,50484.0,532.4,301.28,405.84,-109.2,-155.68,194.93,1931.6,1825.04,1981.89,1602.16,594.72,1587.08,2464.0,2126.32,2387.73,1492.96,439.04,1782.01,1542.0,1597.0,1647.0,1731.0,1848.0,2153.0,5.5,5.5,10.08,11.7,27.45,12.05,0.0,12401,12896,13155,13110,920.29,923.16,922.99,1567.8,1624.56,1624.56,45.56,34.99,-10.0,23.52,2456,705,787,170,129,282,2626,834,1069,0.2,0.3,0.5,64.82,19.82,56.68,47.11,70.63,1864.69,55200.0,0.55,502.72,55200.0,30360.0,352.94,0.7,0.25,0.03,345.28,0.04,30.0,0.6,0.4,55000.0,33100.0,-158.02,4800.0,254.0,741.0,6521.0,10668.0,6875.0,5907.0,5919.0,14213.0,15132.0,311.83,88.69,400.52,23.52,47.11,82247,165,0.002006152200080246088003209844,70.63,1409.68,1316.0,0.93,A,202607
51130,2158.0,1093.0,1287.0,50.0,342.0,5732.0,3773.0,2813.0,3085.0,1700.0,0.63,0.63,0.64,0.64,0.65,76.0,83.0,288.0,300.0,226.0,0.3,0.26,0.27,0.28,0.27,0,0,0,0,0,2799,53,0,2852,133,612,367,0.73,0.7,0.73,0.55,0.54,0.54,2038,3159,2531,0.27,0.3,0.27,0.2,0.3,0.5,152,399,551,2227.0,0.3,0.73,488,625.22,0.7,319,807,427,1.0,427.0,29859,12656,110,0.74,0.05,806,0.26,0.2,480,0.29,0.4,0.6,90,1376,142352.0,150242.0,155108.0,159208.0,162343.0,164385.0,46208.0,51940.0,55713.0,58526.0,61611.0,63311.0,1359.54,688.59,823.68,32.0,222.3,625.22,3611.16,2376.99,1800.32,1974.4,1105.0,2173.57,4970.7,3065.58,2624.0,2006.4,1327.3,2798.8,1256.0,1332.0,1415.0,1703.0,2003.0,2229.0,22.8,21.58,77.76,84.0,61.02,53.43,0.0,16119,16252,16864,17231,719.57,718.6,719.37,1307.85,1338.95,1341.1,10.68,69.4,72.34,50.81,2193,2977,1730,1255,1410,1228,3448,4387,2958,0.2,0.3,0.5,60.53,153.53,184.51,132.86,183.67,3035.9,45600.0,0.55,806.49,45600.0,25080.0,480.42,0.77,0.21,0.02,375.36,0.04,30.0,0.6,0.4,46000.0,27400.0,-130.81,3960.0,398.0,1149.0,9297.0,15559.0,9834.0,8535.0,8561.0,19802.0,19495.0,487.71,319.49,807.2,50.81,132.86,120076,427,0.003556081148605882940804157367,183.67,2367.87,2300.0,0.97,A,202607
51150,423.0,127.0,-346.0,-609.0,-378.0,5516.0,946.0,-1096.0,1864.0,447.0,0.46,0.47,0.49,0.49,0.5,114.0,126.0,102.0,330.0,266.0,0.13,0.12,0.12,0.1,0.09,0,0,0,0,0,636,20,0,656,249,497,380,0.68,0.75,0.75,0.57,0.57,0.55,750,442,311,0.32,0.25,0.25,0.2,0.3,0.5,161,68,229,736.18,0.3,0.65,144,-80.54,0.7,-37,107,941,0.4,376.40000000000003,12521,4155,110,0.74,0.05,301,0.26,0.2,140,0.64,0.4,0.6,68,509,92093.0,98032.0,99105.0,97663.0,98918.0,98987.0,32119.0,37635.0,38581.0,37485.0,39349.0,39796.0,194.58,59.69,-169.54,-298.41,-189.0,-80.54,2537.36,444.62,-537.04,913.36,223.5,716.36,2731.94,504.31,-706.58,614.95,34.5,635.82,880.0,994.0,1120.0,1222.0,1552.0,1818.0,14.82,15.12,12.24,33.0,23.94,19.82,0.0,10336,10585,11082,11462,804.45,810.42,822.39,1415.23,1415.23,1486.0,19.3,63.74,78.38,53.81,1583,555,0,306,1139,1252,1889,1694,1252,0.2,0.3,0.5,27.36,18.9,21.38,22.55,76.36,732.0,50500.0,0.55,301.13,50500.0,27775.0,140.44,0.6,0.33,0.05,282.75,0.04,30.0,0.6,0.4,51000.0,30300.0,-144.66,4320.0,171.0,577.0,5489.0,8104.0,4731.0,4135.0,4091.0,8943.0,8391.0,143.56,-36.65,106.91,53.81,22.55,60830,941,0.01546934078579648199901364458,30.54,646.88,712.67,1.1,B,202607
51170,259.0,-48.0,-151.0,-393.0,-188.0,954.0,1017.0,779.0,861.0,472.0,0.59,0.6,0.61,0.61,0.62,46.0,-133.0,-3.0,52.0,32.0,0.14,0.22,0.25,0.2,0.22,0,0,0,0,0,428,-1,0,427,74,95,155,0.66,0.75,0.66,,,,14,5,0,0.34,0.25,0.34,0.2,0.3,0.5,,,,491.99,0.3,0.0,0,-64.88,0.7,0,0,0,1.0,0.0,0,0,110,0.74,0.05,0,0.26,0.2,0,0.47,0.4,0.6,0,0,36214.0,37427.0,38396.0,39024.0,39492.0,39776.0,10543.0,11497.0,12514.0,13293.0,14154.0,14626.0,152.81,-28.8,-92.11,-239.73,-116.56,-64.88,562.86,610.2,475.19,525.21,292.64,493.22,715.67,581.4,383.08,285.48,176.08,428.34,376.0,422.0,289.0,286.0,338.0,370.0,6.44,-29.26,-0.75,10.4,7.04,-1.23,0.0,4066,4140,4235,4390,594.55,606.39,621.4,,,,,,,,0,0,0,19,5,0,19,5,0,0.2,0.3,0.5,,,,,,,,0.55,0.0,,,0.0,0.67,0.25,0.07,0.0,0.04,30.0,0.6,0.4,,,,,101.0,335.0,2656.0,4274.0,2443.0,2205.0,2083.0,4612.0,3813.0,0.0,-0.0,0.0,,,31993,0,0,,0.0,0.0,,C,202607
51190,-222.0,-308.0,-370.0,-246.0,-253.0,272.0,445.0,190.0,360.0,147.0,0.51,0.51,0.51,0.52,0.53,-3.0,7.0,9.0,21.0,41.0,0.58,0.53,0.55,0.48,0.42,0,0,0,0,0,1,7,0,8,5,139,183,0.66,0.63,0.66,,,,1226,0,0,0.34,0.37,0.34,0.2,0.3,0.5,,,,152.38,0.3,0.0,0,-144.2,0.7,0,0,0,1.0,0.0,0,0,110,0.74,0.05,0,0.26,0.2,0,0.71,0.4,0.6,0,0,18536.0,18586.0,18723.0,18543.0,18657.0,18551.0,6148.0,6420.0,6865.0,7055.0,7415.0,7562.0,-113.22,-157.08,-188.7,-127.92,-134.09,-144.2,138.72,226.95,96.9,187.2,77.91,145.54,25.5,69.87,-91.8,59.28,-56.18,1.33,84.0,81.0,88.0,97.0,118.0,159.0,-1.74,3.71,4.95,10.08,17.22,6.84,0.0,2206,2211,2350,2533,404.76,406.64,408.83,,,,,,,,1226,0,0,0,0,0,1226,0,0,0.2,0.3,0.5,,,,,,,,0.55,0.0,,,0.0,0.57,0.28,0.13,0.0,0.04,30.0,0.6,0.4,,,,,47.0,151.0,1377.0,1859.0,1090.0,857.0,753.0,1698.0,1425.0,0.0,-0.0,0.0,,,15706,0,0,,0.0,408.67,,C,202607
51210,327.0,-43.0,86.0,-188.0,-176.0,1011.0,1148.0,760.0,728.0,250.0,0.62,0.63,0.64,0.65,0.65,34.0,35.0,10.0,82.0,98.0,0.32,0.32,0.29,0.25,0.21,0,0,0,0,0,493,13,0,506,118,195,55,0.6,0.66,0.62,,,,409,691,333,0.4,0.34,0.38,0.2,0.3,0.5,,,,507.64,0.3,0.0,0,-1.18,0.7,0,0,686,0.4,274.40000000000003,0,0,110,0.74,0.05,0,0.26,0.2,0,0.37,0.4,0.6,0,0,34213.0,35551.0,36656.0,37502.0,38042.0,38116.0,11111.0,12122.0,13270.0,14030.0,14758.0,15008.0,202.74,-27.09,55.04,-122.2,-114.4,-1.18,626.82,723.24,486.4,473.2,162.5,494.43,829.56,696.15,541.44,351.0,48.1,493.25,318.0,352.0,387.0,397.0,479.0,577.0,10.88,11.2,2.9,20.5,20.58,13.21,0.0,4571,4689,4884,4939,847.44,843.26,835.77,,,,,,,,925,1024,0,170,686,1019,1095,1710,1019,0.2,0.3,0.5,,,,,,,,0.55,0.0,,,0.0,0.72,0.21,0.06,0.0,0.04,30.0,0.6,0.4,,,,,93.0,311.0,2820.0,4341.0,2510.0,2000.0,1876.0,4088.0,3298.0,0.0,-0.0,0.0,,,31985,686,0.02144755354072221353759574801,,0.0,649.67,,C,202607
51230,-279.0,-389.0,-41.0,-277.0,-184.0,1682.0,-821.0,163.0,826.0,234.0,0.38,0.4,0.41,0.41,0.42,5.0,-1.0,20.0,53.0,37.0,0.2,0.17,0.19,0.15,0.2,0,0,0,0,0,69,4,0,73,187,204,310,0.7,0.76,0.69,0.41,0.4,0.41,21,-38,217,0.3,0.24,0.31,0.2,0.3,0.5,73,13,86,166.91,0.3,0.63,32,-93.86,0.7,-41,-9,279,0.4,111.60000000000001,1703,0,110,0.74,0.05,40,0.26,0.2,0,1.06,0.4,0.6,10,50,29361.0,30764.0,29554.0,29676.0,30225.0,30275.0,10834.0,12516.0,11695.0,11858.0,12684.0,12918.0,-106.02,-155.6,-16.81,-113.57,-77.28,-93.86,639.16,-328.4,66.83,338.66,98.28,162.91,533.14,-484.0,50.02,225.09,21.0,69.05,219.0,224.0,223.0,243.0,296.0,333.0,1.0,-0.17,3.8,7.95,7.4,4.0,0.0,3444,3631,3835,4145,569.14,583.43,605.54,1386.44,1459.41,1459.41,10.73,18.6,43.85,24.39,0,0,418,61,40,78,61,40,496,0.2,0.3,0.5,0.52,-1.09,13.79,4.41,28.8,101.85,49600.0,0.55,39.7,49600.0,27280.0,0.0,0.48,0.42,0.08,41.97,0.04,30.0,0.6,0.4,50000.0,29800.0,-142.27,4320.0,59.0,143.0,1454.0,2294.0,1367.0,1141.0,1040.0,2309.0,1947.0,31.55,-41.39,-9.84,24.39,4.41,18256,279,0.01528264680105170902716914987,11.52,51.45,139.33,2.71,C,202607
51720,182.0,-243.0,-33.0,-190.0,45.0,669.0,685.0,418.0,841.0,332.0,0.25,0.24,0.23,0.22,0.24,-42.0,14.0,31.0,117.0,153.0,0.07,0.08,0.08,0.07,0.06,0,0,0,0,0,128,4,0,132,264,291,182,0.74,0.74,0.74,0.46,0.44,0.42,100,439,5,0.26,0.26,0.26,0.2,0.3,0.5,75,18,93,142.11,0.3,0.57,24,-10.28,0.7,-4,20,0,1.0,0.0,1131,49,110,0.74,0.05,24,0.26,0.2,1,2.6,0.4,0.6,16,41,28356.0,29207.0,29649.0,30034.0,30685.0,31062.0,9206.0,9875.0,10560.0,10978.0,11819.0,12151.0,45.5,-58.32,-7.59,-41.8,10.8,-10.28,167.25,164.4,96.14,185.02,79.68,138.5,212.75,106.08,88.55,143.22,90.48,128.22,326.0,284.0,298.0,329.0,446.0,599.0,-2.94,1.12,2.48,8.19,9.18,3.61,0.0,4744,5008,5299,5481,642.41,650.16,658.75,1407.87,1478.26,1552.17,17.97,28.42,28.28,24.89,100,439,0,5,5,5,105,444,5,0.2,0.3,0.5,2.39,15.07,0.27,5.91,30.8,162.63,52800.0,0.55,23.85,52800.0,29040.0,1.45,0.27,0.63,0.07,65.8,0.04,30.0,0.6,0.4,53000.0,31700.0,-151.34,4560.0,56.0,139.0,1049.0,1670.0,891.0,693.0,662.0,1528.0,1051.0,24.3,-4.1,20.2,24.89,5.91,11427,0,0,30.8,92.09,179.67,1.95,C,202607
51730,187.0,52.0,91.0,-91.0,-69.0,425.0,334.0,246.0,850.0,292.0,0.19,0.2,0.2,0.2,0.2,-2.0,51.0,65.0,113.0,66.0,0.1,0.08,0.07,0.07,0.08,0,0,0,0,0,91,4,0,95,156,318,38,0.67,0.73,0.68,,,,35,7,0,0.33,0.27,0.32,0.2,0.3,0.5,,,,89.35,0.3,0.0,0,6.43,0.7,0,0,0,1.0,0.0,0,0,110,0.74,0.05,0,0.26,0.2,0,3.42,0.4,0.6,0,0,18912.0,19524.0,19910.0,20247.0,21006.0,21229.0,5958.0,6383.0,6717.0,6963.0,7813.0,8105.0,35.53,10.4,18.2,-18.2,-13.8,6.43,80.75,66.8,49.2,170.0,58.4,85.03,116.28,77.2,67.4,151.8,44.6,91.46,223.0,221.0,272.0,337.0,450.0,516.0,-0.2,4.08,4.55,7.91,5.28,4.32,0.0,3574,3730,4048,4086,618.34,616.81,621.15,,,,,,,,0,0,0,42,7,0,42,7,0,0.2,0.3,0.5,,,,,,,,0.55,0.0,,,0.0,0.22,0.72,0.04,0.0,0.04,30.0,0.6,0.4,,,,,,47.0,588.0,903.0,522.0,397.0,377.0,898.0,581.0,0.0,0.0,0.0,,,5824,0,0,,0.0,0.0,,C,202607
51750,23.0,-80.0,-16.0,-76.0,-102.0,438.0,201.0,381.0,534.0,196.0,0.2,0.23,0.23,0.23,0.23,-14.0,10.0,8.0,47.0,33.0,0.17,0.13,0.15,0.13,0.12,0,0,0,0,0,66,2,0,68,112,98,117,0.68,0.66,0.72,,,,0,0,102,0.32,0.34,0.28,0.2,0.3,0.5,,,,79.91,0.3,0.0,0,-11.68,0.7,0,0,0,1.0,0.0,0,0,110,0.74,0.05,0,0.26,0.2,0,2.81,0.4,0.6,0,0,16608.0,17069.0,17190.0,17555.0,18013.0,18107.0,6067.0,6505.0,6706.0,7087.0,7621.0,7817.0,4.6,-18.4,-3.68,-17.48,-23.46,-11.68,87.6,46.23,87.63,122.82,45.08,77.87,92.2,27.83,83.95,105.34,21.62,66.19,101.0,87.0,97.0,105.0,152.0,185.0,-2.38,1.3,1.2,6.11,3.96,2.04,0.0,2547,2659,2757,2874,593.69,598.68,601.57,,,,,,,,0,0,102,0,0,0,0,0,102,0.2,0.3,0.5,,,,,,,,0.55,0.0,,,0.0,0.26,0.64,0.08,0.0,0.04,30.0,0.6,0.4,,,,,,43.0,497.0,797.0,456.0,355.0,293.0,680.0,559.0,0.0,-0.0,0.0,,,6427,0,0,,0.0,34.0,,C,202607
51760,54.0,-174.0,-20.0,-78.0,-42.0,493.0,388.0,205.0,549.0,250.0,0.16,0.16,0.16,0.16,0.17,13.0,22.0,18.0,88.0,21.0,0.16,0.18,0.17,0.12,0.13,0,0,0,0,0,52,4,0,56,102,139,146,0.39,0.24,0.42,,,,40,52,32,0.61,0.76,0.58,0.2,0.3,0.5,,,,65.3,0.3,0.0,0,-8.4,0.7,0,0,251,0.4,100.4,0,0,110,0.74,0.05,0,0.26,0.2,0,2.71,0.4,0.6,0,0,17758.0,18305.0,18519.0,18704.0,19175.0,19383.0,6300.0,6793.0,7181.0,7386.0,7935.0,8185.0,8.64,-27.84,-3.2,-12.48,-7.14,-8.4,78.88,62.08,32.8,87.84,42.5,60.82,87.52,34.24,29.6,75.36,35.36,52.42,181.0,194.0,216.0,234.0,322.0,343.0,2.08,3.96,3.06,10.56,2.73,4.48,0.0,2695,2797,2936,3082,626.56,639.25,646.82,,,,,,,,0,0,0,375,335,283,375,335,283,0.2,0.3,0.5,,,,,,,,0.55,0.0,,,0.0,0.26,0.58,0.14,0.0,0.04,30.0,0.6,0.4,,,,,,57.0,516.0,838.0,452.0,308.0,259.0,545.0,357.0,0.0,-0.0,0.0,,,9571,251,0.02622505485320238219621774109,,0.0,0.0,,C,202607
51770,66.0,-195.0,-157.0,-243.0,-143.0,614.0,192.0,87.0,454.0,203.0,0.27,0.27,0.28,0.28,0.28,-11.0,10.0,13.0,41.0,32.0,0.2,0.16,0.14,0.11,0.11,0,0,0,0,0,48,2,0,50,58,73,180,0.8,0.73,0.61,,,,152,32,177,0.2,0.27,0.39,0.2,0.3,0.5,,,,87.04,0.3,0.0,0,-37.37,0.7,0,0,9,1.0,9.0,0,0,110,0.74,0.05,0,0.26,0.2,0,1.93,0.4,0.6,0,0,15595.0,16275.0,16272.0,16202.0,16413.0,16473.0,5572.0,6186.0,6378.0,6465.0,6919.0,7122.0,17.82,-52.65,-43.96,-68.04,-40.04,-37.37,165.78,51.84,24.36,127.12,56.84,85.19,183.6,-0.81,-19.6,59.08,16.8,47.81,91.0,80.0,90.0,103.0,144.0,176.0,-2.2,1.6,1.82,4.51,3.52,1.85,0.0,2093,2151,2224,2404,416.7,419.28,426.9,,,,,,,,100,0,150,120,68,36,220,68,186,0.2,0.3,0.5,,,,,,,,0.55,0.0,,,0.0,0.33,0.59,0.05,0.0,0.04,30.0,0.6,0.4,,,,,,65.0,667.0,866.0,524.0,416.0,397.0,839.0,499.0,0.0,-0.0,0.0,,,6860,9,0.001311953352769679300291545190,,0.0,83.33,,C,202607
51780,33.0,-254.0,-153.0,-287.0,-198.0,165.0,379.0,67.0,645.0,182.0,0.25,0.26,0.26,0.25,0.26,-39.0,11.0,-7.0,128.0,39.0,0.23,0.16,0.13,0.12,0.16,0,0,0,0,0,29,3,0,32,32,96,91,0.88,0.84,0.8,,,,98,22,7,0.12,0.16,0.2,0.2,0.3,0.5,,,,75.86,0.3,0.0,0,-44.16,0.7,0,0,18,1.0,18.0,0,0,110,0.74,0.05,0,0.26,0.2,0,2.15,0.4,0.6,0,0,16770.0,16968.0,17093.0,17007.0,17365.0,17349.0,4634.0,4799.0,5178.0,5245.0,5890.0,6072.0,8.25,-66.04,-39.78,-71.75,-51.48,-44.16,41.25,98.54,17.42,161.25,47.32,73.16,49.5,32.5,-22.36,89.5,-4.16,29.0,299.0,260.0,271.0,264.0,392.0,431.0,-8.97,1.76,-0.91,15.36,6.24,2.7,0.0,1676,1708,1804,1895,494.18,491.72,498.02,,,,,,,,90,0,0,55,47,25,145,47,25,0.2,0.3,0.5,,,,,,,,0.55,0.0,,,0.0,0.31,0.54,0.12,0.0,0.04,30.0,0.6,0.4,,,,,,68.0,390.0,867.0,497.0,353.0,290.0,729.0,513.0,0.0,-0.0,0.0,,,7572,18,0.002377179080824088748019017433,,0.0,30.0,,C,202607
51790,111.0,-144.0,-143.0,-102.0,11.0,75.0,250.0,145.0,334.0,37.0,0.25,0.26,0.25,0.24,0.24,-16.0,10.0,6.0,49.0,21.0,0.1,0.1,0.12,0.05,0.0,0,0,0,0,0,28,1,0,29,31,62,76,0.76,0.81,0.9,,,,120,0,0,0.24,0.19,0.1,0.2,0.3,0.5,,,,42.32,0.3,0.0,0,-13.46,0.7,0,0,0,1.0,0.0,0,0,110,0.74,0.05,0,0.26,0.2,0,2.19,0.4,0.6,0,0,9713.0,9899.0,10005.0,10007.0,10239.0,10287.0,3306.0,3381.0,3631.0,3776.0,4110.0,4147.0,27.75,-37.44,-35.75,-24.48,2.64,-13.46,18.75,65.0,36.25,80.16,8.88,41.81,46.5,27.56,0.5,55.68,11.52,28.35,99.0,83.0,93.0,99.0,148.0,169.0,-1.6,1.0,0.72,2.45,0.0,0.51,0.0,1196,1227,1289,1365,747.83,747.03,743.75,,,,,,,,120,0,0,0,0,0,120,0,0,0.2,0.3,0.5,,,,,,,,0.55,0.0,,,0.0,0.31,0.6,0.07,0.0,0.04,30.0,0.6,0.4,,,,,,,199.0,443.0,244.0,191.0,135.0,307.0,183.0,0.0,-0.0,0.0,,,3754,0,0,,0.0,40.0,,C,202607
51800,8.0,-46.0,-119.0,-65.0,-60.0,-6.0,258.0,208.0,270.0,0.0,0.27,0.27,0.27,0.26,0.26,-4.0,31.0,17.0,106.0,7.0,0.08,0.15,0.17,0.07,0.06,0,0,0,0,0,24,3,0,27,36,49,14,0.74,0.82,0.82,,,,0,100,0,0.26,0.18,0.18,0.2,0.3,0.5,,,,41.89,0.3,0.0,0,-14.98,0.7,0,0,0,1.0,0.0,0,0,110,0.74,0.05,0,0.26,0.2,0,2.02,0.4,0.6,0,0,8519.0,8521.0,8733.0,8822.0,9027.0,8967.0,2537.0,2531.0,2789.0,2997.0,3267.0,3267.0,2.16,-12.42,-32.13,-16.9,-15.6,-14.98,-1.62,69.66,56.16,70.2,0.0,38.88,0.54,57.24,24.03,53.3,-15.6,23.9,81.0,77.0,108.0,125.0,231.0,238.0,-0.32,4.65,2.89,7.42,0.42,3.01,0.0,951,987,1036,1050,628.12,640.64,644.72,,,,,,,,0,100,0,0,0,0,0,100,0,0.2,0.3,0.5,,,,,,,,0.55,0.0,,,0.0,0.32,0.59,0.06,0.0,0.04,30.0,0.6,0.4,,,,,,33.0,230.0,480.0,261.0,223.0,189.0,463.0,343.0,0.0,-0.0,0.0,,,3167,0,0,,0.0,33.33,,C,202607
51810,136.0,41.0,38.0,-87.0,-54.0,130.0,712.0,126.0,599.0,126.0,0.24,0.24,0.25,0.24,0.25,-28.0,32.0,53.0,70.0,6.0,0.0,0.06,0.05,0.02,0.04,0,0,0,0,0,85,1,0,86,35,144,50,0.73,0.86,0.82,0.66,0.67,0.64,0,17,27,0.27,0.14,0.18,0.2,0.3,0.5,41,2,43,83.01,0.3,0.88,22,3.52,0.7,2,24,85,0.4,34.0,605,435,110,0.74,0.05,20,0.26,0.2,20,2.06,0.4,0.6,20,60,12326.0,12592.0,13345.0,13509.0,14021.0,14093.0,3926.0,4056.0,4768.0,4894.0,5493.0,5619.0,32.64,9.84,9.5,-20.88,-13.5,3.52,31.2,170.88,31.5,143.76,31.5,81.77,63.84,180.72,41.0,122.88,18.0,85.29,123.0,95.0,127.0,180.0,250.0,256.0,-0.0,1.92,2.65,1.4,0.24,1.24,0.0,1774,1809,1953,2003,655.09,660.02,667.84,987.72,987.72,1037.11,3.37,24.89,13.12,13.79,0,129,0,0,0,112,0,129,112,0.2,0.3,0.5,0.0,0.48,1.56,0.68,14.47,101.0,35300.0,0.55,19.7,35300.0,19415.0,19.91,0.32,0.58,0.07,81.52,0.04,30.0,0.6,0.4,35000.0,21200.0,-101.21,3000.0,,68.0,375.0,805.0,486.0,385.0,334.0,702.0,474.0,21.91,2.17,24.08,13.79,0.68,5321,85,0.01597444089456869009584664537,5.79,89.05,43.0,0.48,S,202607
51820,1.0,113.0,131.0,-36.0,-51.0,590.0,156.0,186.0,593.0,23.0,0.14,0.18,0.2,0.19,0.2,213.0,22.0,51.0,69.0,92.0,0.0,0.0,0.02,0.02,0.02,0,0,0,0,0,59,1,0,60,86,116,17,0.45,0.67,0.54,,,,100,0,0,0.55,0.33,0.46,0.2,0.3,0.5,,,,53.88,0.3,0.0,0,5.93,0.7,0,0,0,1.0,0.0,0,0,110,0.74,0.05,0,0.26,0.2,0,2.87,0.4,0.6,0,0,11132.0,11723.0,11992.0,12309.0,12866.0,12838.0,3823.0,4413.0,4569.0,4755.0,5348.0,5371.0,0.14,20.34,26.2,-6.84,-10.2,5.93,82.6,28.08,37.2,112.67,4.6,53.03,82.74,48.42,63.4,105.83,-5.6,58.96,142.0,355.0,377.0,428.0,497.0,589.0,0.0,0.0,1.02,1.38,1.84,0.85,0.0,1838,1924,2040,2057,761.66,749.03,752.13,,,,,,,,100,0,0,0,0,0,100,0,0,0.2,0.3,0.5,,,,,,,,0.55,0.0,,,0.0,0.25,0.69,0.03,0.0,0.04,30.0,0.6,0.4,,,,,,36.0,283.0,546.0,340.0,219.0,237.0,484.0,307.0,0.0,0.0,0.0,,,4056,0,0,,0.0,33.33,,C,202607
51830,148.0,8.0,-58.0,-28.0,-41.0,242.0,319.0,274.0,402.0,59.0,0.26,0.27,0.27,0.26,0.26,6.0,17.0,3.0,38.0,7.0,0.18,0.22,0.18,0.18,0.13,0,0,0,0,0,70,3,0,73,43,153,22,0.47,0.53,0.57,,,,219,42,6,0.53,0.47,0.43,0.2,0.3,0.5,,,,71.2,0.3,0.0,0,1.41,0.7,0,0,82,0.6,49.199999999999996,0,0,110,0.74,0.05,0,0.26,0.2,0,1.76,0.4,0.6,0,0,11934.0,12324.0,12651.0,12867.0,13241.0,13259.0,4252.0,4494.0,4813.0,5087.0,5489.0,5548.0,38.48,2.16,-15.66,-7.28,-10.66,1.41,62.92,86.13,73.98,104.52,15.34,68.58,101.4,88.29,58.32,97.24,4.68,69.99,101.0,107.0,124.0,127.0,165.0,172.0,1.08,3.74,0.54,6.84,0.91,2.62,0.0,2031,2074,2227,2249,709.9,713.43,706.4,,,,,,,,279,0,0,70,130,88,349,130,88,0.2,0.3,0.5,,,,,,,,0.55,0.0,,,0.0,0.35,0.56,0.06,0.0,0.04,30.0,0.6,0.4,,,,,,37.0,461.0,713.0,397.0,314.0,267.0,561.0,435.0,0.0,0.0,0.0,,,5910,82,0.01387478849407783417935702200,,0.0,93.0,,C,202607
43000,3197.0,646.0,556.0,-1058.0,-60.0,21012.0,16043.0,8697.0,16425.0,6817.0,0.49,0.5,0.51,0.51,0.52,827.0,836.0,1456.0,1875.0,2417.0,0.19,0.2,0.2,0.21,0.21,0,574,0,0,1200,7255,303,355,7913,152,2437,1807,0.63,0.62,0.64,0.61,0.59,0.59,9292,8209,9591,0.37,0.38,0.36,0.2,0.3,0.5,620,1990,2610,7238.26,0.3,0.73,1585,675.26,0.7,345,1930,2400,0.8,1920.0,103490,60766,110,0.74,0.05,2795,0.26,0.2,2307,0.62,0.4,0.6,759,5861,654713.0,678922.0,695611.0,704864.0,720231.0,726988.0,215196.0,236208.0,252251.0,260948.0,277373.0,284190.0,1566.53,323.0,283.56,-539.58,-31.2,320.46,10295.88,8021.5,4435.47,8376.75,3544.84,6934.89,11862.41,8344.5,4719.03,7837.17,3513.64,7255.35,15353.0,16180.0,17016.0,18472.0,20347.0,22764.0,157.13,167.2,291.2,393.75,507.57,303.37,354.8,74328,74480,76917,78724,792.48,799.81,808.31,1292.97,1362.37,1380.49,11.68,267.44,341.16,206.76,9509,6959,9799,3225,3442,2192,12734,10401,11991,0.2,0.3,0.5,419.44,552.14,1018.56,663.38,870.14,8783.66,46900.0,0.55,2795.26,46900.0,25795.0,2306.68,0.61,0.32,0.06,3138.24,0.04,30.0,0.6,0.4,47000.0,28200.0,-134.63,4080.0,1270.0,3754.0,35168.0,57162.0,37617.0,32603.0,31323.0,76788.0,80314.0,1585.18,345.06,1930.24,206.76,663.38,463699,2400,0.005175771351674254203696794688,696.11,8481.47,8755.67,1.03,B,202607
43130,306.0,51.0,-67.0,-42.0,-207.0,2585.0,2217.0,847.0,1621.0,1108.0,0.48,0.48,0.49,0.49,0.5,149.0,-32.0,100.0,103.0,142.0,0.16,0.17,0.18,0.2,0.2,0,0,0,0,0,817,17,0,834,-139,331,411,0.82,0.78,0.79,0.48,0.45,0.46,3,937,-36,0.18,0.22,0.21,0.2,0.3,0.5,99,26,125,830.74,0.3,0.63,157,2.89,0.7,1,158,298,1.0,298.0,9211,3855,110,0.74,0.05,215,0.26,0.2,126,0.7,0.4,0.6,57,398,90191.0,93082.0,95350.0,96130.0,97709.0,98610.0,30972.0,33557.0,35774.0,36621.0,38242.0,39350.0,146.88,24.48,-32.83,-20.58,-103.5,2.89,1240.8,1064.16,415.03,794.29,554.0,813.66,1387.68,1088.64,382.2,773.71,450.5,816.55,1937.0,2086.0,2054.0,2154.0,2257.0,2399.0,23.84,-5.44,18.0,20.6,28.4,17.08,0.0,10597,10458,10789,11200,703.74,707.01,712.87,1471.42,1563.1,1563.1,-10.94,34.85,74.68,32.86,0,937,243,22,19,19,22,956,262,0.2,0.3,0.5,0.05,27.83,-1.74,8.71,41.57,875.2,53100.0,0.55,214.71,53100.0,29205.0,126.29,0.58,0.32,0.09,238.02,0.04,30.0,0.6,0.4,53000.0,31900.0,-152.3,4560.0,188.0,542.0,5296.0,8025.0,4994.0,4461.0,4273.0,9869.0,8154.0,157.01,1.27,158.28,32.86,8.71,64302,298,0.004634381512239121644738888371,41.57,597.97,393.33,0.66,A,202607
43150,-149.0,-355.0,-296.0,-261.0,-379.0,2407.0,764.0,-866.0,1234.0,264.0,0.48,0.49,0.5,0.49,0.49,10.0,52.0,71.0,185.0,140.0,0.27,0.27,0.27,0.27,0.27,0,0,0,0,0,225,25,0,250,37,153,230,0.73,0.75,0.76,,,,-610,215,286,0.27,0.25,0.24,0.2,0.3,0.5,,,,390.88,0.3,0.0,0,-141.41,0.7,0,0,109,1.0,109.0,0,0,110,0.74,0.05,0,0.26,0.2,0,0.74,0.4,0.6,0,0,57422.0,59680.0,60089.0,58927.0,59900.0,59785.0,19298.0,21705.0,22469.0,21603.0,22837.0,23101.0,-71.52,-173.95,-148.0,-127.89,-185.71,-141.41,1155.36,374.36,-433.0,604.66,129.36,366.15,1083.84,200.41,-581.0,476.77,-56.35,224.73,429.0,439.0,491.0,562.0,747.0,887.0,2.7,14.04,19.17,49.95,37.8,24.73,0.0,6055,6092,6245,6475,610.68,615.14,618.84,,,,,,,,0,0,0,0,610,395,0,610,395,0.2,0.3,0.5,,,,,,,,0.55,0.0,,,0.0,0.56,0.37,0.05,0.0,0.04,30.0,0.6,0.4,,,,,120.0,320.0,3368.0,4840.0,2914.0,2575.0,2331.0,5298.0,4532.0,0.0,-0.0,0.0,,,35586,109,0.003063002304276962850559208678,,0.0,0.0,,C,202607
43110,2703.0,1571.0,515.0,-159.0,771.0,11194.0,8933.0,6536.0,11063.0,4038.0,0.58,0.59,0.6,0.6,0.61,269.0,349.0,631.0,842.0,932.0,0.14,0.14,0.14,0.14,0.14,0,0,0,0,0,5593,85,0,5678,-214,900,365,0.56,0.56,0.59,0.68,0.66,0.66,8742,5790,8454,0.44,0.44,0.41,0.2,0.3,0.5,155,2171,2326,5041.75,0.3,0.75,1134,635.71,0.7,334,1468,748,1.0,748.0,80063,54067,110,0.74,0.05,2222,0.26,0.2,2109,0.31,0.4,0.6,322,4653,334431.0,348328.0,358832.0,365883.0,376787.0,381596.0,105678.0,116872.0,125805.0,132341.0,143404.0,147442.0,1567.74,926.89,309.0,-95.4,470.31,635.71,6492.52,5270.47,3921.6,6637.8,2463.18,4957.11,8060.26,6197.36,4230.6,6542.4,2933.49,5592.82,6448.0,6717.0,7066.0,7697.0,8539.0,9471.0,37.66,48.86,88.34,117.88,130.48,84.64,0.0,34789,34575,35475,35840,880.2,889.36,900.49,1285.35,1352.65,1372.58,-16.3,99.79,71.07,51.52,8766,5801,8961,206,230,241,8972,6031,9202,0.2,0.3,0.5,523.12,504.42,1143.83,723.79,775.31,6452.77,46700.0,0.55,2221.75,46700.0,25685.0,2108.61,0.75,0.2,0.03,1337.22,0.04,30.0,0.6,0.4,47000.0,28000.0,-133.68,3960.0,687.0,1999.0,18857.0,31853.0,21381.0,18891.0,18559.0,47997.0,57497.0,1134.39,333.75,1468.14,51.52,723.79,265577,748,0.002816508959736724189218192840,775.31,6894.74,7842.67,1.14,B,202607
43111,3623.0,1764.0,536.0,1231.0,-466.0,2320.0,2831.0,2199.0,2278.0,479.0,0.62,0.63,0.63,0.65,0.65,-11.0,37.0,11.0,37.0,42.0,0.18,0.23,0.22,0.23,0.21,0,0,0,0,0,2118,5,0,2123,-230,381,-162,0.54,0.57,0.64,0.66,0.66,0.67,1211,1220,1407,0.46,0.43,0.36,0.2,0.3,0.5,-8,347,339,1285.13,0.3,0.79,305,838.5,0.7,464,769,0,1.0,0.0,17760,13238,110,0.74,0.05,519,0.26,0.2,544,0.36,0.4,0.6,92,1155,66169.0,72112.0,76707.0,79442.0,82951.0,82964.0,16579.0,18899.0,21730.0,23929.0,26207.0,26686.0,2246.26,1111.32,337.68,800.15,-302.9,838.5,1438.4,1783.53,1385.37,1480.7,311.35,1279.87,3684.66,2894.85,1723.05,2280.85,8.45,2118.37,418.0,407.0,444.0,455.0,492.0,534.0,-1.98,8.51,2.42,8.51,8.82,5.26,0.0,8155,7925,8306,8144,842.01,846.93,850.58,1282.9,1282.9,1267.58,-16.39,43.0,-34.73,-2.71,1211,1220,1407,0,0,0,1211,1220,1407,0.2,0.3,0.5,73.53,103.87,169.68,115.69,112.98,2236.61,43100.0,0.55,519.12,43100.0,23705.0,543.82,0.73,0.22,0.04,383.96,0.04,30.0,0.6,0.4,43000.0,25900.0,-123.65,3720.0,149.0,476.0,4442.0,7441.0,4723.0,4172.0,4293.0,11033.0,11950.0,304.58,463.69,768.27,-2.71,115.69,60584,0,0.0,112.98,2036.34,1279.33,0.63,A,202607
43112,-1940.0,-877.0,-255.0,-1540.0,-1171.0,2810.0,-589.0,1724.0,2866.0,182.0,0.59,0.62,0.63,0.62,0.63,109.0,145.0,239.0,298.0,183.0,0.12,0.11,0.11,0.11,0.11,0,0,0,0,0,146,22,0,168,-193,14,-85,0.49,0.53,0.51,0.54,0.51,0.51,1755,2330,3719,0.51,0.47,0.49,0.2,0.3,0.5,-20,729,709,875.73,0.3,0.7,184,-708.3,0.7,-347,-163,0,1.0,0.0,13551,4090,110,0.74,0.05,351,0.26,0.2,149,0.28,0.4,0.6,34,534,83743.0,84613.0,83147.0,84616.0,85942.0,84953.0,27725.0,30535.0,29946.0,31670.0,34536.0,34718.0,-1144.6,-543.74,-160.65,-954.8,-737.73,-708.3,1657.9,-365.18,1086.12,1776.92,114.66,854.08,513.3,-908.92,925.47,822.12,-623.07,145.78,1408.0,1517.0,1662.0,1901.0,2199.0,2382.0,13.08,15.95,26.29,32.78,20.13,21.65,0.0,7736,7543,7557,7472,729.49,726.55,723.84,1348.41,1419.37,1419.37,-10.21,1.14,-11.05,-6.71,1755,2330,3719,0,0,0,1755,2330,3719,0.2,0.3,0.5,96.67,167.55,464.69,242.97,236.26,403.69,48300.0,0.55,350.97,48300.0,26565.0,148.88,0.77,0.19,0.03,141.12,0.04,30.0,0.6,0.4,48000.0,29000.0,-138.45,4200.0,168.0,497.0,5168.0,7970.0,4971.0,4280.0,4133.0,9979.0,10611.0,183.9,-347.07,-163.17,-6.71,242.97,60237,0,0.0,236.26,606.81,2601.33,4.29,C,202607
43113,1610.0,603.0,234.0,1201.0,2753.0,4187.0,3923.0,1597.0,4431.0,2710.0,0.57,0.57,0.57,0.58,0.6,132.0,166.0,286.0,366.0,338.0,0.12,0.11,0.12,0.12,0.12,0,574,0,0,1200,2694,31,355,3080,-15,399,395,0.6,0.55,0.56,0.82,0.82,0.8,5156,2251,3755,0.4,0.45,0.44,0.2,0.3,0.5,141,1248,1389,1976.37,0.3,0.79,468,1103.43,0.7,610,1078,0,1.0,0.0,31561,23440,110,0.74,0.05,923,0.26,0.2,963,0.27,0.4,0.6,122,2008,105115.0,110912.0,115438.0,117269.0,122901.0,128364.0,35043.0,39230.0,43153.0,44750.0,49181.0,51891.0,917.7,343.71,133.38,696.58,1651.8,748.63,2386.59,2236.11,910.29,2569.98,1626.0,1945.79,3304.29,2579.82,1043.67,3266.56,3277.8,2694.43,2854.0,2986.0,3152.0,3438.0,3804.0,4142.0,15.84,18.26,34.32,43.92,40.56,30.58,354.8,11167,11152,11551,11946,1050.7,1074.51,1104.31,1285.99,1309.82,1376.54,-1.48,53.98,88.48,46.99,5156,2251,3755,0,0,0,5156,2251,3755,0.2,0.3,0.5,338.23,249.19,660.88,416.1,463.09,3542.9,46800.0,0.55,922.53,46800.0,25740.0,962.92,0.78,0.18,0.03,517.7,0.04,30.0,0.6,0.4,47000.0,28100.0,-134.15,4080.0,216.0,557.0,5428.0,9690.0,7235.0,6464.0,6266.0,16781.0,23003.0,468.4,610.2,1078.6,46.99,416.1,88951,0,0.0,463.09,3551.39,3720.67,1.05,B,202607
43114,-590.0,81.0,0.0,-1051.0,-345.0,1877.0,2768.0,1016.0,1488.0,667.0,0.56,0.56,0.56,0.56,0.57,39.0,1.0,95.0,141.0,369.0,0.17,0.18,0.19,0.19,0.17,0,0,0,0,0,663,23,0,686,224,106,217,0.6,0.62,0.67,,,,644,0,80,0.4,0.38,0.33,0.2,0.3,0.5,,,,899.61,0.3,0.0,0,-214.05,0.7,0,0,0,1.0,0.0,0,0,110,0.74,0.05,0,0.26,0.2,0,0.33,0.4,0.6,0,0,79404.0,80691.0,83540.0,84556.0,84993.0,85315.0,26331.0,28208.0,30976.0,31992.0,33480.0,34147.0,-330.4,45.36,0.0,-588.56,-196.65,-214.05,1051.12,1550.08,568.96,833.28,380.19,876.73,720.72,1595.44,568.96,244.72,183.54,662.68,1768.0,1807.0,1808.0,1903.0,2044.0,2413.0,6.63,0.18,18.05,26.79,62.73,22.88,0.0,7731,7955,8061,8278,813.76,815.23,818.74,,,,,,,,644,0,80,0,0,0,644,0,80,0.2,0.3,0.5,,,,,,,,0.55,0.0,,,0.0,0.74,0.21,0.03,0.0,0.04,30.0,0.6,0.4,,,,,154.0,469.0,3819.0,6752.0,4452.0,3975.0,3867.0,10204.0,11933.0,0.0,-0.0,0.0,,,55805,0,0.0,,0.0,241.33,,C,202607
43720,-51.0,-124.0,-83.0,65.0,-141.0,313.0,295.0,246.0,-245.0,151.0,0.16,0.18,0.18,0.18,0.18,-3.0,16.0,12.0,12.0,18.0,0.15,0.2,0.23,0.23,0.25,0,0,0,0,0,14,3,0,17,28,151,89,0.7,0.4,0.7,,,,0,0,0,0.3,0.6,0.3,0.2,0.3,0.5,,,,28.66,0.3,0.0,0,-11.82,0.7,0,0,59,0.4,23.6,0,0,110,0.74,0.05,0,0.26,0.2,0,3.9,0.4,0.6,0,0,14044.0,14306.0,14477.0,14640.0,14460.0,14470.0,4768.0,5081.0,5376.0,5622.0,5377.0,5528.0,-8.16,-22.32,-14.94,11.7,-25.38,-11.82,50.08,53.1,44.28,-44.1,27.18,26.11,41.92,30.78,29.34,-32.4,1.8,14.29,139.0,136.0,152.0,164.0,176.0,194.0,-0.45,3.2,2.76,2.76,4.5,2.55,0.0,2503,2531,2682,2771,489.25,492.43,497.02,,,,,,,,59,0,0,0,59,59,59,59,59,0.2,0.3,0.5,,,,,,,,0.55,0.0,,,0.0,0.2,0.74,0.04,0.0,0.04,30.0,0.6,0.4,,,,,,38.0,390.0,596.0,325.0,271.0,248.0,517.0,338.0,0.0,-0.0,0.0,,,3875,59,0.01522580645161290322580645161,,0.0,19.67,,C,202607
43730,66.0,10.0,-44.0,-348.0,-198.0,324.0,566.0,209.0,536.0,170.0,0.24,0.26,0.26,0.26,0.27,-24.0,23.0,11.0,34.0,89.0,0.15,0.17,0.18,0.2,0.2,0,0,0,0,0,66,5,0,71,38,146,25,0.69,0.7,0.78,,,,242,302,60,0.31,0.3,0.22,0.2,0.3,0.5,,,,98.28,0.3,0.0,0,-27.39,0.7,0,0,216,0.4,86.4,0,0,110,0.74,0.05,0,0.26,0.2,0,2.58,0.4,0.6,0,0,20331.0,20721.0,21297.0,21462.0,21650.0,21622.0,5818.0,6142.0,6708.0,6917.0,7453.0,7623.0,15.84,2.6,-11.44,-90.48,-53.46,-27.39,77.76,147.16,54.34,139.36,45.9,92.9,93.6,149.76,42.9,48.88,-7.56,65.52,213.0,189.0,212.0,223.0,257.0,346.0,-3.6,3.91,1.98,6.8,17.8,5.38,0.0,2886,2924,3070,3095,669.18,686.51,689.06,,,,,,,,70,0,0,750,578,276,820,578,276,0.2,0.3,0.5,,,,,,,,0.55,0.0,,,0.0,0.27,0.63,0.07,0.0,0.04,30.0,0.6,0.4,,,,,,91.0,828.0,1158.0,680.0,656.0,546.0,1179.0,784.0,0.0,-0.0,0.0,,,8098,216,0.02667325265497653741664608545,,0.0,23.33,,C,202607
43740,-138.0,-360.0,-196.0,-121.0,-90.0,373.0,495.0,-366.0,678.0,-85.0,0.16,0.17,0.17,0.18,0.18,27.0,12.0,51.0,45.0,39.0,0.12,0.23,0.3,0.32,0.29,0,0,0,0,0,7,9,0,16,34,48,103,0.78,0.75,0.81,,,,199,39,0,0.22,0.25,0.19,0.2,0.3,0.5,,,,47.07,0.3,0.0,0,-30.92,0.7,0,0,4,1.0,4.0,0,0,110,0.74,0.05,0,0.26,0.2,0,3.85,0.4,0.6,0,0,20749.0,20984.0,21119.0,20557.0,21114.0,20939.0,7302.0,7675.0,8170.0,7804.0,8482.0,8397.0,-22.08,-61.2,-33.32,-21.78,-16.2,-30.92,59.68,84.15,-62.22,122.04,-15.3,37.67,37.6,22.95,-95.54,100.26,-31.5,6.75,217.0,244.0,256.0,307.0,352.0,391.0,3.24,2.76,15.3,14.4,11.31,9.4,0.0,2689,2723,2771,2874,516.81,522.07,525.12,,,,,,,,200,35,0,7,8,4,207,43,4,0.2,0.3,0.5,,,,,,,,0.55,0.0,,,0.0,0.2,0.71,0.07,0.0,0.04,30.0,0.6,0.4,,,,,,49.0,570.0,802.0,482.0,367.0,362.0,742.0,602.0,0.0,-0.0,0.0,,,6193,4,0.0006458905215565961569513967383,,0.0,78.33,,C,202607
43750,666.0,518.0,252.0,5.0,477.0,1204.0,1331.0,792.0,442.0,238.0,0.5,0.52,0.52,0.53,0.55,198.0,178.0,216.0,214.0,384.0,0.25,0.25,0.24,0.26,0.26,0,0,0,0,0,614,60,0,674,44,171,267,0.69,0.56,0.67,,,,35,160,100,0.31,0.44,0.33,0.2,0.3,0.5,,,,474.48,0.3,0.0,0,199.68,0.7,0,0,100,1.0,100.0,0,0,110,0.74,0.05,0,0.26,0.2,0,0.67,0.4,0.6,0,0,32901.0,34771.0,36620.0,37664.0,38111.0,38826.0,10651.0,11855.0,13186.0,13978.0,14420.0,14658.0,333.0,269.36,131.04,2.65,262.35,199.68,602.0,692.12,411.84,234.26,130.9,414.22,935.0,961.48,542.88,236.91,393.25,613.9,2379.0,2577.0,2755.0,2971.0,3185.0,3569.0,49.5,44.5,51.84,55.64,99.84,60.26,0.0,4110,4154,4325,4592,671.3,680.33,684.48,,,,,,,,0,154,0,241,206,200,241,360,200,0.2,0.3,0.5,,,,,,,,0.55,0.0,,,0.0,0.59,0.27,0.12,0.0,0.04,30.0,0.6,0.4,,,,,85.0,213.0,1988.0,3697.0,2701.0,2307.0,2017.0,5033.0,3830.0,0.0,0.0,0.0,,,31197,100,0.003205436420168605955700868673,,0.0,51.33,,C,202607
43760,119.0,-115.0,72.0,-127.0,-92.0,1077.0,-97.0,14.0,235.0,194.0,0.08,0.07,0.07,0.07,0.07,10.0,6.0,15.0,43.0,78.0,0.08,0.09,0.05,0.06,0.05,0,0,0,0,0,20,2,0,22,92,104,124,0.7,0.81,0.72,,,,0,0,350,0.3,0.19,0.28,0.2,0.3,0.5,,,,23.79,0.3,0.0,0,-1.76,0.7,0,0,0,1.0,0.0,0,0,110,0.74,0.05,0,0.26,0.2,0,10.18,0.4,0.6,0,0,17013.0,18209.0,17997.0,18083.0,18191.0,18293.0,6477.0,7554.0,7457.0,7471.0,7706.0,7900.0,9.52,-8.05,5.04,-8.89,-6.44,-1.76,86.16,-6.79,0.98,16.45,13.58,22.08,95.68,-14.84,6.02,7.56,7.14,20.31,213.0,223.0,229.0,244.0,287.0,365.0,0.8,0.54,0.75,2.58,3.9,1.71,0.0,2553,2645,2749,2873,485.71,488.51,493.08,,,,,,,,0,0,350,0,0,0,0,0,350,0.2,0.3,0.5,,,,,,,,0.55,0.0,,,0.0,0.09,0.85,0.05,0.0,0.04,30.0,0.6,0.4,,,,,,,281.0,413.0,196.0,146.0,154.0,296.0,206.0,0.0,-0.0,0.0,,,2288,0,0,,0.0,116.67,,C,202607
43770,-169.0,-283.0,242.0,-125.0,-61.0,973.0,981.0,676.0,352.0,413.0,0.41,0.42,0.42,0.43,0.43,180.0,171.0,271.0,321.0,452.0,0.26,0.28,0.29,0.3,0.3,0,0,0,0,0,251,81,0,332,118,119,109,0.57,0.59,0.58,,,,267,734,377,0.43,0.41,0.42,0.2,0.3,0.5,,,,365.79,0.3,0.0,0,-33.3,0.7,0,0,866,0.4,346.40000000000003,0,0,110,0.74,0.05,0,0.26,0.2,0,0.83,0.4,0.6,0,0,39538.0,40342.0,41040.0,41958.0,42185.0,42537.0,14555.0,15528.0,16509.0,17185.0,17537.0,17950.0,-69.29,-118.86,101.64,-53.75,-26.23,-33.3,398.93,412.02,283.92,151.36,177.59,284.76,329.64,293.16,385.56,97.61,151.36,251.47,2988.0,3168.0,3339.0,3610.0,3931.0,4383.0,46.8,47.88,78.59,96.3,135.6,81.03,0.0,4851,4969,5088,5197,524.94,531.68,541.04,,,,,,,,0,0,245,1999,1732,998,1999,1732,1243,0.2,0.3,0.5,,,,,,,,0.55,0.0,,,0.0,0.54,0.37,0.08,0.0,0.04,30.0,0.6,0.4,,,,,102.0,283.0,2613.0,4038.0,2686.0,2151.0,1887.0,4019.0,2747.0,0.0,-0.0,0.0,,,29453,866,0.02940277730621668420873934743,,0.0,81.67,,C,202607
43800,-115.0,-102.0,-112.0,-24.0,-90.0,181.0,202.0,177.0,160.0,176.0,0.18,0.18,0.18,0.2,0.2,-10.0,14.0,16.0,42.0,38.0,0.2,0.19,0.15,0.16,0.09,0,0,0,0,0,17,3,0,20,48,243,108,0.75,0.73,0.76,,,,0,0,0,0.25,0.27,0.24,0.2,0.3,0.5,,,,36.24,0.3,0.0,0,-16.4,0.7,0,0,0,1.0,0.0,0,0,110,0.74,0.05,0,0.26,0.2,0,3.69,0.4,0.6,0,0,12719.0,12785.0,12885.0,12950.0,13086.0,13172.0,4469.0,4650.0,4852.0,5029.0,5189.0,5365.0,-20.7,-18.36,-20.16,-4.8,-18.0,-16.4,32.58,36.36,31.86,32.0,35.2,33.6,11.88,18.0,11.7,27.2,17.2,17.2,54.0,44.0,58.0,74.0,116.0,154.0,-2.0,2.66,2.4,6.72,3.42,2.64,0.0,1900,1948,2191,2299,598.85,609.05,620.77,,,,,,,,0,0,0,0,0,0,0,0,0,0.2,0.3,0.5,,,,,,,,0.55,0.0,,,0.0,0.21,0.68,0.09,0.0,0.04,30.0,0.6,0.4,,,,,,56.0,434.0,610.0,348.0,282.0,245.0,566.0,415.0,0.0,-0.0,0.0,,,4464,0,0,,0.0,0.0,,C,202607
43745,-41.0,-165.0,273.0,79.0,-50.0,381.0,356.0,432.0,349.0,150.0,0.55,0.55,0.57,0.58,0.59,21.0,47.0,62.0,34.0,105.0,0.23,0.22,0.26,0.27,0.24,0,0,0,0,0,200,13,0,213,66,71,-24,0.46,0.6,0.57,,,,414,32,0,0.54,0.4,0.43,0.2,0.3,0.5,,,,201.63,0.3,0.0,0,11.73,0.7,0,0,0,1.0,0.0,0,0,110,0.74,0.05,0,0.26,0.2,0,0.43,0.4,0.6,0,0,15374.0,15714.0,15905.0,16610.0,17038.0,17138.0,5208.0,5589.0,5945.0,6377.0,6726.0,6876.0,-22.55,-90.75,155.61,45.82,-29.5,11.73,209.55,195.8,246.24,202.42,88.5,188.5,187.0,105.05,401.85,248.24,59.0,200.23,336.0,357.0,404.0,466.0,500.0,605.0,4.83,10.34,16.12,9.18,25.2,13.13,0.0,1395,1461,1532,1508,590.33,595.43,598.96,,,,,,,,414,32,0,0,0,0,414,32,0,0.2,0.3,0.5,,,,,,,,0.55,0.0,,,0.0,0.69,0.25,0.05,0.0,0.04,30.0,0.6,0.4,,,,,36.0,107.0,1054.0,1638.0,1000.0,910.0,772.0,1950.0,1404.0,0.0,0.0,0.0,,,12666,0,0,,0.0,148.67,,C,202607
44000,3920.0,953.0,2427.0,3255.0,2531.0,24200.0,22459.0,13309.0,14006.0,13376.0,0.46,0.47,0.48,0.49,0.5,1728.0,1786.0,3100.0,4375.0,3802.0,0.22,0.22,0.22,0.23,0.24,0,756,0,0,217,9581,675,195,10451,-220,2844,2872,0.6,0.61,0.61,0.5,0.51,0.52,9269,15103,9200,0.4,0.39,0.39,0.2,0.3,0.5,708,2205,2913,9000.16,0.3,0.69,1863,1449.9,0.7,700,2563,8140,0.6,4884.0,101471,38405,110,0.74,0.05,2591,0.26,0.2,1378,0.72,0.4,0.6,686,4655,864102.0,892222.0,915634.0,931370.0,948631.0,964538.0,280773.0,304973.0,327432.0,340741.0,354747.0,368123.0,1803.2,447.91,1164.96,1594.95,1265.5,1255.3,11132.0,10555.73,6388.32,6862.94,6688.0,8325.4,12935.2,11003.64,7553.28,8457.89,7953.5,9580.7,26901.0,28629.0,30415.0,33515.0,37890.0,41692.0,380.16,392.92,682.0,1006.25,912.48,674.76,194.6,116485,116265,119109,121981,765.98,769.07,772.3,1544.83,1519.84,1495.53,-13.2,265.43,455.5,235.91,6244,13433,13526,8509,5484,3814,14753,18917,17340,0.2,0.3,0.5,370.76,901.2,932.88,734.95,970.86,11420.92,50800.0,0.55,2590.55,50800.0,27940.0,1377.97,0.57,0.34,0.07,2866.61,0.04,30.0,0.6,0.4,51000.0,30500.0,-145.61,4320.0,1830.0,5483.0,43362.0,74031.0,49799.0,43547.0,41142.0,100792.0,113730.0,1863.03,700.3,2563.33,235.91,734.95,629767,8140,0.01292541527263257681015359649,582.52,7802.36,11067.67,1.42,B,202607
44130,2995.0,763.0,220.0,449.0,770.0,8329.0,6021.0,4802.0,3601.0,2641.0,0.61,0.61,0.61,0.62,0.63,472.0,687.0,1142.0,1092.0,999.0,0.24,0.24,0.24,0.25,0.26,0,0,0,0,0,3754,217,0,3971,-746,549,1000,0.56,0.55,0.55,0.51,0.51,0.53,3206,3894,5115,0.44,0.45,0.45,0.2,0.3,0.5,149,1022,1171,3332.83,0.3,0.68,680,638.01,0.7,304,984,2769,0.6,1661.3999999999999,44146,17553,110,0.74,0.05,1111,0.26,0.2,621,0.27,0.4,0.6,112,1844,264383.0,275707.0,282491.0,287513.0,291563.0,294974.0,88958.0,97287.0,103308.0,108110.0,111711.0,114352.0,1826.95,465.43,134.2,278.38,485.1,638.01,5080.69,3672.81,2929.22,2232.62,1663.83,3115.83,6907.64,4138.24,3063.42,2511.0,2148.93,3753.85,8365.0,8837.0,9524.0,10666.0,11758.0,12757.0,113.28,164.88,274.08,273.0,259.74,217.0,0.0,30240,29494,30043,31043,855.57,856.65,856.96,1675.32,1671.0,1619.6,-42.61,46.2,145.75,49.78,358,3928,6553,4145,1297,1331,4503,5225,7884,0.2,0.3,0.5,143.89,268.1,609.96,340.65,390.43,4361.28,55100.0,0.55,1110.71,55100.0,30305.0,620.67,0.78,0.13,0.08,473.01,0.04,30.0,0.6,0.4,55000.0,33000.0,-157.55,4680.0,749.0,2016.0,15614.0,26639.0,18293.0,16350.0,15921.0,39613.0,47064.0,679.9,303.69,983.59,49.78,340.65,226077,2769,0.01224803938481136957762178373,234.26,3062.75,3613.0,1.18,B,202607
44131,246.0,-339.0,261.0,750.0,1151.0,3169.0,1063.0,1039.0,1427.0,1224.0,0.54,0.55,0.56,0.57,0.59,111.0,228.0,380.0,426.0,220.0,0.21,0.2,0.21,0.23,0.24,0,756,0,0,0,1122,60,151,1333,-494,586,620,0.52,0.54,0.53,0.56,0.53,0.5,0,0,1611,0.48,0.46,0.47,0.2,0.3,0.5,104,189,293,942.56,0.3,0.7,198,391.03,0.7,192,390,0,1.0,0.0,17170,3925,110,0.74,0.05,445,0.26,0.2,143,0.42,0.4,0.6,59,647,108123.0,111538.0,112262.0,113562.0,115739.0,118114.0,37485.0,40654.0,41717.0,42756.0,44183.0,45407.0,132.84,-186.45,146.16,427.5,679.09,239.83,1711.26,584.65,581.84,813.39,722.16,882.66,1844.1,398.2,728.0,1240.89,1401.25,1122.49,3814.0,3925.0,4153.0,4533.0,4959.0,5179.0,23.31,45.6,79.8,97.98,52.8,59.9,151.2,12031,11537,12123,12743,728.9,728.12,728.09,1311.09,1380.1,1452.73,-28.77,50.31,82.15,34.56,0,0,1611,0,0,0,0,0,1611,0.2,0.3,0.5,0.0,0.0,189.29,63.1,97.66,1431.25,49400.0,0.55,444.7,49400.0,27170.0,142.87,0.69,0.19,0.1,247.96,0.04,30.0,0.6,0.4,49000.0,29600.0,-141.31,4200.0,320.0,844.0,6929.0,10915.0,7125.0,6513.0,6344.0,15027.0,14544.0,197.94,191.6,389.54,34.56,63.1,88481,0,0.0,97.66,1134.28,537.0,0.47,S,202607
44133,2749.0,1102.0,-41.0,-301.0,-381.0,5160.0,4958.0,3763.0,2174.0,1417.0,0.66,0.65,0.65,0.65,0.66,361.0,459.0,762.0,666.0,779.0,0.27,0.27,0.26,0.27,0.28,0,0,0,0,198,2696,163,40,2899,-252,-37,380,0.58,0.56,0.56,0.56,0.56,0.56,358,3928,4942,0.42,0.44,0.44,0.2,0.3,0.5,40,916,956,2448.0,0.3,0.68,499,450.98,0.7,215,714,0,1.0,0.0,30292,15950,110,0.74,0.05,762,0.26,0.2,564,0.19,0.4,0.6,60,1386,156260.0,164169.0,170229.0,173951.0,175824.0,176860.0,51473.0,56633.0,61591.0,65354.0,67528.0,68945.0,1814.34,716.3,-26.65,-195.65,-251.46,411.38,3405.6,3222.7,2445.95,1413.1,935.22,2284.51,5219.94,3939.0,2419.3,1217.45,683.76,2695.89,4551.0,4912.0,5371.0,6133.0,6799.0,7578.0,97.47,123.93,198.12,179.82,218.12,163.49,39.6,18209,17957,17920,18300,934.92,937.41,938.35,1675.32,1671.0,1666.08,-16.37,-3.48,59.58,13.24,358,3928,4942,0,0,0,358,3928,4942,0.2,0.3,0.5,16.84,290.36,608.85,305.35,318.59,3217.57,56600.0,0.55,762.15,56600.0,31130.0,563.99,0.83,0.09,0.06,249.09,0.04,30.0,0.6,0.4,57000.0,34000.0,-162.32,4920.0,429.0,1172.0,8685.0,15724.0,11168.0,9837.0,9577.0,24586.0,32520.0,499.39,214.67,714.06,13.24,305.35,137596,0,0.0,318.59,2418.57,3076.0,1.27,B,202607
44150,-74.0,-424.0,-119.0,-363.0,-252.0,1423.0,670.0,607.0,916.0,703.0,0.34,0.34,0.35,0.36,0.36,72.0,24.0,64.0,48.0,136.0,0.17,0.17,0.17,0.16,0.15,0,0,0,0,0,215,11,0,226,-48,-44,11,0.62,0.69,0.77,0.83,0.85,0.83,16,375,30,0.38,0.31,0.23,0.2,0.3,0.5,-9,34,25,312.44,0.3,0.96,90,-86.47,0.7,-58,32,248,0.6,148.79999999999998,7789,4614,110,0.74,0.05,277,0.26,0.2,230,1.39,0.4,0.6,169,676,44816.0,46165.0,46411.0,46899.0,47452.0,47903.0,15463.0,16886.0,17556.0,18163.0,19079.0,19782.0,-25.16,-144.16,-41.65,-130.68,-90.72,-86.47,483.82,227.8,212.45,329.76,253.08,301.38,458.66,83.64,170.8,199.08,162.36,214.91,650.0,722.0,746.0,810.0,858.0,994.0,12.24,4.08,10.88,7.68,20.4,11.06,0.0,6300,6252,6208,6219,693.1,708.08,721.33,831.45,831.45,873.03,-4.94,-7.74,3.52,-3.05,0,410,0,259,243,278,259,653,278,0.2,0.3,0.5,1.01,29.64,2.86,11.17,8.12,234.09,29700.0,0.55,276.67,29700.0,16335.0,230.33,0.41,0.51,0.06,707.05,0.04,30.0,0.6,0.4,30000.0,17800.0,-84.98,2520.0,59.0,233.0,1963.0,2936.0,1655.0,1568.0,1393.0,3023.0,2541.0,89.98,-58.11,31.87,-3.05,11.17,22767,248,0.01089295910748012474195106953,4.87,713.43,136.67,0.19,S,202607
44180,105.0,-320.0,-335.0,-294.0,-494.0,902.0,1038.0,822.0,584.0,384.0,0.35,0.36,0.37,0.38,0.38,15.0,31.0,16.0,163.0,122.0,0.14,0.15,0.17,0.16,0.15,0,0,0,0,0,172,11,0,183,-135,338,-71,0.76,0.79,0.79,,,,971,0,-474,0.24,0.21,0.21,0.2,0.3,0.5,,,,283.04,0.3,0.0,0,-100.37,0.7,0,0,474,0.4,189.60000000000002,0,0,110,0.74,0.05,0,0.26,0.2,0,1.32,0.4,0.6,0,0,41410.0,42417.0,43135.0,43622.0,43912.0,43802.0,12843.0,13745.0,14783.0,15605.0,16189.0,16573.0,36.75,-115.2,-123.95,-111.72,-187.72,-100.37,315.7,373.68,304.14,221.92,145.92,272.27,352.45,258.48,180.19,110.2,-41.8,171.9,696.0,711.0,742.0,758.0,921.0,1043.0,2.1,4.65,2.72,26.08,18.3,10.77,0.0,6010,5875,6213,6142,698.01,700.39,699.31,,,,,,,,971,0,0,0,0,0,971,0,0,0.2,0.3,0.5,,,,,,,,0.55,0.0,,,0.0,0.42,0.5,0.06,0.0,0.04,30.0,0.6,0.4,,,,,78.0,240.0,1798.0,2849.0,1694.0,1417.0,1405.0,3080.0,2748.0,0.0,-0.0,0.0,,,22586,474,0.02098645178429115381209598867,,0.0,323.67,,C,202607
44200,612.0,2453.0,2905.0,2552.0,3465.0,4171.0,4811.0,2472.0,3694.0,3550.0,0.61,0.61,0.62,0.64,0.66,700.0,753.0,1002.0,1268.0,878.0,0.3,0.3,0.3,0.31,0.33,0,0,0,0,0,3862,284,0,4146,535,507,1097,0.61,0.6,0.61,0.57,0.57,0.58,4069,6491,4279,0.39,0.4,0.39,0.2,0.3,0.5,283,1109,1392,2627.62,0.3,0.75,591,1518.19,0.7,797,1388,2335,0.4,934.0,25365,10771,110,0.74,0.05,704,0.26,0.2,420,0.31,0.4,0.6,84,1208,123229.0,128012.0,135276.0,140653.0,146899.0,153914.0,38577.0,42748.0,47559.0,50031.0,53725.0,57275.0,373.32,1496.33,1801.1,1633.28,2286.9,1518.19,2544.31,2934.71,1532.64,2364.16,2343.0,2343.76,2917.63,4431.04,3333.74,3997.44,4629.9,3861.95,7889.0,8589.0,9342.0,10344.0,11612.0,12490.0,210.0,225.9,300.6,393.08,289.74,283.86,0.0,15425,15960,16467,17564,811.84,813.02,814.29,1422.32,1424.36,1403.09,37.2,52.02,194.06,94.43,3932,5835,5004,2403,2266,1610,6335,8101,6614,0.2,0.3,0.5,180.91,443.98,483.95,369.61,464.04,4609.85,47700.0,0.55,703.88,47700.0,26235.0,420.07,0.76,0.18,0.05,349.57,0.04,30.0,0.6,0.4,48000.0,28600.0,-136.54,4080.0,348.0,1053.0,7862.0,14179.0,10495.0,9082.0,8329.0,21478.0,26124.0,591.21,797.05,1388.26,94.43,369.61,127129,2335,0.01836717035452178495858537391,185.62,2781.73,4923.67,1.77,C,202607
44210,705.0,359.0,54.0,172.0,-331.0,2036.0,2361.0,843.0,1010.0,1209.0,0.49,0.5,0.5,0.51,0.51,79.0,95.0,111.0,186.0,291.0,0.19,0.2,0.2,0.21,0.2,0,0,0,0,0,840,31,0,871,17,315,260,0.61,0.76,0.76,0.55,0.56,0.45,443,266,426,0.39,0.24,0.24,0.2,0.3,0.5,86,53,139,776.96,0.3,0.71,165,94.17,0.7,47,212,524,0.8,419.20000000000005,8366,3545,110,0.74,0.05,220,0.26,0.2,131,0.68,0.4,0.6,57,408,70024.0,72765.0,75485.0,76382.0,77564.0,78442.0,20967.0,23003.0,25364.0,26207.0,27217.0,28426.0,345.45,179.5,27.0,87.72,-168.81,94.17,997.64,1180.5,421.5,515.1,616.59,746.27,1343.09,1360.0,448.5,602.82,447.78,840.44,1938.0,2017.0,2112.0,2223.0,2409.0,2700.0,15.01,19.0,22.2,39.06,58.2,30.69,0.0,9222,9239,9554,9814,669.14,672.96,679.23,1208.09,1208.09,1495.79,1.14,40.22,44.46,28.61,550,178,829,102,209,121,652,387,950,0.2,0.3,0.5,19.0,10.73,23.0,17.58,46.19,917.32,50900.0,0.55,219.77,50900.0,27995.0,130.88,0.59,0.31,0.09,237.33,0.04,30.0,0.6,0.4,51000.0,30500.0,-145.61,4320.0,130.0,397.0,3308.0,5907.0,4184.0,3484.0,3347.0,8542.0,10543.0,165.49,46.8,212.29,28.61,17.58,53950,524,0.009712696941612604263206672845,36.95,656.85,519.0,0.79,A,202607
44230,-159.0,-632.0,-374.0,-360.0,-485.0,1294.0,1216.0,250.0,162.0,321.0,0.3,0.31,0.31,0.31,0.31,94.0,-5.0,107.0,293.0,334.0,0.04,0.05,0.06,0.07,0.08,0,0,0,0,0,74,11,0,85,62,333,124,0.8,0.77,0.66,0.46,0.47,0.45,134,725,-76,0.2,0.23,0.34,0.2,0.3,0.5,59,20,79,209.91,0.3,0.6,38,-124.3,0.7,-52,-14,79,1.0,79.0,2014,884,110,0.74,0.05,45,0.26,0.2,28,1.69,0.4,0.6,30,103,49004.0,50139.0,50723.0,50599.0,50401.0,50237.0,16272.0,17566.0,18782.0,19032.0,19194.0,19515.0,-47.7,-195.92,-115.94,-111.6,-150.35,-124.3,388.2,376.96,77.5,50.22,99.51,198.48,340.5,181.04,-38.44,-61.38,-50.84,74.18,1477.0,1571.0,1566.0,1673.0,1966.0,2300.0,3.76,-0.25,6.42,20.51,26.72,11.43,0.0,6024,6086,6419,6543,691.16,700.85,705.39,1489.84,1489.84,1564.33,4.56,36.15,18.41,19.71,433,429,0,0,299,3,433,728,3,0.2,0.3,0.5,2.47,23.51,-5.81,6.72,26.43,112.04,53200.0,0.55,44.71,53200.0,29260.0,27.58,0.37,0.57,0.05,122.27,0.04,30.0,0.6,0.4,53000.0,31900.0,-152.3,4560.0,58.0,188.0,1987.0,2446.0,1299.0,1249.0,1218.0,2673.0,2534.0,37.78,-52.21,-14.43,19.71,6.72,20635,79,0.003828446813666101284225829901,26.43,113.63,287.33,2.53,C,202607
44250,-39.0,169.0,400.0,629.0,55.0,148.0,576.0,508.0,930.0,147.0,0.82,0.82,0.83,0.84,0.84,-10.0,-13.0,19.0,8.0,6.0,0.44,0.47,0.46,0.53,0.57,0,0,0,0,0,587,1,0,588,94,382,100,0.65,0.49,0.53,,,,0,823,-272,0.35,0.51,0.47,0.2,0.3,0.5,,,,385.18,0.3,0.0,0,202.63,0.7,0,0,272,0.6,163.2,0,0,110,0.74,0.05,0,0.26,0.2,0,0.14,0.4,0.6,0,0,15028.0,15137.0,15882.0,16790.0,18349.0,18551.0,3070.0,3218.0,3794.0,4302.0,5232.0,5379.0,-31.98,138.58,332.0,528.36,46.2,202.63,121.36,472.32,421.64,781.2,123.48,384.0,89.38,610.9,753.64,1309.56,169.68,586.63,72.0,62.0,49.0,68.0,76.0,82.0,-4.4,-6.11,8.74,4.24,3.42,1.18,0.0,2122,2216,2598,2698,729.9,731.36,733.32,,,,,,,,0,823,0,0,0,0,0,823,0,0.2,0.3,0.5,,,,,,,,0.55,0.0,,,0.0,0.87,0.08,0.04,0.0,0.04,30.0,0.6,0.4,,,,,38.0,138.0,1213.0,2125.0,1410.0,1239.0,1270.0,2956.0,3699.0,0.0,0.0,0.0,,,18693,272,0.01455090140694377574493125769,,0.0,274.33,,C,202607
44270,33.0,253.0,399.0,838.0,445.0,1308.0,2250.0,1499.0,1376.0,1526.0,0.42,0.44,0.45,0.46,0.48,108.0,88.0,236.0,541.0,319.0,0.13,0.14,0.14,0.15,0.16,0,0,0,0,0,897,38,0,935,197,-1229,-124,0.64,0.66,0.6,,,,0,429,-77,0.36,0.34,0.4,0.2,0.3,0.5,,,,754.19,0.3,0.0,0,180.76,0.7,0,0,100,1.0,100.0,0,0,110,0.74,0.05,0,0.26,0.2,0,0.75,0.4,0.6,0,0,67758.0,69099.0,71602.0,73500.0,75714.0,77685.0,22262.0,23570.0,25820.0,27319.0,28695.0,30221.0,13.86,111.32,179.55,385.48,213.6,180.76,549.36,990.0,674.55,632.96,732.48,715.87,563.22,1101.32,854.1,1018.44,946.08,896.63,2396.0,2504.0,2592.0,2828.0,3369.0,3688.0,14.04,12.32,33.04,81.15,51.04,38.32,0.0,10225,10422,9193,9069,620.69,629.44,639.88,,,,,,,,0,406,0,46,46,23,46,452,23,0.2,0.3,0.5,,,,,,,,0.55,0.0,,,0.0,0.57,0.33,0.09,0.0,0.04,30.0,0.6,0.4,,,,,126.0,405.0,3152.0,5800.0,4266.0,3917.0,3690.0,8984.0,10527.0,0.0,0.0,0.0,,,52081,100,0.001920086019853689445287148864,,0.0,135.33,,C,202607
44710,-109.0,-222.0,-16.0,318.0,-182.0,916.0,264.0,-8.0,-239.0,580.0,0.17,0.18,0.19,0.21,0.21,48.0,31.0,123.0,155.0,117.0,0.2,0.2,0.17,0.16,0.14,0,0,0,0,19,48,16,4,68,171,165,109,0.62,0.58,0.72,,,,9,0,18,0.38,0.42,0.28,0.2,0.3,0.5,,,,70.25,0.3,0.0,0,-2.79,0.7,0,0,20,1.0,20.0,0,0,110,0.74,0.05,0,0.26,0.2,0,3.18,0.4,0.6,0,0,22450.0,23257.0,23299.0,23275.0,23354.0,23752.0,7867.0,8783.0,9047.0,9039.0,8800.0,9380.0,-18.53,-39.96,-3.04,66.78,-38.22,-6.59,155.72,47.52,-1.52,-50.19,121.8,54.67,137.19,7.56,-4.56,16.59,83.58,48.07,676.0,724.0,755.0,878.0,1033.0,1150.0,9.6,6.2,20.91,24.8,16.38,15.58,3.8,2869,3040,3205,3314,606.26,599.54,595.73,,,,,,,,0,0,0,47,38,38,47,38,38,0.2,0.3,0.5,,,,,,,,0.55,0.0,,,0.0,0.23,0.67,0.07,0.0,0.04,30.0,0.6,0.4,,,,,,95.0,780.0,1259.0,638.0,544.0,539.0,1054.0,729.0,0.0,-0.0,0.0,,,7926,20,0.002523340903356043401463537724,,0.0,0.0,,C,202607
44760,-187.0,-336.0,-274.0,-276.0,-446.0,537.0,504.0,313.0,-307.0,297.0,0.15,0.15,0.15,0.15,0.15,17.0,12.0,29.0,93.0,73.0,0.07,0.07,0.07,0.07,0.07,0,0,0,0,0,-5,3,0,-2,-97,296,72,0.74,0.82,0.78,0.5,0.48,0.49,3,7,85,0.26,0.18,0.22,0.2,0.3,0.5,42,5,47,43.46,0.3,0.68,9,-45.57,0.7,-22,-13,330,0.4,132.0,1291,92,110,0.74,0.05,32,0.26,0.2,3,4.82,0.4,0.6,40,75,27982.0,28332.0,28500.0,28539.0,27956.0,27807.0,9061.0,9598.0,10102.0,10415.0,10108.0,10405.0,-28.05,-50.4,-41.1,-41.4,-66.9,-45.57,80.55,75.6,46.95,-46.05,44.55,40.32,52.5,25.2,5.85,-87.45,-22.35,-5.25,280.0,297.0,309.0,338.0,431.0,504.0,1.19,0.84,2.03,6.51,5.11,3.14,0.0,4639,4542,4838,4910,626.91,629.06,640.21,1247.85,1313.52,1313.52,-7.18,34.95,13.76,13.84,0,0,413,12,9,2,12,9,415,0.2,0.3,0.5,0.08,0.18,4.58,1.61,15.45,13.34,44700.0,0.55,32.48,44700.0,24585.0,3.25,0.17,0.75,0.06,172.39,0.04,30.0,0.6,0.4,45000.0,26800.0,-127.95,3840.0,,69.0,661.0,993.0,576.0,430.0,438.0,884.0,782.0,8.87,-21.69,-12.82,13.84,1.61,6878,330,0.04797906368130270427449840070,6.18,70.46,137.67,1.95,C,202607
44770,-109.0,-211.0,-268.0,-230.0,-186.0,318.0,420.0,401.0,233.0,-68.0,0.15,0.16,0.17,0.17,0.18,-8.0,-6.0,19.0,79.0,69.0,0.06,0.06,0.09,0.12,0.14,0,0,0,0,0,8,4,0,12,-175,256,-96,0.73,0.65,0.72,,,,8,0,-1,0.27,0.35,0.28,0.2,0.3,0.5,,,,46.09,0.3,0.0,0,-33.65,0.7,0,0,6,1.0,6.0,0,0,110,0.74,0.05,0,0.26,0.2,0,4.19,0.4,0.6,0,0,22581.0,22790.0,22999.0,23132.0,23135.0,22881.0,7528.0,7846.0,8266.0,8667.0,8900.0,8832.0,-16.35,-33.76,-45.56,-39.1,-33.48,-33.65,47.7,67.2,68.17,39.61,-12.24,42.09,31.35,33.44,22.61,0.51,-45.72,8.44,329.0,321.0,315.0,334.0,413.0,482.0,-0.48,-0.36,1.71,9.48,9.66,4.0,0.0,4599,4424,4680,4584,606.82,606.74,604.84,,,,,,,,0,0,0,13,5,5,13,5,5,0.2,0.3,0.5,,,,,,,,0.55,0.0,,,0.0,0.19,0.7,0.09,0.0,0.04,30.0,0.6,0.4,,,,,,61.0,643.0,882.0,471.0,387.0,347.0,710.0,698.0,0.0,-0.0,0.0,,,7505,6,0.0007994670219853431045969353764,,0.0,0.0,,C,202607
44790,-9.0,-123.0,-27.0,-109.0,-154.0,159.0,291.0,171.0,66.0,62.0,0.1,0.1,0.11,0.11,0.11,21.0,5.0,9.0,48.0,40.0,0.03,0.05,0.05,0.05,0.04,0,0,0,0,0,7,1,0,8,-9,122,50,0.81,0.92,0.79,0.42,0.42,0.41,0,182,-76,0.19,0.08,0.21,0.2,0.3,0.5,22,-1,21,16.65,0.3,0.67,3,-9.02,0.7,-4,-1,76,0.4,30.400000000000002,30,0,110,0.74,0.05,1,0.26,0.2,0,6.91,0.4,0.6,2,3,13382.0,13532.0,13700.0,13844.0,13801.0,13709.0,4550.0,4709.0,5000.0,5171.0,5237.0,5299.0,-0.9,-12.3,-2.97,-11.99,-16.94,-9.02,15.9,29.1,18.81,7.26,6.82,15.58,15.0,16.8,15.84,-4.73,-10.12,6.56,171.0,192.0,197.0,206.0,254.0,294.0,0.63,0.25,0.45,2.4,1.6,1.07,0.0,2129,2120,2242,2292,510.17,514.41,519.92,1222.1,1222.1,1283.21,-0.61,14.14,8.1,7.21,0,182,0,0,0,0,0,182,0,0.2,0.3,0.5,0.0,1.83,-3.27,-0.48,6.73,14.36,43600.0,0.55,0.74,43600.0,23980.0,0.0,0.12,0.81,0.06,5.12,0.04,30.0,0.6,0.4,44000.0,26200.0,-125.08,3720.0,,38.0,259.0,444.0,247.0,168.0,168.0,300.0,206.0,3.35,-4.23,-0.88,7.21,-0.48,2663,76,0.02853924145700337964701464514,2.69,3.78,60.67,16.05,C,202607
44800,110.0,-127.0,-304.0,-311.0,430.0,847.0,625.0,-372.0,1142.0,1210.0,0.39,0.4,0.4,0.42,0.46,53.0,49.0,95.0,140.0,224.0,0.12,0.11,0.12,0.12,0.14,0,0,0,0,0,281,14,0,295,-210,393,103,0.63,0.62,0.58,0.54,0.52,0.5,573,1830,212,0.37,0.38,0.42,0.2,0.3,0.5,39,154,193,307.81,0.3,0.78,72,-12.46,0.7,-7,65,716,0.4,286.40000000000003,4192,0,110,0.74,0.05,121,0.26,0.2,0,1.05,0.4,0.6,30,151,42235.0,43192.0,43690.0,43014.0,43845.0,45485.0,13963.0,14810.0,15435.0,15063.0,16205.0,17415.0,42.9,-50.8,-121.6,-130.62,197.8,-12.46,330.33,250.0,-148.8,479.64,556.6,293.55,373.23,199.2,-270.4,349.02,754.4,281.09,789.0,842.0,891.0,986.0,1126.0,1350.0,6.36,5.39,11.4,16.8,31.36,14.26,0.0,5912,5702,6095,6198,603.94,612.04,624.63,1124.0,1183.16,1245.43,-14.29,38.01,14.93,12.88,0,1242,727,1362,789,201,1362,2031,928,0.2,0.3,0.5,22.9,108.48,22.26,51.21,64.09,359.44,42300.0,0.55,120.98,42300.0,23265.0,0.0,0.48,0.44,0.06,127.29,0.04,30.0,0.6,0.4,42000.0,25400.0,-121.26,3600.0,87.0,244.0,1960.0,3762.0,2504.0,2048.0,1833.0,4412.0,3785.0,72.03,-6.8,65.23,12.88,51.21,29551,716,0.02422929850089675476295218436,25.64,242.4,656.33,2.71,C,202607
44810,-122.0,-397.0,196.0,363.0,8.0,864.0,805.0,681.0,638.0,351.0,0.27,0.27,0.29,0.32,0.34,42.0,45.0,48.0,176.0,157.0,0.18,0.21,0.2,0.22,0.24,0,0,0,0,0,201,21,0,222,14,161,136,0.67,0.66,0.61,,,,-168,81,11,0.33,0.34,0.39,0.2,0.3,0.5,,,,214.92,0.3,0.0,0,7.12,0.7,0,0,191,0.8,152.8,0,0,110,0.74,0.05,0,0.26,0.2,0,1.87,0.4,0.6,0,0,32933.0,33675.0,34083.0,34960.0,35961.0,36320.0,10201.0,11065.0,11870.0,12551.0,13189.0,13540.0,-32.94,-107.19,56.84,116.16,2.72,7.12,233.28,217.35,197.49,204.16,119.34,194.32,200.34,110.16,254.33,320.32,122.06,201.44,708.0,750.0,795.0,843.0,1019.0,1176.0,7.56,9.45,9.6,38.72,37.68,20.6,0.0,6129,6143,6304,6440,598.53,602.68,606.28,,,,,,,,0,0,0,115,283,202,115,283,202,0.2,0.3,0.5,,,,,,,,0.55,0.0,,,0.0,0.34,0.54,0.1,0.0,0.04,30.0,0.6,0.4,,,,,44.0,169.0,1634.0,2581.0,1681.0,1364.0,1124.0,2579.0,2024.0,0.0,0.0,0.0,,,19752,191,0.009669906844876468205751316322,,0.0,0.0,,C,202607
44825,168.0,-252.0,-30.0,-123.0,-112.0,948.0,607.0,320.0,200.0,463.0,0.19,0.2,0.2,0.21,0.21,25.0,-10.0,80.0,85.0,37.0,0.06,0.08,0.06,0.06,0.06,0,0,0,0,0,86,3,0,89,110,300,101,0.64,0.7,0.65,,,,5,0,0,0.36,0.3,0.35,0.2,0.3,0.5,,,,103.51,0.3,0.0,0,-14.77,0.7,0,0,0,1.0,0.0,0,0,110,0.74,0.05,0,0.26,0.2,0,2.71,0.4,0.6,0,0,26887.0,28003.0,28358.0,28648.0,28725.0,29076.0,9191.0,10139.0,10746.0,11066.0,11266.0,11729.0,31.92,-50.4,-6.0,-25.83,-23.52,-14.77,180.12,121.4,64.0,42.0,97.23,100.95,212.04,71.0,58.0,16.17,73.71,86.18,465.0,490.0,480.0,560.0,645.0,682.0,1.5,-0.8,4.8,5.1,2.22,2.56,0.0,4640,4750,5050,5151,559.68,560.58,564.45,,,,,,,,0,0,0,5,0,0,5,0,0,0.2,0.3,0.5,,,,,,,,0.55,0.0,,,0.0,0.26,0.6,0.11,0.0,0.04,30.0,0.6,0.4,,,,,39.0,139.0,996.0,1520.0,911.0,706.0,670.0,1273.0,1181.0,0.0,-0.0,0.0,,,11574,0,0,,0.0,0.0,,C,202607
52000,745.0,-3988.0,-3251.0,-3091.0,-2340.0,16523.0,20884.0,8460.0,12186.0,4186.0,0.48,0.49,0.49,0.5,0.51,957.0,493.0,1273.0,1714.0,1523.0,0.13,0.14,0.14,0.14,0.13,0,480,430,0,0,4922,162,182,5266,-68,4054,-37,0.65,0.68,0.67,0.51,0.52,0.52,4093,5834,4457,0.35,0.32,0.33,0.2,0.3,0.5,419,820,1239,6269.41,0.3,0.68,1279,-1003.68,0.7,-478,801,2597,0.8,2077.6,75435,47052,110,0.74,0.05,1898,0.26,0.2,1664,0.72,0.4,0.6,616,4178,738307.0,755575.0,772471.0,777680.0,786775.0,788621.0,238746.0,255269.0,276153.0,284613.0,296799.0,300985.0,357.6,-1954.12,-1592.99,-1545.5,-1193.4,-1185.68,7931.04,10233.16,4145.4,6093.0,2134.86,6107.49,8288.64,8279.04,2552.41,4547.5,941.46,4921.81,10563.0,11520.0,12013.0,13286.0,15000.0,16523.0,124.41,69.02,178.22,239.96,197.99,161.92,182.0,83864,83796,87850,87813,729.65,740.78,751.8,1424.1,1437.82,1444.9,-4.51,430.05,-6.45,139.7,4648,5502,4311,2520,3075,2743,7168,8577,7054,0.2,0.3,0.5,146.12,291.23,382.41,273.25,412.95,5678.68,49100.0,0.55,1897.94,49100.0,27005.0,1663.76,0.57,0.37,0.04,2555.15,0.04,30.0,0.6,0.4,49000.0,29500.0,-140.84,4200.0,1421.0,4538.0,40910.0,60466.0,37728.0,32455.0,31054.0,73067.0,73299.0,1278.96,-477.75,801.21,139.7,273.25,486997,2597,0.005332681720831955843670494890,330.36,5306.51,4820.33,0.91,A,202607
52110,1239.0,690.0,-1046.0,-2090.0,-1470.0,8151.0,10438.0,2035.0,3397.0,1074.0,0.62,0.61,0.62,0.63,0.63,446.0,320.0,421.0,181.0,39.0,0.1,0.1,0.09,0.09,0.09,0,0,0,0,0,2759,27,0,2786,-300,526,-211,0.61,0.64,0.65,0.6,0.62,0.62,682,2697,2769,0.39,0.36,0.35,0.2,0.3,0.5,-2,513,511,3126.71,0.3,0.69,647,-340.45,0.7,-164,483,513,1.0,513.0,51596,36355,110,0.74,0.05,1317,0.26,0.2,1304,0.28,0.4,0.6,176,2797,261378.0,270768.0,281896.0,282885.0,284192.0,283796.0,80887.0,89038.0,99476.0,101511.0,104908.0,105982.0,768.18,420.9,-648.52,-1316.7,-926.1,-340.45,5053.62,6367.18,1261.7,2140.11,676.62,3099.85,5821.8,6788.08,613.18,823.41,-249.48,2759.4,3437.0,3883.0,4203.0,4624.0,4805.0,4844.0,44.6,32.0,37.89,16.29,3.51,26.86,0.0,27921,27621,28147,27936,894.81,913.25,931.21,1482.15,1469.43,1492.35,-21.96,62.62,-42.52,-0.62,583,2689,3254,135,36,28,718,2725,3282,0.2,0.3,0.5,31.92,180.59,300.44,170.98,170.36,2956.62,50700.0,0.55,1317.25,50700.0,27885.0,1304.42,0.77,0.17,0.05,733.43,0.04,30.0,0.6,0.4,51000.0,30400.0,-145.13,4320.0,587.0,1840.0,16441.0,25110.0,16306.0,13908.0,13829.0,33548.0,39336.0,647.23,-164.44,482.79,-0.62,170.98,204935,513,0.002503232732329763095615683021,170.36,3450.84,2175.33,0.63,A,202607
52111,384.0,-453.0,-640.0,-1309.0,-1034.0,3573.0,5242.0,1731.0,1536.0,531.0,0.63,0.62,0.63,0.63,0.63,281.0,181.0,67.0,72.0,-8.0,0.09,0.09,0.08,0.08,0.07,0,480,0,0,0,1195,10,96,1301,-219,237,153,0.63,0.67,0.66,0.57,0.59,0.6,0,1914,3010,0.37,0.33,0.34,0.2,0.3,0.5,43,419,462,1589.18,0.3,0.68,324,-287.65,0.7,-137,187,0,1.0,0.0,23577,15918,110,0.74,0.05,593,0.26,0.2,563,0.25,0.4,0.6,69,1225,136857.0,140814.0,145603.0,146694.0,146921.0,146418.0,43185.0,46758.0,52000.0,53731.0,55267.0,55798.0,241.92,-280.86,-403.2,-824.67,-651.42,-383.65,2250.99,3250.04,1090.53,967.68,334.53,1578.75,2492.91,2969.18,687.33,143.01,-316.89,1195.11,1536.0,1817.0,1998.0,2065.0,2137.0,2129.0,25.29,16.29,5.36,5.76,-0.56,10.43,96.0,14275,14056,14293,14446,852.72,868.5,884.74,1488.96,1473.51,1473.51,-15.73,28.11,30.29,14.22,0,1914,3010,0,0,0,0,1914,3010,0.2,0.3,0.5,0.0,111.8,307.02,139.61,153.83,1455.37,50100.0,0.55,593.2,50100.0,27555.0,562.86,0.79,0.16,0.04,293.12,0.04,30.0,0.6,0.4,50000.0,30100.0,-143.7,4320.0,318.0,991.0,8921.0,12995.0,8205.0,6926.0,7005.0,16298.0,18777.0,324.19,-136.92,187.27,14.22,139.61,105548,0,0.0,153.83,1567.51,1641.33,1.05,B,202607
52113,855.0,1143.0,-406.0,-781.0,-436.0,4578.0,5196.0,304.0,1861.0,543.0,0.61,0.61,0.62,0.62,0.62,165.0,139.0,354.0,109.0,47.0,0.1,0.11,0.1,0.11,0.1,0,0,0,0,0,1571,17,0,1588,-81,289,-364,0.6,0.61,0.63,0.66,0.67,0.59,583,775,244,0.4,0.39,0.37,0.2,0.3,0.5,-39,118,79,1545.0,0.3,0.65,301,42.5,0.7,19,320,0,1.0,0.0,26482,17240,110,0.74,0.05,637,0.26,0.2,583,0.31,0.4,0.6,91,1311,124521.0,129954.0,136293.0,136191.0,137271.0,137378.0,37702.0,42280.0,47476.0,47780.0,49641.0,50184.0,521.55,697.23,-251.72,-484.22,-270.32,42.5,2792.58,3169.56,188.48,1153.82,336.66,1528.22,3314.13,3866.79,-63.24,669.6,66.34,1570.72,1901.0,2066.0,2205.0,2559.0,2668.0,2715.0,16.5,15.29,35.4,11.99,4.7,16.78,0.0,13646,13565,13854,13490,939.19,960.36,980.08,1424.58,1424.58,1664.89,-6.42,35.43,-67.65,-12.88,583,775,244,0,0,0,583,775,244,0.2,0.3,0.5,30.78,60.75,26.63,39.39,26.51,1614.01,56600.0,0.55,636.89,56600.0,31130.0,582.71,0.75,0.17,0.06,376.45,0.04,30.0,0.6,0.4,57000.0,34000.0,-162.32,4920.0,269.0,849.0,7520.0,12115.0,8101.0,6982.0,6824.0,17250.0,20559.0,301.28,19.34,320.62,-12.88,39.39,99387,0,0.0,26.51,1657.08,534.0,0.32,S,202607
52130,-121.0,-421.0,-467.0,-757.0,35.0,2939.0,2880.0,1827.0,2032.0,504.0,0.6,0.6,0.61,0.61,0.63,271.0,135.0,228.0,482.0,354.0,0.19,0.18,0.18,0.17,0.16,0,0,100,0,0,1023,51,20,1094,178,481,292,0.72,0.72,0.74,0.46,0.43,0.41,1410,1119,705,0.28,0.28,0.26,0.2,0.3,0.5,101,114,215,1283.66,0.3,0.73,281,-189.96,0.7,-97,184,713,0.8,570.4,11889,4943,110,0.74,0.05,321,0.26,0.2,188,0.42,0.4,0.6,51,560,108999.0,111817.0,114276.0,115636.0,116911.0,117450.0,34380.0,37319.0,40199.0,42026.0,44058.0,44562.0,-72.6,-252.6,-284.87,-461.77,22.05,-209.96,1763.4,1728.0,1114.47,1239.52,317.52,1232.58,1690.8,1475.4,829.6,777.75,339.57,1022.62,1967.0,2238.0,2373.0,2601.0,3083.0,3437.0,51.49,24.3,41.04,81.94,56.64,51.08,20.0,12257,12435,12916,13208,539.02,538.13,539.92,1180.64,1239.67,1301.65,11.79,44.68,44.3,33.59,1796,653,254,1244,1630,1164,3040,2283,1418,0.2,0.3,0.5,36.32,40.42,37.58,38.11,71.7,1165.4,44300.0,0.55,321.12,44300.0,24365.0,187.64,0.69,0.24,0.05,212.1,0.04,30.0,0.6,0.4,44000.0,26600.0,-126.99,3840.0,273.0,763.0,7538.0,10708.0,6803.0,6066.0,5596.0,13484.0,12613.0,281.12,-97.07,184.05,33.59,38.11,92629,713,0.007697373392781958134061686945,57.36,801.07,901.0,1.12,B,202607
52140,-856.0,-1101.0,-879.0,-958.0,-103.0,2017.0,1564.0,1427.0,1931.0,446.0,0.55,0.56,0.56,0.56,0.57,82.0,-4.0,202.0,316.0,226.0,0.17,0.18,0.17,0.18,0.19,0,0,0,0,0,389,29,0,418,-22,516,14,0.65,0.72,0.7,,,,904,628,91,0.35,0.28,0.3,0.2,0.3,0.5,,,,853.46,0.3,0.0,0,-434.96,0.7,0,0,840,0.8,672.0,0,0,110,0.74,0.05,0,0.26,0.2,0,0.52,0.4,0.6,0,0,118313.0,119474.0,119937.0,120485.0,121458.0,121801.0,39258.0,41275.0,42839.0,44266.0,46197.0,46643.0,-470.8,-616.56,-492.24,-536.48,-58.71,-434.96,1109.35,875.84,799.12,1081.36,254.22,823.98,638.55,259.28,306.88,544.88,195.51,389.02,1741.0,1823.0,1819.0,2021.0,2337.0,2563.0,13.94,-0.72,34.34,56.88,42.94,29.48,0.0,12565,12543,13059,13073,564.76,571.22,577.75,,,,,,,,945,603,0,915,956,931,1860,1559,931,0.2,0.3,0.5,,,,,,,,0.55,0.0,,,0.0,0.65,0.29,0.05,0.0,0.04,30.0,0.6,0.4,,,,,262.0,784.0,8341.0,11309.0,6977.0,6099.0,5860.0,12756.0,11000.0,0.0,-0.0,0.0,,,89354,840,0.009400810260312912684378986951,,0.0,516.0,,C,202607
52180,-31.0,-543.0,-410.0,-256.0,-412.0,546.0,1162.0,757.0,643.0,376.0,0.37,0.37,0.38,0.38,0.38,70.0,-28.0,29.0,105.0,109.0,0.16,0.16,0.19,0.18,0.19,0,0,0,0,0,137,10,0,147,-27,480,376,0.77,0.76,0.8,0.51,0.48,0.49,593,78,257,0.23,0.24,0.2,0.2,0.3,0.5,124,29,153,271.74,0.3,0.71,58,-124.4,0.7,-62,-4,0,1.0,0.0,3113,1066,110,0.74,0.05,82,0.26,0.2,39,1.31,0.4,0.6,38,159,45455.0,45970.0,46589.0,46936.0,47323.0,47287.0,15017.0,15563.0,16725.0,17482.0,18125.0,18501.0,-11.47,-200.91,-155.8,-97.28,-156.56,-124.4,202.02,429.94,287.66,244.34,142.88,261.37,190.55,229.03,131.86,147.06,-13.68,136.96,739.0,809.0,781.0,810.0,915.0,1024.0,11.2,-4.48,5.51,18.9,20.71,10.37,0.0,4996,4969,5449,5825,608.46,612.39,614.76,1202.75,1266.06,1266.06,-2.12,52.53,73.7,41.37,707,0,221,0,114,36,707,114,257,0.2,0.3,0.5,13.91,2.7,12.59,9.73,51.1,198.43,43000.0,0.55,81.78,43000.0,23650.0,39.36,0.43,0.54,0.02,158.86,0.04,30.0,0.6,0.4,43000.0,25800.0,-123.17,3720.0,60.0,241.0,2020.0,2948.0,1649.0,1407.0,1357.0,3143.0,2354.0,57.88,-61.83,-3.95,41.37,9.73,22150,0,0,51.1,206.42,309.33,1.5,B,202607
52190,206.0,-351.0,-316.0,-210.0,-316.0,526.0,763.0,439.0,413.0,463.0,0.32,0.33,0.33,0.33,0.34,-8.0,-4.0,13.0,67.0,98.0,0.13,0.13,0.15,0.13,0.12,0,0,0,0,0,106,4,0,110,51,195,153,0.76,0.86,0.79,0.55,0.57,0.55,0,0,24,0.24,0.14,0.21,0.2,0.3,0.5,66,1,67,175.91,0.3,0.77,41,-66.19,0.7,-36,5,98,0.8,78.4,1890,111,110,0.74,0.05,54,0.26,0.2,4,1.59,0.4,0.6,22,80,33242.0,33974.0,34386.0,34509.0,34712.0,34859.0,10878.0,11404.0,12167.0,12606.0,13019.0,13482.0,65.92,-115.83,-104.28,-69.3,-107.44,-66.19,168.32,251.79,144.87,136.29,157.42,171.74,234.24,135.96,40.59,66.99,49.98,105.55,334.0,326.0,322.0,335.0,402.0,500.0,-1.04,-0.52,1.95,8.71,11.76,4.17,0.0,3425,3476,3671,3824,603.35,624.08,635.95,1098.44,1098.44,1153.36,4.26,28.68,33.24,22.06,0,115,0,7,7,122,7,122,122,0.2,0.3,0.5,0.0,0.0,1.39,0.46,22.52,132.24,39200.0,0.55,53.85,39200.0,21560.0,4.44,0.38,0.58,0.02,92.9,0.04,30.0,0.6,0.4,39000.0,23500.0,-112.19,3360.0,44.0,160.0,1386.0,2081.0,1154.0,942.0,970.0,2145.0,1737.0,40.64,-35.68,4.96,22.06,0.46,15004,98,0.006531591575579845374566782191,18.02,103.57,38.33,0.37,S,202607
52210,-12.0,-462.0,44.0,13.0,-260.0,218.0,878.0,545.0,768.0,444.0,0.27,0.28,0.29,0.29,0.3,17.0,0.0,11.0,144.0,220.0,0.16,0.18,0.17,0.16,0.21,0,0,0,0,0,125,15,0,140,-12,220,230,0.68,0.66,0.68,,,,78,921,213,0.32,0.34,0.32,0.2,0.3,0.5,,,,178.5,0.3,0.0,0,-38.81,0.7,0,0,213,0.6,127.8,0,0,110,0.74,0.05,0,0.26,0.2,0,2.04,0.4,0.6,0,0,34491.0,34697.0,35113.0,35702.0,36483.0,36667.0,11461.0,11679.0,12557.0,13102.0,13870.0,14314.0,-3.24,-129.36,12.76,3.77,-78.0,-38.81,58.86,245.84,158.05,222.72,133.2,163.73,55.62,116.48,170.81,226.49,55.2,124.92,476.0,493.0,493.0,504.0,648.0,868.0,2.72,0.0,1.87,23.04,46.2,14.77,0.0,3725,3713,3933,4163,497.17,501.73,508.84,,,,,,,,120,846,318,141,183,108,261,1029,426,0.2,0.3,0.5,,,,,,,,0.55,0.0,,,0.0,0.32,0.63,0.03,0.0,0.04,30.0,0.6,0.4,,,,,60.0,170.0,1575.0,2104.0,1213.0,913.0,942.0,1817.0,1287.0,0.0,-0.0,0.0,,,14483,213,0.01470689774218048746806600842,,0.0,428.0,,C,202607
52710,-94.0,-18.0,307.0,1488.0,761.0,1135.0,1072.0,26.0,2623.0,241.0,0.38,0.39,0.41,0.45,0.47,136.0,29.0,216.0,34.0,53.0,0.12,0.12,0.15,0.16,0.16,0,0,330,0,0,653,13,66,732,64,814,-289,0.45,0.56,0.53,,,,-71,494,100,0.55,0.44,0.47,0.2,0.3,0.5,,,,443.95,0.3,0.0,0,288.08,0.7,0,0,148,0.8,118.4,0,0,110,0.74,0.05,0,0.26,0.2,0,0.97,0.4,0.6,0,0,37510.0,38551.0,39605.0,39938.0,44049.0,45051.0,12263.0,13398.0,14470.0,14496.0,17119.0,17360.0,-35.72,-7.02,125.87,669.6,357.67,222.08,431.3,418.08,10.66,1180.35,113.27,430.73,395.58,411.06,136.53,1849.95,470.94,652.81,876.0,1012.0,1041.0,1257.0,1291.0,1344.0,16.32,3.48,32.4,5.44,8.48,13.22,66.0,4675,4739,5553,5264,712.17,734.09,749.36,,,,,,,,0,596,0,75,146,248,75,742,248,0.2,0.3,0.5,,,,,,,,0.55,0.0,,,0.0,0.5,0.47,0.02,0.0,0.04,30.0,0.6,0.4,,,,,69.0,291.0,1953.0,3274.0,2243.0,1791.0,1604.0,3731.0,3202.0,0.0,0.0,0.0,,,25752,148,0.005747126436781609195402298851,,0.0,198.67,,C,202607
52720,245.0,-158.0,-48.0,27.0,-33.0,81.0,209.0,180.0,44.0,119.0,0.08,0.08,0.08,0.08,0.08,-13.0,9.0,8.0,50.0,35.0,0.11,0.11,0.11,0.06,0.1,0,0,0,0,0,11,1,0,12,30,77,49,0.8,0.83,0.81,,,,0,0,0,0.2,0.17,0.19,0.2,0.3,0.5,,,,11.52,0.3,0.0,0,0.53,0.7,0,0,0,1.0,0.0,0,0,110,0.74,0.05,0,0.26,0.2,0,9.12,0.4,0.6,0,0,10348.0,10674.0,10725.0,10857.0,10928.0,11014.0,3654.0,3735.0,3944.0,4124.0,4168.0,4287.0,19.6,-12.64,-3.84,2.16,-2.64,0.53,6.48,16.72,14.4,3.52,9.52,10.13,26.08,4.08,10.56,5.68,6.88,10.66,101.0,88.0,97.0,105.0,155.0,190.0,-1.43,0.99,0.88,3.0,3.5,1.39,0.0,1506,1536,1613,1662,404.55,424.99,447.51,,,,,,,,0,0,0,0,0,0,0,0,0,0.2,0.3,0.5,,,,,,,,0.55,0.0,,,0.0,0.1,0.84,0.05,0.0,0.04,30.0,0.6,0.4,,,,,,,159.0,251.0,134.0,112.0,107.0,232.0,125.0,0.0,0.0,0.0,,,1664,0,0,,0.0,0.0,,C,202607
52730,31.0,-129.0,-20.0,-45.0,9.0,142.0,329.0,121.0,139.0,-9.0,0.13,0.13,0.13,0.14,0.15,5.0,1.0,31.0,49.0,66.0,0.0,0.12,0.15,0.09,0.05,0,0,0,0,0,15,2,0,17,25,54,28,0.83,0.81,0.83,,,,42,0,0,0.17,0.19,0.17,0.2,0.3,0.5,,,,21.51,0.3,0.0,0,-4.06,0.7,0,0,0,1.0,0.0,0,0,110,0.74,0.05,0,0.26,0.2,0,5.55,0.4,0.6,0,0,10296.0,10469.0,10669.0,10770.0,10864.0,10864.0,3606.0,3748.0,4077.0,4198.0,4337.0,4328.0,4.03,-16.77,-2.6,-6.3,1.35,-4.06,18.46,42.77,15.73,19.46,-1.35,19.01,22.49,26.0,13.13,13.16,0.0,14.96,54.0,59.0,60.0,91.0,140.0,206.0,0.0,0.12,4.65,4.41,3.3,2.5,0.0,1355,1380,1434,1462,501.69,504.16,508.61,,,,,,,,42,0,0,0,0,0,42,0,0,0.2,0.3,0.5,,,,,,,,0.55,0.0,,,0.0,0.15,0.79,0.04,0.0,0.04,30.0,0.6,0.4,,,,,,32.0,195.0,345.0,206.0,192.0,151.0,352.0,273.0,0.0,-0.0,0.0,,,2230,0,0,,0.0,14.0,,C,202607
52740,40.0,-155.0,-116.0,-33.0,-21.0,95.0,224.0,144.0,9.0,44.0,0.08,0.08,0.08,0.08,0.08,-8.0,-3.0,13.0,35.0,13.0,0.0,0.0,0.06,0.04,0.05,0,0,0,0,0,4,1,0,5,16,68,-37,0.75,0.83,0.75,,,,120,0,0,0.25,0.17,0.25,0.2,0.3,0.5,,,,8.83,0.3,0.0,0,-4.56,0.7,0,0,0,1.0,0.0,0,0,110,0.74,0.05,0,0.26,0.2,0,10.7,0.4,0.6,0,0,9248.0,9383.0,9452.0,9480.0,9456.0,9479.0,3136.0,3231.0,3455.0,3599.0,3608.0,3652.0,3.2,-12.4,-9.28,-2.64,-1.68,-4.56,7.6,17.92,11.52,0.72,3.52,8.26,10.8,5.52,2.24,-1.92,1.84,3.7,111.0,103.0,100.0,113.0,148.0,161.0,-0.0,-0.0,0.78,1.4,0.65,0.57,0.0,1194,1210,1278,1241,824.59,824.59,834.16,,,,,,,,120,0,0,0,0,0,120,0,0,0.2,0.3,0.5,,,,,,,,0.55,0.0,,,0.0,0.08,0.85,0.05,0.0,0.04,30.0,0.6,0.4,,,,,,,137.0,249.0,126.0,101.0,85.0,176.0,125.0,0.0,-0.0,0.0,,,1272,0,0,,0.0,40.0,,C,202607
52750,37.0,-281.0,-10.0,82.0,-104.0,266.0,240.0,150.0,-403.0,65.0,0.12,0.13,0.13,0.13,0.13,-17.0,-7.0,14.0,40.0,26.0,0.15,0.12,0.07,0.05,0.09,0,0,0,0,0,0,0,0,0,-63,91,-135,0.7,0.67,0.6,,,,129,-103,31,0.3,0.33,0.4,0.2,0.3,0.5,,,,8.13,0.3,0.0,0,-7.25,0.7,0,0,72,0.4,28.8,0,0,110,0.74,0.05,0,0.26,0.2,0,5.95,0.4,0.6,0,0,11985.0,12288.0,12247.0,12387.0,12066.0,12027.0,4534.0,4800.0,5040.0,5190.0,4787.0,4852.0,4.44,-36.53,-1.3,10.66,-13.52,-7.25,31.92,31.2,19.5,-52.39,8.45,7.74,36.36,-5.33,18.2,-41.73,-5.07,0.49,96.0,79.0,72.0,86.0,126.0,152.0,-2.55,-0.84,0.98,2.0,2.34,0.39,0.0,1801,1738,1829,1694,399.98,402.89,410.26,,,,,,,,129,0,0,0,0,103,129,0,103,0.2,0.3,0.5,,,,,,,,0.55,0.0,,,0.0,0.14,0.82,0.03,0.0,0.04,30.0,0.6,0.4,,,,,,,244.0,325.0,172.0,128.0,109.0,238.0,137.0,0.0,-0.0,0.0,,,2226,72,0.03234501347708894878706199461,,0.0,43.0,,C,202607
52770,55.0,-253.0,-44.0,35.0,54.0,116.0,245.0,133.0,178.0,-5.0,0.12,0.12,0.12,0.14,0.14,-11.0,9.0,-2.0,13.0,35.0,0.14,0.12,0.12,0.1,0.1,0,0,0,0,0,13,1,0,14,0,92,65,0.81,0.68,0.73,0.65,0.63,0.6,0,0,267,0.19,0.32,0.27,0.2,0.3,0.5,26,22,48,17.52,0.3,0.78,4,-3.32,0.7,-2,2,0,1.0,0.0,414,0,110,0.74,0.05,12,0.26,0.2,0,6.7,0.4,0.6,19,31,11476.0,11647.0,11639.0,11728.0,11941.0,11990.0,3822.0,3938.0,4183.0,4316.0,4494.0,4489.0,6.6,-30.36,-5.28,4.9,7.56,-3.32,13.92,29.4,15.96,24.92,-0.7,16.7,20.52,-0.96,10.68,29.82,6.86,13.38,97.0,86.0,95.0,93.0,106.0,141.0,-1.54,1.08,-0.24,1.3,3.5,0.82,0.0,1553,1553,1645,1710,685.69,693.49,699.05,1052.56,1107.96,1166.27,0.0,11.82,14.23,8.68,0,0,264,3,3,3,3,3,267,0.2,0.3,0.5,0.0,0.0,21.63,7.21,15.89,30.09,39700.0,0.55,11.95,39700.0,21835.0,0.0,0.13,0.82,0.04,80.04,0.04,30.0,0.6,0.4,40000.0,23800.0,-113.62,3360.0,,36.0,220.0,401.0,241.0,169.0,177.0,354.0,320.0,4.1,-1.81,2.29,8.68,7.21,2391,0,0,15.89,49.34,88.0,1.78,C,202607
52790,-28.0,-339.0,-179.0,-227.0,-175.0,0.0,475.0,367.0,262.0,255.0,0.13,0.14,0.14,0.15,0.16,-2.0,13.0,61.0,118.0,177.0,0.04,0.06,0.06,0.07,0.04,0,0,0,0,0,12,4,0,16,-40,254,-402,0.8,0.82,0.81,,,,206,0,0,0.2,0.18,0.19,0.2,0.3,0.5,,,,43.54,0.3,0.0,0,-27.64,0.7,0,0,0,1.0,0.0,0,0,110,0.74,0.05,0,0.26,0.2,0,5.36,0.4,0.6,0,0,23540.0,23512.0,23648.0,23836.0,23871.0,23951.0,8326.0,8326.0,8801.0,9168.0,9430.0,9685.0,-3.64,-47.46,-25.06,-34.05,-28.0,-27.64,0.0,66.5,51.38,39.3,40.8,39.6,-3.64,19.04,26.32,5.25,12.8,11.95,307.0,305.0,318.0,379.0,497.0,674.0,-0.08,0.78,3.66,8.26,7.08,3.94,0.0,4079,4039,4293,3891,642.09,649.1,650.03,,,,,,,,206,0,0,0,0,0,206,0,0,0.2,0.3,0.5,,,,,,,,0.55,0.0,,,0.0,0.15,0.76,0.07,0.0,0.04,30.0,0.6,0.4,,,,,,59.0,447.0,810.0,430.0,345.0,320.0,718.0,609.0,0.0,-0.0,0.0,,,5997,0,0,,0.0,68.67,,C,202607
52800,34.0,-467.0,-67.0,-160.0,-305.0,291.0,405.0,309.0,150.0,169.0,0.21,0.22,0.23,0.23,0.23,-11.0,23.0,28.0,80.0,72.0,0.11,0.13,0.11,0.12,0.09,0,0,0,0,0,15,4,0,19,32,186,-170,0.75,0.75,0.8,,,,0,0,0,0.25,0.25,0.2,0.2,0.3,0.5,,,,63.12,0.3,0.0,0,-43.59,0.7,0,0,0,1.0,0.0,0,0,110,0.74,0.05,0,0.26,0.2,0,3.05,0.4,0.6,0,0,22026.0,22351.0,22289.0,22531.0,22521.0,22385.0,7524.0,7815.0,8220.0,8529.0,8679.0,8848.0,7.14,-102.74,-15.41,-36.8,-70.15,-43.59,61.11,89.1,71.07,34.5,38.87,58.93,68.25,-13.64,55.66,-2.3,-31.28,15.34,227.0,216.0,239.0,267.0,347.0,419.0,-1.21,2.99,3.08,9.6,6.48,4.19,0.0,2812,2844,3030,2860,632.9,643.31,650.05,,,,,,,,0,0,0,0,0,0,0,0,0,0.2,0.3,0.5,,,,,,,,0.55,0.0,,,0.0,0.24,0.7,0.03,0.0,0.04,30.0,0.6,0.4,,,,,,96.0,686.0,975.0,533.0,447.0,444.0,917.0,726.0,0.0,-0.0,0.0,,,6910,0,0,,0.0,0.0,,C,202607
46000,2006.0,-1635.0,-2034.0,-2550.0,-1148.0,18486.0,17475.0,9321.0,11154.0,6911.0,0.4,0.41,0.42,0.42,0.43,211.0,436.0,1402.0,2431.0,2278.0,0.19,0.2,0.2,0.2,0.2,0,530,0,0,0,4769,270,106,5145,1142,5593,2806,0.7,0.72,0.7,0.48,0.49,0.52,4410,5562,3093,0.3,0.28,0.3,0.2,0.3,0.5,1179,597,1776,5495.98,0.3,0.75,1237,-351.37,0.7,-184,1053,2715,0.8,2172.0,73577,37944,110,0.74,0.05,2042,0.26,0.2,1480,1.12,0.4,0.6,947,4469,741026.0,761518.0,777358.0,784645.0,793249.0,799012.0,238147.0,256633.0,274108.0,283429.0,294583.0,301494.0,802.4,-670.35,-854.28,-1071.0,-493.64,-457.37,7394.4,7164.75,3914.82,4684.68,2971.73,5226.08,8196.8,6494.4,3060.54,3613.68,2478.09,4768.7,10035.0,10246.0,10682.0,12084.0,14515.0,16793.0,40.09,87.2,280.4,486.2,455.6,269.9,106.0,92947,94089,99682,102488,655.95,660.42,665.92,1380.52,1342.88,1284.48,76.74,591.96,510.69,393.13,4999,5542,2210,3029,3618,3598,8028,9160,5808,0.2,0.3,0.5,127.01,228.93,241.25,199.06,592.19,5736.79,43700.0,0.55,2041.76,43700.0,24035.0,1479.82,0.46,0.49,0.03,3960.87,0.04,30.0,0.6,0.4,44000.0,26200.0,-125.08,3720.0,1224.0,3815.0,32440.0,53216.0,35014.0,29803.0,27815.0,66924.0,69883.0,1236.6,-184.47,1052.13,393.13,199.06,434948,2715,0.006242125495461526435343995144,473.75,5998.07,4250.33,0.71,A,202607
46110,-1288.0,-1054.0,-693.0,-794.0,-1056.0,2833.0,2105.0,1236.0,1720.0,931.0,0.61,0.62,0.64,0.64,0.65,29.0,35.0,115.0,242.0,182.0,0.28,0.27,0.26,0.21,0.2,0,0,0,0,0,491,27,0,518,-86,231,325,0.67,0.68,0.73,0.45,0.45,0.44,3,66,70,0.33,0.32,0.27,0.2,0.3,0.5,68,7,75,1132.98,0.3,0.73,248,-615.45,0.7,-314,-66,241,1.0,241.0,8872,2846,110,0.74,0.05,240,0.26,0.2,108,0.35,0.4,0.6,29,377,92846.0,94391.0,95442.0,95985.0,96911.0,96786.0,29003.0,31836.0,33941.0,35177.0,36897.0,37828.0,-785.68,-653.48,-443.52,-508.16,-686.4,-615.45,1728.13,1305.1,791.04,1100.8,605.15,1106.04,942.45,651.62,347.52,592.64,-81.25,490.6,989.0,1018.0,1053.0,1168.0,1410.0,1592.0,8.12,9.45,29.9,50.82,36.4,26.94,0.0,8166,8080,8311,8636,539.91,543.65,550.01,1197.17,1197.17,1257.03,-5.19,21.21,52.2,22.74,0,70,60,250,247,251,250,317,311,0.2,0.3,0.5,0.09,2.85,4.16,2.37,25.11,542.65,42700.0,0.55,239.63,42700.0,23485.0,108.03,0.73,0.22,0.04,121.5,0.04,30.0,0.6,0.4,43000.0,25600.0,-122.22,3720.0,247.0,749.0,6605.0,9824.0,5934.0,5110.0,4782.0,10909.0,9263.0,248.12,-314.49,-66.37,22.74,2.37,76011,241,0.003170593729854889423899172488,25.11,335.56,43.33,0.13,S,202607
46130,503.0,-797.0,-162.0,-472.0,-504.0,2421.0,2512.0,1488.0,1333.0,914.0,0.54,0.54,0.55,0.56,0.56,32.0,133.0,300.0,225.0,144.0,0.19,0.17,0.14,0.15,0.15,0,530,0,0,0,789,25,106,920,610,724,14,0.85,0.86,0.84,0.5,0.47,0.45,-299,1269,513,0.15,0.14,0.16,0.2,0.3,0.5,142,39,181,973.32,0.3,0.65,190,-52.88,0.7,-24,166,453,0.8,362.40000000000003,13712,3685,110,0.74,0.05,330,0.26,0.2,125,0.57,0.4,0.6,62,517,109473.0,112397.0,114112.0,115438.0,116299.0,116709.0,31651.0,34072.0,36584.0,38072.0,39405.0,40319.0,271.62,-430.38,-89.1,-264.32,-282.24,-158.88,1307.34,1356.48,818.4,746.48,511.84,948.11,1578.96,926.1,729.3,482.16,229.6,789.22,1256.0,1288.0,1421.0,1721.0,1946.0,2090.0,6.08,22.61,42.0,33.75,21.6,25.21,106.0,12515,13125,13849,13863,746.6,741.28,735.26,1483.66,1561.74,1643.94,51.85,87.79,2.65,47.43,0,1272,450,214,513,516,214,1785,966,0.2,0.3,0.5,-4.49,25.05,18.47,13.01,60.44,980.87,55900.0,0.55,329.77,55900.0,30745.0,124.55,0.62,0.32,0.03,260.65,0.04,30.0,0.6,0.4,56000.0,33500.0,-159.93,4800.0,200.0,563.0,5821.0,8914.0,5834.0,5304.0,4810.0,11981.0,14740.0,189.8,-24.06,165.74,47.43,13.01,78887,453,0.005742391014996133710243766400,48.35,730.96,574.0,0.79,A,202607
46150,932.0,261.0,-304.0,-5.0,-27.0,2766.0,3793.0,716.0,1911.0,603.0,0.62,0.62,0.63,0.64,0.64,14.0,64.0,165.0,78.0,113.0,0.22,0.21,0.2,0.19,0.19,0,0,0,0,0,1331,17,0,1348,13,945,21,0.73,0.78,0.73,0.53,0.53,0.52,42,2548,-383,0.27,0.22,0.27,0.2,0.3,0.5,122,63,185,1242.48,0.3,0.72,268,105.53,0.7,53,321,660,0.8,528.0,17446,9135,110,0.74,0.05,465,0.26,0.2,342,0.44,0.4,0.6,85,892,106414.0,110112.0,114166.0,114578.0,116484.0,117060.0,29181.0,31947.0,35740.0,36456.0,38367.0,38970.0,577.84,161.82,-191.52,-3.2,-17.28,105.53,1714.92,2351.66,451.08,1223.04,385.92,1225.32,2292.76,2513.48,259.56,1219.84,368.64,1330.86,638.0,652.0,716.0,881.0,959.0,1072.0,3.08,13.44,33.0,14.82,21.47,17.16,0.0,12860,12873,13818,13839,744.57,752.4,763.09,1407.72,1407.72,1478.11,1.01,117.2,3.99,40.73,0,2495,0,372,330,277,372,2825,277,0.2,0.3,0.5,1.2,89.13,-26.89,21.15,61.88,1409.9,50300.0,0.55,464.76,50300.0,27665.0,342.01,0.68,0.27,0.03,353.43,0.04,30.0,0.6,0.4,50000.0,30200.0,-144.18,4320.0,222.0,713.0,5681.0,10464.0,7155.0,6094.0,6025.0,15666.0,17665.0,268.38,53.19,321.57,40.73,21.15,89194,660,0.007399600870013678050093055587,49.5,1262.66,831.67,0.66,A,202607
46170,471.0,580.0,-90.0,165.0,289.0,1098.0,1193.0,698.0,1039.0,202.0,0.45,0.47,0.47,0.49,0.49,44.0,103.0,65.0,127.0,223.0,0.28,0.32,0.32,0.32,0.3,0,0,0,0,0,531,35,0,566,-4,356,131,0.62,0.65,0.71,0.78,0.76,0.73,1,17,281,0.38,0.35,0.29,0.2,0.3,0.5,86,31,117,432.91,0.3,0.88,114,132.94,0.7,82,196,142,1.0,142.0,12233,7156,110,0.74,0.05,398,0.26,0.2,327,0.86,0.4,0.6,150,875,46928.0,48497.0,50270.0,50878.0,52082.0,52573.0,16880.0,17978.0,19171.0,19869.0,20908.0,21110.0,211.95,272.6,-42.3,80.85,141.61,132.94,494.1,560.71,328.06,509.11,98.98,398.19,706.05,833.31,285.76,589.96,240.59,531.13,647.0,691.0,794.0,859.0,986.0,1209.0,12.32,32.96,20.8,40.64,66.9,34.72,0.0,6012,6008,6364,6495,733.79,744.13,754.74,935.66,984.91,1036.74,-0.39,52.76,33.95,28.77,0,0,311,130,129,112,130,129,423,0.2,0.3,0.5,0.06,1.36,29.74,10.39,39.16,605.01,35200.0,0.55,398.31,35200.0,19360.0,327.46,0.53,0.44,0.02,624.07,0.04,30.0,0.6,0.4,35000.0,21100.0,-100.73,3000.0,108.0,327.0,2464.0,3983.0,2738.0,2404.0,2235.0,5237.0,5055.0,114.29,81.89,196.18,28.77,10.39,31168,142,0.004555954825462012320328542094,39.16,1110.89,103.67,0.09,S,202607
46230,377.0,120.0,721.0,210.0,897.0,1241.0,1504.0,1076.0,1319.0,1223.0,0.63,0.64,0.65,0.66,0.68,26.0,-1.0,47.0,100.0,48.0,0.42,0.43,0.4,0.38,0.39,0,0,0,0,0,1135,17,0,1152,235,490,399,0.68,0.67,0.59,0.37,0.37,0.37,710,957,1129,0.32,0.33,0.41,0.2,0.3,0.5,92,138,230,846.39,0.3,0.79,201,306.3,0.7,169,370,451,0.8,360.8,6012,1020,110,0.74,0.05,176,0.26,0.2,42,0.37,0.4,0.6,19,237,56134.0,57752.0,59376.0,61173.0,62702.0,64822.0,15035.0,16276.0,17780.0,18856.0,20175.0,21398.0,237.51,76.8,468.65,138.6,609.96,306.3,781.83,962.56,699.4,870.54,831.64,829.19,1019.34,1039.36,1168.05,1009.14,1441.6,1135.5,502.0,528.0,527.0,574.0,674.0,722.0,10.92,-0.43,18.8,38.0,18.72,17.2,0.0,7240,7475,7965,8364,484.75,486.42,487.1,1310.6,1310.6,1310.6,11.83,36.44,43.55,30.61,1064,717,208,1258,1612,1372,2322,2329,1580,0.2,0.3,0.5,16.81,35.05,85.63,45.83,76.44,1229.14,44600.0,0.55,175.73,44600.0,24530.0,41.9,0.72,0.21,0.06,79.58,0.04,30.0,0.6,0.4,45000.0,26700.0,-127.47,3840.0,155.0,417.0,3329.0,6489.0,4763.0,3979.0,3708.0,9233.0,10638.0,200.59,169.38,369.97,30.61,45.83,58978,451,0.007646919190206517684560344535,61.15,667.85,663.0,0.99,A,202607
46710,45.0,264.0,-57.0,-286.0,-30.0,326.0,406.0,195.0,678.0,95.0,0.09,0.12,0.12,0.12,0.12,-11.0,-5.0,-13.0,87.0,-5.0,0.03,0.03,0.04,0.03,0.05,0,0,0,0,0,37,0,0,37,15,211,94,0.69,0.82,0.72,,,,188,10,73,0.31,0.18,0.28,0.2,0.3,0.5,,,,39.11,0.3,0.0,0,-1.81,0.7,0,0,47,0.6,28.2,0,0,110,0.74,0.05,0,0.26,0.2,0,7.06,0.4,0.6,0,0,17663.0,18034.0,18704.0,18842.0,19234.0,19299.0,5317.0,5643.0,6049.0,6244.0,6922.0,7017.0,4.05,31.68,-6.84,-34.32,-3.6,-1.81,29.34,48.72,23.4,81.36,11.4,38.84,33.39,80.4,16.56,47.04,7.8,37.04,275.0,264.0,259.0,246.0,333.0,328.0,-0.33,-0.15,-0.52,2.61,-0.25,0.27,0.0,2581,2596,2807,2901,734.22,738.8,744.46,,,,,,,,224,0,94,0,36,26,224,36,120,0.2,0.3,0.5,,,,,,,,0.55,0.0,,,0.0,0.12,0.83,0.03,0.0,0.04,30.0,0.6,0.4,,,,,,33.0,318.0,492.0,281.0,235.0,228.0,502.0,387.0,0.0,-0.0,0.0,,,3282,47,0.01432053625837903717245581962,,0.0,106.0,,C,202607
46720,-58.0,-126.0,-77.0,-37.0,-28.0,117.0,238.0,177.0,154.0,58.0,0.08,0.08,0.08,0.08,0.08,-5.0,-3.0,12.0,17.0,25.0,0.05,0.05,0.05,0.04,0.05,0,0,0,0,0,7,0,0,7,70,105,44,0.64,0.77,0.86,,,,120,0,0,0.36,0.23,0.14,0.2,0.3,0.5,,,,12.33,0.3,0.0,0,-5.22,0.7,0,0,0,1.0,0.0,0,0,110,0.74,0.05,0,0.26,0.2,0,9.61,0.4,0.6,0,0,12630.0,12689.0,12801.0,12901.0,13018.0,13048.0,5161.0,5278.0,5516.0,5693.0,5847.0,5905.0,-4.64,-10.08,-6.16,-2.96,-2.24,-5.22,9.36,19.04,14.16,12.32,4.64,11.9,4.72,8.96,8.0,9.36,2.4,6.69,125.0,120.0,117.0,129.0,146.0,171.0,-0.25,-0.15,0.6,0.68,1.25,0.43,0.0,1652,1722,1827,1871,460.14,455.72,456.83,,,,,,,,120,0,0,0,0,0,120,0,0,0.2,0.3,0.5,,,,,,,,0.55,0.0,,,0.0,0.09,0.85,0.05,0.0,0.04,30.0,0.6,0.4,,,,,,,190.0,340.0,214.0,160.0,128.0,271.0,194.0,0.0,-0.0,0.0,,,2024,0,0,,0.0,40.0,,C,202607
46730,-42.0,-103.0,-14.0,-42.0,-29.0,265.0,254.0,52.0,98.0,28.0,0.08,0.1,0.1,0.1,0.11,-7.0,2.0,5.0,1.0,1.0,0.0,0.0,0.0,0.0,0.0,0,0,0,0,0,8,0,0,8,58,37,97,0.57,0.68,0.72,,,,-3,-131,-43,0.43,0.32,0.28,0.2,0.3,0.5,,,,12.94,0.3,0.0,0,-4.49,0.7,0,0,179,0.4,71.60000000000001,0,0,110,0.74,0.05,0,0.26,0.2,0,7.93,0.4,0.6,0,0,10786.0,11009.0,11160.0,11198.0,11254.0,11253.0,3930.0,4195.0,4449.0,4501.0,4599.0,4627.0,-3.36,-10.3,-1.4,-4.2,-3.19,-4.49,21.2,25.4,5.2,9.8,3.08,12.94,17.84,15.1,3.8,5.6,-0.11,8.45,73.0,66.0,68.0,73.0,74.0,75.0,-0.0,0.0,0.0,0.0,0.0,0.0,0.0,1423,1481,1518,1615,676.08,678.64,678.18,,,,,,,,0,0,0,2,5,136,2,5,136,0.2,0.3,0.5,,,,,,,,0.55,0.0,,,0.0,0.11,0.84,0.03,0.0,0.04,30.0,0.6,0.4,,,,,,,188.0,323.0,155.0,118.0,127.0,239.0,184.0,0.0,-0.0,0.0,,,1972,179,0.09077079107505070993914807302,,0.0,0.0,,C,202607
46770,-64.0,-314.0,-118.0,-213.0,-195.0,651.0,533.0,486.0,130.0,298.0,0.09,0.09,0.1,0.1,0.11,-32.0,-10.0,60.0,113.0,96.0,0.04,0.05,0.05,0.06,0.06,0,0,0,0,0,22,3,0,25,-40,401,323,0.76,0.8,0.84,,,,0,7,8,0.24,0.2,0.16,0.2,0.3,0.5,,,,42.94,0.3,0.0,0,-17.71,0.7,0,0,4,1.0,4.0,0,0,110,0.74,0.05,0,0.26,0.2,0,7.81,0.4,0.6,0,0,28933.0,29520.0,29739.0,30107.0,30024.0,30127.0,11154.0,11805.0,12338.0,12824.0,12954.0,13252.0,-5.76,-28.26,-11.8,-21.3,-21.45,-17.71,58.59,47.97,48.6,13.0,32.78,40.19,52.83,19.71,36.8,-8.3,11.33,22.47,335.0,303.0,293.0,353.0,466.0,562.0,-1.28,-0.5,3.0,6.78,5.76,2.75,0.0,4352,4312,4713,5036,613.47,621.52,626.66,,,,,,,,0,0,0,19,19,12,19,19,12,0.2,0.3,0.5,,,,,,,,0.55,0.0,,,0.0,0.11,0.81,0.06,0.0,0.04,30.0,0.6,0.4,,,,,,84.0,621.0,954.0,536.0,360.0,352.0,749.0,557.0,0.0,-0.0,0.0,,,6518,4,0.0006136851795029150046026388463,,0.0,0.0,,C,202607
46780,-47.0,-203.0,-173.0,-145.0,-102.0,201.0,406.0,181.0,58.0,41.0,0.11,0.12,0.12,0.12,0.12,-12.0,18.0,-3.0,56.0,98.0,0.09,0.08,0.08,0.07,0.04,0,0,0,0,0,5,2,0,7,55,160,93,0.7,0.72,0.61,,,,0,0,0,0.3,0.28,0.39,0.2,0.3,0.5,,,,22.48,0.3,0.0,0,-15.99,0.7,0,0,0,1.0,0.0,0,0,110,0.74,0.05,0,0.26,0.2,0,6.59,0.4,0.6,0,0,17708.0,17862.0,18065.0,18073.0,17986.0,17925.0,6806.0,7007.0,7413.0,7594.0,7652.0,7693.0,-5.17,-24.36,-20.76,-17.4,-12.24,-15.99,22.11,48.72,21.72,6.96,4.92,20.89,16.94,24.36,0.96,-10.44,-7.32,4.9,103.0,91.0,109.0,106.0,162.0,260.0,-1.08,1.44,-0.24,3.92,3.92,1.59,0.0,2565,2620,2780,2873,509.16,500.41,506.62,,,,,,,,0,0,0,0,0,0,0,0,0,0.2,0.3,0.5,,,,,,,,0.55,0.0,,,0.0,0.13,0.83,0.03,0.0,0.04,30.0,0.6,0.4,,,,,,44.0,378.0,550.0,284.0,213.0,171.0,338.0,238.0,0.0,-0.0,0.0,,,3255,0,0,,0.0,0.0,,C,202607
46790,63.0,127.0,-64.0,-166.0,-51.0,572.0,650.0,379.0,481.0,151.0,0.4,0.42,0.43,0.43,0.44,-26.0,32.0,12.0,24.0,20.0,0.3,0.29,0.35,0.35,0.31,0,0,0,0,0,179,4,0,183,20,137,15,0.61,0.71,0.73,,,,0,312,5,0.39,0.29,0.27,0.2,0.3,0.5,,,,191.67,0.3,0.0,0,-8.56,0.7,0,0,165,0.6,99.0,0,0,110,0.74,0.05,0,0.26,0.2,0,1.15,0.4,0.6,0,0,24708.0,25343.0,26120.0,26435.0,26750.0,26850.0,7983.0,8555.0,9205.0,9584.0,10065.0,10216.0,25.2,53.34,-27.52,-71.38,-22.44,-8.56,228.8,273.0,162.97,206.83,66.44,187.61,254.0,326.34,135.45,135.45,44.0,179.05,256.0,230.0,262.0,274.0,298.0,318.0,-7.8,9.28,4.2,8.4,6.2,4.06,0.0,3129,3149,3286,3301,628.0,630.08,629.24,,,,,,,,0,363,0,119,119,170,119,482,170,0.2,0.3,0.5,,,,,,,,0.55,0.0,,,0.0,0.46,0.52,0.01,0.0,0.04,30.0,0.6,0.4,,,,,57.0,165.0,1508.0,1978.0,1125.0,993.0,953.0,2049.0,1656.0,0.0,-0.0,0.0,,,14553,165,0.01133786848072562358276643991,,0.0,121.0,,C,202607
46800,-93.0,-190.0,-200.0,-139.0,-119.0,227.0,239.0,137.0,132.0,81.0,0.13,0.13,0.13,0.13,0.14,13.0,-7.0,10.0,30.0,68.0,0.04,0.06,0.05,0.08,0.06,0,0,0,0,0,2,1,0,3,100,195,-2,0.66,0.64,0.76,,,,32,18,14,0.34,0.36,0.24,0.2,0.3,0.5,,,,22.8,0.3,0.0,0,-19.5,0.7,0,0,76,0.4,30.400000000000002,0,0,110,0.74,0.05,0,0.26,0.2,0,5.72,0.4,0.6,0,0,16350.0,16484.0,16533.0,16470.0,16463.0,16425.0,6078.0,6305.0,6544.0,6681.0,6813.0,6894.0,-12.09,-24.7,-26.0,-18.07,-16.66,-19.5,29.51,31.07,17.81,17.16,11.34,21.38,17.42,6.37,-8.19,-0.91,-5.32,1.87,130.0,143.0,136.0,146.0,176.0,244.0,0.52,-0.42,0.5,2.4,4.08,1.42,0.0,2262,2362,2557,2555,524.28,533.25,538.49,,,,,,,,0,45,0,95,63,90,95,108,90,0.2,0.3,0.5,,,,,,,,0.55,0.0,,,0.0,0.15,0.79,0.05,0.0,0.04,30.0,0.6,0.4,,,,,,36.0,407.0,536.0,339.0,242.0,228.0,502.0,405.0,0.0,-0.0,0.0,,,3698,76,0.02055164954029204975662520281,,0.0,15.0,,C,202607
46810,-45.0,-136.0,-169.0,-123.0,-118.0,377.0,244.0,154.0,172.0,101.0,0.11,0.11,0.12,0.12,0.12,6.0,8.0,0.0,30.0,11.0,0.04,0.06,0.05,0.09,0.06,0,0,0,0,0,10,1,0,11,52,26,99,0.94,0.74,0.87,,,,226,0,0,0.06,0.26,0.13,0.2,0.3,0.5,,,,24.73,0.3,0.0,0,-13.82,0.7,0,0,0,1.0,0.0,0,0,110,0.74,0.05,0,0.26,0.2,0,6.39,0.4,0.6,0,0,14918.0,15250.0,15358.0,15343.0,15392.0,15375.0,5479.0,5856.0,6100.0,6254.0,6426.0,6527.0,-4.95,-14.96,-20.28,-14.76,-14.16,-13.82,41.47,26.84,18.48,20.64,12.12,23.91,36.52,11.88,-1.8,5.88,-2.04,10.09,120.0,126.0,134.0,134.0,164.0,175.0,0.24,0.48,0.0,2.7,0.66,0.82,0.0,2242,2294,2320,2419,671.8,675.46,679.54,,,,,,,,226,0,0,0,0,0,226,0,0,0.2,0.3,0.5,,,,,,,,0.55,0.0,,,0.0,0.13,0.8,0.05,0.0,0.04,30.0,0.6,0.4,,,,,,32.0,267.0,439.0,235.0,229.0,185.0,425.0,374.0,0.0,-0.0,0.0,,,3309,0,0,,0.0,75.33,,C,202607
46820,68.0,-428.0,-273.0,-171.0,-303.0,472.0,662.0,285.0,126.0,242.0,0.16,0.17,0.17,0.17,0.17,76.0,2.0,84.0,165.0,137.0,0.06,0.06,0.04,0.05,0.05,0,0,0,0,0,22,5,0,27,53,308,206,0.79,0.79,0.8,0.56,0.54,0.54,13,413,296,0.21,0.21,0.2,0.2,0.3,0.5,89,30,119,64.44,0.3,0.8,15,-37.77,0.7,-21,-6,3,1.0,3.0,1174,313,110,0.74,0.05,35,0.26,0.2,13,4.27,0.4,0.6,49,97,28491.0,29031.0,29265.0,29277.0,29232.0,29171.0,9853.0,10325.0,10987.0,11272.0,11398.0,11640.0,10.88,-72.76,-46.41,-29.07,-51.51,-37.77,75.52,112.54,48.45,21.42,41.14,59.81,86.4,39.78,2.04,-7.65,-10.37,22.04,395.0,471.0,473.0,557.0,722.0,859.0,4.56,0.12,3.36,8.25,6.85,4.63,0.0,3610,3663,3971,4177,591.22,596.6,603.39,1052.49,1107.88,1107.88,4.69,39.42,44.5,29.54,0,400,294,31,18,5,31,418,299,0.2,0.3,0.5,0.31,14.05,15.98,10.11,39.65,66.32,37700.0,0.55,34.75,37700.0,20735.0,13.02,0.19,0.77,0.02,203.82,0.04,30.0,0.6,0.4,38000.0,22600.0,-107.9,3240.0,,60.0,671.0,977.0,567.0,452.0,428.0,849.0,710.0,15.47,-21.15,-5.68,29.54,10.11,6587,3,0.0004554425383330803097009260665,39.65,130.66,231.33,1.77,C,202607
46830,-115.0,-108.0,-11.0,146.0,-236.0,902.0,577.0,400.0,439.0,316.0,0.29,0.3,0.31,0.32,0.32,98.0,36.0,245.0,491.0,508.0,0.38,0.41,0.42,0.47,0.48,0,0,0,0,0,140,126,0,266,90,101,100,0.39,0.46,0.51,,,,98,-98,357,0.61,0.54,0.49,0.2,0.3,0.5,,,,285.96,0.3,0.0,0,-19.59,0.7,0,0,0,1.0,0.0,0,0,110,0.74,0.05,0,0.26,0.2,0,1.44,0.4,0.6,0,0,22747.0,23534.0,24003.0,24392.0,24977.0,25057.0,8218.0,9120.0,9697.0,10097.0,10536.0,10852.0,-33.35,-32.4,-3.41,46.72,-75.52,-19.59,261.58,173.1,124.0,140.48,101.12,160.06,228.23,140.7,120.59,187.2,25.6,140.46,1628.0,1726.0,1762.0,2007.0,2498.0,3006.0,37.24,14.76,102.9,230.77,243.84,125.9,0.0,2675,2765,2866,2966,323.22,324.65,326.04,,,,,,,,0,0,0,357,259,357,357,259,357,0.2,0.3,0.5,,,,,,,,0.55,0.0,,,0.0,0.41,0.55,0.04,0.0,0.04,30.0,0.6,0.4,,,,,34.0,106.0,877.0,1564.0,1046.0,791.0,691.0,1405.0,1238.0,0.0,-0.0,0.0,,,13005,0,0,,0.0,0.0,,C,202607
46840,1333.0,1456.0,88.0,12.0,710.0,2217.0,210.0,428.0,508.0,666.0,0.36,0.39,0.39,0.39,0.42,3.0,44.0,63.0,29.0,85.0,0.11,0.1,0.1,0.09,0.09,0,0,0,0,0,582,4,0,586,-203,266,223,0.49,0.46,0.49,0.74,0.72,0.71,3,0,826,0.51,0.54,0.51,0.2,0.3,0.5,50,150,200,309.22,0.3,0.83,77,276.98,0.7,161,238,3,1.0,3.0,6947,3027,110,0.74,0.05,213,0.26,0.2,131,1.13,0.4,0.6,93,437,32078.0,35628.0,37294.0,37810.0,38330.0,39706.0,10720.0,12937.0,13147.0,13575.0,14083.0,14749.0,479.88,567.84,34.32,4.68,298.2,276.98,798.12,81.9,166.92,198.12,279.72,304.96,1278.0,649.74,201.24,202.8,577.92,581.94,406.0,409.0,453.0,516.0,545.0,630.0,0.33,4.4,6.3,2.61,7.65,4.26,0.0,4697,4494,4760,4983,824.33,849.85,880.79,1116.02,1174.76,1236.58,-14.72,26.43,38.79,16.83,0,0,793,39,36,36,39,36,829,0.2,0.3,0.5,0.23,0.0,149.55,49.93,66.76,652.96,42000.0,0.55,213.34,42000.0,23100.0,130.65,0.46,0.5,0.02,389.92,0.04,30.0,0.6,0.4,42000.0,25200.0,-120.31,3600.0,59.0,181.0,1403.0,2537.0,2083.0,1750.0,1553.0,4137.0,4692.0,77.0,160.93,237.93,16.83,49.93,20025,3,0.0001498127340823970037453183521,66.76,742.26,264.33,0.36,S,202607
46860,-81.0,-114.0,-29.0,0.0,-95.0,185.0,300.0,77.0,36.0,91.0,0.06,0.06,0.07,0.08,0.08,-32.0,6.0,20.0,59.0,31.0,0.0,0.0,0.0,0.0,0.02,0,0,0,0,0,5,0,0,5,-28,90,82,0.68,0.32,0.6,,,,-88,-3,-47,0.32,0.68,0.4,0.2,0.3,0.5,,,,9.05,0.3,0.0,0,-4.27,0.7,0,0,218,0.4,87.2,0,0,110,0.74,0.05,0,0.26,0.2,0,10.8,0.4,0.6,0,0,13434.0,13538.0,13724.0,13772.0,13808.0,13804.0,4999.0,5184.0,5484.0,5561.0,5597.0,5688.0,-4.86,-6.84,-2.03,0.0,-7.6,-4.27,11.1,18.0,5.39,2.88,7.28,8.93,6.24,11.16,3.36,2.88,-0.32,4.66,178.0,146.0,152.0,172.0,231.0,262.0,-0.0,0.0,0.0,0.0,0.62,0.12,0.0,2293,2265,2355,2437,613.34,614.66,629.36,,,,,,,,0,0,0,80,168,171,80,168,171,0.2,0.3,0.5,,,,,,,,0.55,0.0,,,0.0,0.08,0.88,0.02,0.0,0.04,30.0,0.6,0.4,,,,,,,175.0,269.0,142.0,103.0,96.0,212.0,163.0,0.0,-0.0,0.0,,,1756,218,0.1241457858769931662870159453,,0.0,0.0,,C,202607
46870,62.0,-187.0,100.0,-96.0,75.0,373.0,364.0,394.0,171.0,366.0,0.21,0.21,0.23,0.23,0.25,4.0,6.0,30.0,44.0,50.0,0.06,0.07,0.09,0.11,0.09,0,0,0,0,0,74,3,0,77,-37,199,155,0.74,0.77,0.66,,,,0,0,0,0.26,0.23,0.34,0.2,0.3,0.5,,,,77.78,0.3,0.0,0,-1.32,0.7,0,0,0,1.0,0.0,0,0,110,0.74,0.05,0,0.26,0.2,0,2.6,0.4,0.6,0,0,21345.0,21780.0,21957.0,22451.0,22526.0,22967.0,7261.0,7634.0,7998.0,8392.0,8563.0,8929.0,13.02,-39.27,23.0,-22.08,18.75,-1.32,78.33,76.44,90.62,39.33,91.5,75.24,91.35,37.17,113.62,17.25,110.25,73.93,279.0,283.0,289.0,319.0,363.0,413.0,0.24,0.42,2.7,4.84,4.5,2.54,0.0,3961,3924,4123,4278,585.11,588.76,586.6,,,,,,,,0,0,0,0,0,0,0,0,0,0.2,0.3,0.5,,,,,,,,0.55,0.0,,,0.0,0.27,0.65,0.06,0.0,0.04,30.0,0.6,0.4,,,,,,80.0,638.0,1060.0,575.0,461.0,407.0,868.0,666.0,0.0,-0.0,0.0,,,8785,0,0,,0.0,0.0,,C,202607
46880,-29.0,-63.0,-51.0,-254.0,86.0,261.0,323.0,239.0,418.0,47.0,0.18,0.19,0.19,0.19,0.2,-17.0,-7.0,12.0,34.0,42.0,0.1,0.09,0.12,0.13,0.15,0,0,0,0,0,37,2,0,39,96,152,79,0.69,0.74,0.69,,,,3364,177,-6,0.31,0.26,0.31,0.2,0.3,0.5,,,,50.49,0.3,0.0,0,-11.59,0.7,0,0,73,0.6,43.8,0,0,110,0.74,0.05,0,0.26,0.2,0,3.1,0.4,0.6,0,0,17059.0,17291.0,17551.0,17739.0,17903.0,18036.0,5145.0,5406.0,5729.0,5968.0,6386.0,6433.0,-5.22,-11.97,-9.69,-48.26,17.2,-11.59,46.98,61.37,45.41,79.42,9.4,48.52,41.76,49.4,35.72,31.16,26.6,36.93,278.0,261.0,254.0,266.0,300.0,342.0,-1.7,-0.63,1.44,4.42,6.3,1.97,0.0,2034,2130,2282,2361,432.13,436.77,438.39,,,,,,,,3365,180,0,63,64,67,3428,244,67,0.2,0.3,0.5,,,,,,,,0.55,0.0,,,0.0,0.24,0.71,0.03,0.0,0.04,30.0,0.6,0.4,,,,,,62.0,520.0,849.0,506.0,388.0,379.0,704.0,509.0,0.0,-0.0,0.0,,,5754,73,0.01268682655543969412582551269,,0.0,1181.67,,C,202607
46890,-9.0,-270.0,-280.0,-182.0,-272.0,433.0,340.0,197.0,133.0,234.0,0.09,0.1,0.1,0.1,0.1,46.0,-25.0,111.0,311.0,271.0,0.01,0.01,0.01,0.01,0.01,0,0,0,0,0,6,1,0,7,46,190,144,0.85,0.8,0.86,,,,0,0,0,0.15,0.2,0.14,0.2,0.3,0.5,,,,27.3,0.3,0.0,0,-20.24,0.7,0,0,0,1.0,0.0,0,0,110,0.74,0.05,0,0.26,0.2,0,7.54,0.4,0.6,0,0,20810.0,21234.0,21304.0,21221.0,21172.0,21134.0,7049.0,7482.0,7822.0,8019.0,8152.0,8386.0,-0.81,-27.0,-28.0,-18.2,-27.2,-20.24,38.97,34.0,19.7,13.3,23.4,25.87,38.16,7.0,-8.3,-4.9,-3.8,5.63,695.0,741.0,716.0,827.0,1138.0,1409.0,0.46,-0.25,1.11,3.11,2.71,1.43,0.0,2673,2719,2909,3053,733.44,738.49,736.25,,,,,,,,0,0,0,0,0,0,0,0,0,0.2,0.3,0.5,,,,,,,,0.55,0.0,,,0.0,0.11,0.81,0.05,0.0,0.04,30.0,0.6,0.4,,,,,,41.0,315.0,539.0,325.0,249.0,232.0,486.0,431.0,0.0,-0.0,0.0,,,3856,0,0,,0.0,0.0,,C,202607
46900,-3.0,-7.0,-141.0,-106.0,-107.0,313.0,223.0,141.0,137.0,97.0,0.09,0.09,0.09,0.09,0.09,-27.0,-11.0,48.0,89.0,69.0,0.01,0.02,0.02,0.02,0.02,0,0,0,0,0,10,1,0,11,-10,50,8,0.84,0.93,0.92,,,,0,0,0,0.16,0.07,0.08,0.2,0.3,0.5,,,,17.13,0.3,0.0,0,-6.55,0.7,0,0,0,1.0,0.0,0,0,110,0.74,0.05,0,0.26,0.2,0,9.04,0.4,0.6,0,0,13090.0,13400.0,13616.0,13616.0,13647.0,13637.0,4893.0,5206.0,5429.0,5570.0,5707.0,5804.0,-0.27,-0.63,-12.69,-9.54,-9.63,-6.55,28.17,20.07,12.69,12.33,8.73,16.4,27.9,19.44,0.0,2.79,-0.9,9.85,495.0,468.0,457.0,505.0,594.0,663.0,-0.27,-0.22,0.96,1.78,1.38,0.73,0.0,1791,1781,1831,1839,660.34,676.84,689.48,,,,,,,,0,0,0,0,0,0,0,0,0,0.2,0.3,0.5,,,,,,,,0.55,0.0,,,0.0,0.1,0.85,0.04,0.0,0.04,30.0,0.6,0.4,,,,,,,210.0,410.0,216.0,142.0,140.0,278.0,246.0,0.0,-0.0,0.0,,,2032,0,0,,0.0,0.0,,C,202607
46910,26.0,-343.0,-37.0,148.0,67.0,235.0,399.0,185.0,-39.0,126.0,0.0,0.0,0.0,0.0,0.01,-11.0,16.0,14.0,79.0,61.0,0.0,0.0,0.0,0.0,0.0,0,0,0,0,0,0,0,0,0,37,219,156,1.0,1.0,0.75,,,,0,0,0,0.0,0.0,0.25,0.2,0.3,0.5,,,,0.25,0.3,0.0,0,0.13,0.7,0,0,0,1.0,0.0,0,0,110,0.74,0.05,0,0.26,0.2,0,256.88,0.4,0.6,0,0,16481.0,16742.0,16798.0,16946.0,17055.0,17248.0,6351.0,6586.0,6985.0,7170.0,7131.0,7257.0,0.0,-0.0,-0.0,0.0,0.67,0.13,0.0,0.0,0.0,-0.0,1.26,0.25,0.0,0.0,0.0,0.0,1.93,0.39,232.0,221.0,237.0,251.0,330.0,391.0,-0.0,0.0,0.0,0.0,0.0,0.0,0.0,2214,2251,2470,2626,0.0,0.0,0.0,,,,,,,,0,0,0,0,0,0,0,0,0,0.2,0.3,0.5,,,,,,,,0.55,0.0,,,0.0,0.0,0.97,0.01,0.0,0.04,30.0,0.6,0.4,,,,,,,83.0,93.0,39.0,33.0,,,,0.0,0.0,0.0,,,299,0,0,,0.0,0.0,,C,202607
47000,307.0,-3080.0,-4611.0,-12851.0,-5042.0,28578.0,27906.0,14272.0,13139.0,13045.0,0.42,0.42,0.43,0.43,0.44,86.0,1080.0,1588.0,2680.0,3877.0,0.1,0.1,0.1,0.11,0.11,90,420,909,0,0,6072,199,284,6555,499,3418,5573,0.7,0.73,0.72,0.43,0.45,0.46,3302,4634,9919,0.3,0.27,0.28,0.2,0.3,0.5,1290,893,2183,8449.29,0.3,0.69,1749,-1894.56,0.7,-915,834,5118,0.8,4094.4,101477,36203,110,0.74,0.05,2591,0.26,0.2,1299,0.95,0.4,0.6,887,4777,1102934.0,1131819.0,1156645.0,1166306.0,1166594.0,1174597.0,360213.0,388791.0,416697.0,430969.0,444108.0,457153.0,128.94,-1293.6,-1982.73,-5525.93,-2218.48,-2178.36,12002.76,11720.52,6136.96,5649.77,5739.8,8249.96,12131.7,10426.92,4154.23,123.84,3521.32,6071.6,19010.0,19096.0,20176.0,21764.0,24444.0,28321.0,8.6,108.0,158.8,294.8,426.47,199.33,283.8,135857,136356,139774,145347,641.05,645.66,650.75,1493.72,1433.75,1422.28,30.04,336.84,922.89,429.92,4490,2759,8050,7674,8862,6987,12164,11621,15037,0.2,0.3,0.5,85.19,168.91,638.78,297.63,727.55,7282.28,48400.0,0.55,2590.71,48400.0,26620.0,1298.96,0.5,0.41,0.07,3684.9,0.04,30.0,0.6,0.4,48000.0,29000.0,-138.45,4200.0,1816.0,5597.0,53856.0,84464.0,52616.0,46723.0,45024.0,106603.0,101128.0,1749.0,-915.07,833.93,429.92,297.63,664533,5118,0.007701649128034273692954300238,582.04,6190.02,5099.67,0.82,A,202607
47110,-229.0,-113.0,-1161.0,-839.0,-230.0,5196.0,6064.0,2396.0,2923.0,3204.0,0.56,0.56,0.56,0.57,0.58,97.0,69.0,35.0,92.0,247.0,0.19,0.19,0.2,0.2,0.22,0,0,0,0,0,1944,22,0,1966,-285,719,1016,0.66,0.67,0.67,0.38,0.38,0.38,2341,2577,1606,0.34,0.33,0.33,0.2,0.3,0.5,170,258,428,2256.62,0.3,0.63,427,-290.66,0.7,-128,299,2344,0.6,1406.3999999999999,16897,1674,110,0.74,0.05,394,0.26,0.2,55,0.49,0.4,0.6,53,502,202492.0,207459.0,213410.0,214645.0,216729.0,219703.0,57651.0,62847.0,68911.0,71307.0,74230.0,77434.0,-128.24,-63.28,-650.16,-478.23,-133.4,-290.66,2909.76,3395.84,1341.76,1666.11,1858.32,2234.36,2781.52,3332.56,691.6,1187.88,1724.92,1943.7,1677.0,1774.0,1843.0,1878.0,1970.0,2217.0,18.43,13.11,7.0,18.4,54.34,22.26,0.0,27167,26882,27601,28617,636.16,635.35,635.0,1682.33,1682.33,1682.33,-14.3,54.92,129.34,56.65,1455,1668,1199,4546,3660,2751,6001,5328,3950,0.2,0.3,0.5,60.49,96.95,100.7,86.05,142.7,2108.66,57200.0,0.55,393.87,57200.0,31460.0,54.84,0.66,0.22,0.1,219.28,0.04,30.0,0.6,0.4,57000.0,34300.0,-163.75,4920.0,432.0,1271.0,12760.0,19765.0,12561.0,11411.0,10962.0,25730.0,28577.0,426.5,-128.18,298.32,56.65,86.05,163911,2344,0.01430044353338092013348707530,85.62,885.28,1440.67,1.63,C,202607
47111,-1297.0,-245.0,-616.0,-329.0,-1442.0,2184.0,3354.0,1317.0,1912.0,1006.0,0.47,0.47,0.47,0.48,0.48,8.0,42.0,52.0,73.0,131.0,0.18,0.2,0.21,0.21,0.22,0,0,200,0,0,552,13,40,605,-242,277,151,0.64,0.67,0.68,0.4,0.4,0.39,0,1668,999,0.36,0.33,0.32,0.2,0.3,0.5,30,128,158,937.48,0.3,0.62,174,-332.87,0.7,-144,30,0,1.0,0.0,8547,1314,110,0.74,0.05,196,0.26,0.2,42,0.66,0.4,0.6,38,276,95137.0,96024.0,99133.0,99834.0,101417.0,100981.0,28146.0,30330.0,33684.0,35001.0,36913.0,37919.0,-609.59,-115.15,-289.52,-157.92,-692.16,-372.87,1026.48,1576.38,618.99,917.76,482.88,924.5,416.89,1461.23,329.47,759.84,-209.28,551.63,962.0,970.0,1012.0,1064.0,1137.0,1268.0,1.44,8.4,10.92,15.33,28.82,12.98,40.0,12213,11971,12248,12399,672.71,666.14,660.87,1682.33,1682.33,1682.33,-12.39,22.27,20.02,9.97,0,1668,999,0,0,0,0,1668,999,0.2,0.3,0.5,0.0,66.05,62.34,42.8,52.77,657.38,57200.0,0.55,196.07,57200.0,31460.0,42.36,0.59,0.26,0.13,158.09,0.04,30.0,0.6,0.4,57000.0,34300.0,-163.75,4920.0,191.0,589.0,5556.0,8528.0,5546.0,4818.0,4531.0,10181.0,12300.0,174.37,-144.47,29.9,9.97,42.8,68946,0,0.0,52.77,359.04,889.0,2.48,C,202607
47113,1068.0,132.0,-545.0,-510.0,1212.0,3012.0,2710.0,1079.0,1011.0,2198.0,0.64,0.64,0.64,0.64,0.66,89.0,27.0,-17.0,19.0,116.0,0.2,0.18,0.19,0.2,0.21,90,0,48,0,0,1469,10,28,1507,-43,442,865,0.67,0.67,0.66,,,,1455,0,200,0.33,0.33,0.34,0.2,0.3,0.5,,,,1299.59,0.3,0.0,0,206.14,0.7,0,0,0,1.0,0.0,0,0,110,0.74,0.05,0,0.26,0.2,0,0.37,0.4,0.6,0,0,107355.0,111435.0,114277.0,114811.0,115312.0,118722.0,29505.0,32517.0,35227.0,36306.0,37317.0,39515.0,683.52,84.48,-348.8,-326.4,799.92,178.54,1927.68,1734.4,690.56,647.04,1450.68,1290.07,2611.2,1818.88,341.76,320.64,2250.6,1468.62,715.0,804.0,831.0,814.0,833.0,949.0,17.8,4.86,-3.23,3.8,24.36,9.52,27.6,14954,14911,15353,16218,616.09,618.72,621.16,,,,,,,,1455,0,200,0,0,0,1455,0,200,0.2,0.3,0.5,,,,,,,,0.55,0.0,,,0.0,0.71,0.2,0.07,0.0,0.04,30.0,0.6,0.4,,,,,241.0,682.0,7204.0,11237.0,7015.0,6593.0,6431.0,15549.0,16277.0,0.0,0.0,0.0,,,94965,0,0.0,,0.0,551.67,,C,202607
47130,-13.0,-204.0,-318.0,-87.0,-411.0,3066.0,2717.0,435.0,1003.0,1082.0,0.39,0.4,0.4,0.4,0.41,-17.0,168.0,108.0,387.0,588.0,0.06,0.07,0.07,0.08,0.09,0,0,381,0,0,577,20,76,673,165,787,340,0.77,0.78,0.73,,,,83,166,721,0.23,0.22,0.27,0.2,0.3,0.5,,,,680.71,0.3,0.0,0,-7.24,0.7,0,0,731,0.6,438.59999999999997,0,0,110,0.74,0.05,0,0.26,0.2,0,1.05,0.4,0.6,0,0,108194.0,111247.0,113760.0,113877.0,114793.0,115464.0,36572.0,39638.0,42355.0,42790.0,43793.0,44875.0,-5.07,-81.6,-127.2,-34.8,-168.51,-83.44,1195.74,1086.8,174.0,401.2,443.62,660.27,1190.67,1005.2,46.8,366.4,275.11,576.84,5118.0,5101.0,5269.0,5377.0,5764.0,6352.0,-1.02,11.76,7.56,30.96,52.92,20.44,76.2,13701,13866,14653,14993,638.95,644.64,652.82,,,,,,,,0,137,90,1474,1391,1362,1474,1528,1452,0.2,0.3,0.5,,,,,,,,0.55,0.0,,,0.0,0.48,0.41,0.09,0.0,0.04,30.0,0.6,0.4,,,,,212.0,586.0,5836.0,8852.0,5440.0,4716.0,4418.0,10106.0,9419.0,0.0,-0.0,0.0,,,65362,731,0.01118386830268351641626633212,,0.0,75.67,,C,202607
47150,394.0,-224.0,-100.0,-293.0,-363.0,1448.0,1089.0,1068.0,740.0,456.0,0.44,0.45,0.45,0.45,0.45,97.0,126.0,96.0,153.0,112.0,0.15,0.12,0.12,0.12,0.1,0,0,0,0,0,376,14,0,390,93,276,304,0.76,0.76,0.8,0.55,0.53,0.51,224,248,189,0.24,0.24,0.2,0.2,0.3,0.5,103,25,128,443.34,0.3,0.71,94,-53.53,0.7,-27,67,243,0.8,194.4,8717,5692,110,0.74,0.05,229,0.26,0.2,210,0.93,0.4,0.6,98,537,57408.0,59250.0,60115.0,61083.0,61530.0,61623.0,18410.0,19858.0,20947.0,22015.0,22755.0,23211.0,173.36,-100.8,-45.0,-131.85,-163.35,-53.53,637.12,490.05,480.6,333.0,205.2,429.19,810.48,389.25,435.6,201.15,41.85,375.67,583.0,680.0,806.0,902.0,1055.0,1167.0,14.55,15.12,11.52,18.36,11.2,14.15,0.0,6591,6684,6960,7264,679.03,686.76,693.73,1228.06,1292.69,1360.73,7.77,33.35,62.02,34.38,0,0,349,555,331,83,555,331,432,0.2,0.3,0.5,5.91,9.46,9.64,8.34,42.72,432.54,46300.0,0.55,229.0,46300.0,25465.0,210.15,0.51,0.43,0.04,407.08,0.04,30.0,0.6,0.4,46000.0,27800.0,-132.72,3960.0,84.0,258.0,2652.0,4248.0,2651.0,2253.0,2215.0,5440.0,4946.0,94.43,-26.6,67.83,34.38,8.34,34502,243,0.007043069966958437192046837864,34.18,638.86,116.33,0.18,S,202607
47170,26.0,-428.0,-625.0,-560.0,-208.0,2623.0,1298.0,734.0,906.0,759.0,0.42,0.43,0.43,0.44,0.44,-14.0,37.0,125.0,104.0,188.0,0.17,0.15,0.13,0.12,0.12,0,0,0,0,0,386,11,0,397,18,245,534,0.77,0.76,0.77,0.53,0.54,0.55,833,12,1165,0.23,0.24,0.23,0.2,0.3,0.5,145,94,239,552.49,0.3,0.71,118,-155.96,0.7,-78,40,106,1.0,106.0,7876,3921,110,0.74,0.05,207,0.26,0.2,145,0.96,0.4,0.6,81,433,68285.0,70934.0,71804.0,71913.0,72259.0,72810.0,23852.0,26475.0,27773.0,28507.0,29413.0,30172.0,10.92,-184.04,-268.75,-246.4,-91.52,-155.96,1101.66,558.14,315.62,398.64,333.96,541.6,1112.58,374.1,46.87,152.24,242.44,385.65,431.0,417.0,454.0,579.0,683.0,871.0,-2.38,5.55,16.25,12.48,22.56,10.89,0.0,7362,7380,7625,8159,696.08,712.75,727.94,1324.72,1324.72,1330.11,1.47,30.16,113.07,48.23,820,0,1230,66,53,41,886,53,1271,0.2,0.3,0.5,20.31,0.47,73.69,31.49,79.72,476.26,45200.0,0.55,206.9,45200.0,24860.0,144.76,0.5,0.44,0.04,338.85,0.04,30.0,0.6,0.4,45000.0,27100.0,-129.38,3840.0,113.0,309.0,3226.0,5267.0,3141.0,2602.0,2657.0,6010.0,5532.0,117.68,-77.51,40.17,48.23,31.49,39508,106,0.002683000911207856636630555837,79.72,552.87,683.33,1.24,B,202607
47190,572.0,-692.0,-820.0,-494.0,217.0,4195.0,5110.0,1830.0,2940.0,2698.0,0.6,0.59,0.59,0.59,0.6,43.0,115.0,175.0,242.0,104.0,0.19,0.17,0.17,0.18,0.18,0,420,280,0,0,1851,24,140,2015,-131,365,448,0.71,0.78,0.78,0.39,0.38,0.42,-477,365,5237,0.29,0.22,0.22,0.2,0.3,0.5,99,240,339,2016.95,0.3,0.71,430,-2.03,0.7,-1,429,951,0.8,760.8000000000001,19182,3605,110,0.74,0.05,504,0.26,0.2,133,0.33,0.4,0.6,50,687,164752.0,169519.0,173937.0,174947.0,177393.0,180308.0,50734.0,54929.0,60039.0,61869.0,64809.0,67507.0,343.2,-408.28,-483.8,-291.46,130.2,-142.03,2517.0,3014.9,1079.7,1734.6,1618.8,1993.0,2860.2,2606.62,595.9,1443.14,1749.0,1850.97,1822.0,1865.0,1980.0,2155.0,2397.0,2501.0,8.17,19.55,29.75,43.56,18.72,23.95,140.0,18962,18831,19196,19644,611.08,618.41,629.77,1557.46,1635.33,1512.94,-7.25,32.46,73.38,32.86,1350,491,4112,123,1950,2076,1473,2441,6188,0.2,0.3,0.5,-10.79,9.15,241.95,80.1,112.96,2127.88,51400.0,0.55,503.91,51400.0,28270.0,133.1,0.74,0.16,0.08,210.66,0.04,30.0,0.6,0.4,51000.0,30900.0,-147.52,4440.0,296.0,1042.0,8904.0,15796.0,10647.0,9547.0,9546.0,24493.0,25125.0,429.61,-1.01,428.6,32.86,80.1,132948,951,0.007153172669013448867226283961,90.37,1206.54,1984.33,1.64,C,202607
47210,-218.0,-409.0,-282.0,-301.0,-298.0,1551.0,196.0,777.0,637.0,254.0,0.34,0.34,0.35,0.35,0.35,-29.0,10.0,40.0,72.0,89.0,0.13,0.12,0.13,0.12,0.08,0,0,0,0,0,131,4,0,135,105,194,309,0.79,0.83,0.8,0.54,0.52,0.49,736,21,445,0.21,0.17,0.2,0.2,0.3,0.5,95,39,134,239.24,0.3,0.68,49,-104.31,0.7,-50,-1,6,1.0,6.0,3626,1155,110,0.74,0.05,91,0.26,0.2,41,1.35,0.4,0.6,43,175,44303.0,45636.0,45423.0,45918.0,46254.0,46210.0,14132.0,15683.0,15879.0,16656.0,17293.0,17547.0,-74.12,-139.06,-98.7,-105.35,-104.3,-104.31,527.34,66.64,271.95,222.95,88.9,235.56,453.22,-72.42,173.25,117.6,-15.4,131.25,309.0,280.0,290.0,330.0,402.0,491.0,-3.77,1.2,5.2,8.64,7.12,3.68,0.0,4825,4930,5124,5433,668.14,675.83,675.36,1242.77,1308.18,1377.04,8.96,25.12,60.56,31.55,763,0,445,0,27,6,763,27,451,0.2,0.3,0.5,16.69,0.56,21.8,13.02,44.57,179.5,46800.0,0.55,91.23,46800.0,25740.0,40.84,0.41,0.48,0.07,178.58,0.04,30.0,0.6,0.4,47000.0,28100.0,-134.15,4080.0,66.0,188.0,1938.0,2926.0,1612.0,1339.0,1387.0,3310.0,3062.0,48.8,-49.65,-0.85,31.55,13.02,21275,6,0.0002820211515863689776733254994,44.57,218.65,402.67,1.84,C,202607
47230,195.0,-56.0,-2.0,-396.0,-497.0,1337.0,1053.0,446.0,702.0,377.0,0.35,0.37,0.37,0.37,0.37,-25.0,14.0,48.0,173.0,193.0,0.27,0.26,0.28,0.32,0.32,0,0,0,0,0,228,25,0,253,22,285,169,0.69,0.7,0.74,,,,20,1,2,0.31,0.3,0.26,0.2,0.3,0.5,,,,309.85,0.3,0.0,0,-56.72,0.7,0,0,2,1.0,2.0,0,0,110,0.74,0.05,0,0.26,0.2,0,1.22,0.4,0.6,0,0,43310.0,44842.0,45839.0,46283.0,46589.0,46469.0,15063.0,16400.0,17453.0,17899.0,18601.0,18978.0,68.25,-20.72,-0.74,-146.52,-183.89,-56.72,467.95,389.61,165.02,259.74,139.49,284.36,536.2,368.89,164.28,113.22,-44.4,227.64,748.0,723.0,737.0,785.0,958.0,1151.0,-6.75,3.64,13.44,55.36,61.76,25.49,0.0,5802,5824,6109,6278,493.92,497.97,502.54,,,,,,,,0,0,0,25,5,4,25,5,4,0.2,0.3,0.5,,,,,,,,0.55,0.0,,,0.0,0.44,0.5,0.05,0.0,0.04,30.0,0.6,0.4,,,,,65.0,218.0,2331.0,3123.0,1785.0,1481.0,1382.0,3006.0,1894.0,0.0,-0.0,0.0,,,22753,2,0.00008790049663780600360392036215,,0.0,0.0,,C,202607
47250,-126.0,-448.0,-142.0,-253.0,-502.0,1264.0,70.0,524.0,465.0,404.0,0.23,0.24,0.25,0.25,0.25,-24.0,47.0,112.0,91.0,202.0,0.12,0.1,0.1,0.09,0.09,0,0,0,0,0,59,8,0,67,107,205,96,0.76,0.79,0.78,,,,8,-75,3,0.24,0.21,0.22,0.2,0.3,0.5,,,,139.03,0.3,0.0,0,-72.15,0.7,0,0,85,0.8,68.0,0,0,110,0.74,0.05,0,0.26,0.2,0,2.52,0.4,0.6,0,0,42579.0,43717.0,43339.0,43721.0,43933.0,43835.0,14864.0,16128.0,16198.0,16722.0,17187.0,17591.0,-28.98,-107.52,-35.5,-63.25,-125.5,-72.15,290.72,16.8,131.0,116.25,101.0,131.15,261.74,-90.72,95.5,53.0,-24.5,59.0,291.0,267.0,314.0,426.0,517.0,719.0,-2.88,4.7,11.2,8.19,18.18,7.88,0.0,5295,5402,5607,5703,709.67,718.28,726.13,,,,,,,,0,0,0,21,13,88,21,13,88,0.2,0.3,0.5,,,,,,,,0.55,0.0,,,0.0,0.28,0.67,0.04,0.0,0.04,30.0,0.6,0.4,,,,,30.0,137.0,1140.0,1820.0,988.0,857.0,788.0,1817.0,1321.0,0.0,-0.0,0.0,,,14307,85,0.005941147689941986440204095897,,0.0,0.0,,C,202607
47280,-9.0,-110.0,74.0,-422.0,-390.0,515.0,690.0,328.0,120.0,308.0,0.21,0.21,0.22,0.22,0.22,-7.0,31.0,13.0,35.0,85.0,0.07,0.05,0.06,0.08,0.06,0,0,0,0,0,46,2,0,48,97,144,130,0.74,0.77,0.75,,,,22,2,0,0.26,0.23,0.25,0.2,0.3,0.5,,,,85.82,0.3,0.0,0,-37.47,0.7,0,0,0,1.0,0.0,0,0,110,0.74,0.05,0,0.26,0.2,0,2.92,0.4,0.6,0,0,30068.0,30574.0,31154.0,31556.0,31254.0,31172.0,10187.0,10702.0,11392.0,11720.0,11840.0,12148.0,-1.89,-23.1,16.28,-92.84,-85.8,-37.47,108.15,144.9,72.16,26.4,67.76,83.87,106.26,121.8,88.44,-66.44,-18.04,46.4,226.0,219.0,250.0,263.0,298.0,383.0,-0.49,1.55,0.78,2.8,5.1,1.95,0.0,3647,3744,3888,4018,721.35,735.51,743.86,,,,,,,,0,0,0,24,2,0,24,2,0,0.2,0.3,0.5,,,,,,,,0.55,0.0,,,0.0,0.25,0.64,0.09,0.0,0.04,30.0,0.6,0.4,,,,,32.0,112.0,921.0,1520.0,820.0,703.0,619.0,1406.0,1243.0,0.0,-0.0,0.0,,,10624,0,0,,0.0,0.0,,C,202607
47290,215.0,1873.0,-296.0,-1132.0,-126.0,3588.0,4309.0,2151.0,4515.0,2009.0,0.54,0.55,0.55,0.55,0.56,62.0,336.0,510.0,909.0,1487.0,0.06,0.06,0.05,0.06,0.08,0,0,0,0,0,1878,45,0,1923,-156,464,656,0.66,0.69,0.64,,,,-15,727,10,0.34,0.31,0.36,0.2,0.3,0.5,,,,1864.34,0.3,0.0,0,58.06,0.7,0,0,15,1.0,15.0,0,0,110,0.74,0.05,0,0.26,0.2,0,0.36,0.4,0.6,0,0,112324.0,116127.0,122309.0,124164.0,127547.0,129430.0,38217.0,41805.0,46114.0,48265.0,52780.0,54789.0,116.1,1030.15,-162.8,-622.6,-70.56,58.06,1937.52,2369.95,1183.05,2483.25,1125.04,1819.76,2053.62,3400.1,1020.25,1860.65,1054.48,1877.82,4473.0,4535.0,4871.0,5381.0,6290.0,7777.0,3.72,20.16,25.5,54.54,118.96,44.58,0.0,11907,11751,12215,12871,721.78,725.29,727.51,,,,,,,,0,0,0,737,752,25,737,752,25,0.2,0.3,0.5,,,,,,,,0.55,0.0,,,0.0,0.73,0.22,0.04,0.0,0.04,30.0,0.6,0.4,,,,,228.0,731.0,7518.0,11043.0,6714.0,6531.0,6239.0,14479.0,10957.0,0.0,0.0,0.0,,,84823,15,0.0001768388290911663110241326055,,0.0,0.0,,C,202607
47730,-43.0,-390.0,-116.0,-139.0,-329.0,395.0,514.0,328.0,330.0,102.0,0.08,0.08,0.08,0.08,0.08,-10.0,-1.0,17.0,81.0,60.0,0.06,0.05,0.07,0.04,0.04,0,0,0,0,0,10,1,0,11,113,203,175,0.83,0.81,0.8,0.48,0.49,0.49,0,140,90,0.17,0.19,0.2,0.2,0.3,0.5,67,8,75,27.94,0.3,0.75,6,-16.27,0.7,-9,-3,0,1.0,0.0,259,59,110,0.74,0.05,7,0.26,0.2,2,10.78,0.4,0.6,23,32,23767.0,24119.0,24243.0,24455.0,24646.0,24419.0,8949.0,9344.0,9858.0,10186.0,10516.0,10618.0,-3.44,-31.2,-9.28,-11.12,-26.32,-16.27,31.6,41.12,26.24,26.4,8.16,26.7,28.16,9.92,16.96,15.28,-18.16,10.43,165.0,155.0,154.0,171.0,252.0,312.0,-0.6,-0.05,1.19,3.24,2.4,1.24,0.0,3013,3126,3329,3504,543.62,547.18,551.85,1121.85,1121.85,1121.85,9.0,24.17,34.3,22.49,0,140,90,0,0,0,0,140,90,0.2,0.3,0.5,0.0,3.91,4.41,2.77,25.26,36.93,38100.0,0.55,7.19,38100.0,20955.0,2.3,0.08,0.86,0.04,102.29,0.04,30.0,0.6,0.4,38000.0,22900.0,-109.33,3240.0,,53.0,382.0,546.0,295.0,246.0,181.0,393.0,292.0,6.29,-8.54,-2.25,22.49,2.77,3305,0,0,25.26,57.05,76.67,1.34,B,202607
47750,-81.0,-190.0,-72.0,-83.0,-89.0,292.0,328.0,141.0,81.0,126.0,0.09,0.09,0.09,0.09,0.09,-9.0,3.0,33.0,20.0,39.0,0.12,0.1,0.05,0.08,0.07,0,0,0,0,0,8,1,0,9,33,134,204,0.69,0.8,0.65,,,,0,0,0,0.31,0.2,0.35,0.2,0.3,0.5,,,,18.46,0.3,0.0,0,-9.27,0.7,0,0,0,1.0,0.0,0,0,110,0.74,0.05,0,0.26,0.2,0,6.66,0.4,0.6,0,0,11512.0,11723.0,11861.0,11930.0,11928.0,11965.0,4239.0,4531.0,4859.0,5000.0,5081.0,5207.0,-7.29,-17.1,-6.48,-7.47,-8.01,-9.27,26.28,29.52,12.69,7.29,11.34,17.42,18.99,12.42,6.21,-0.18,3.33,8.15,67.0,58.0,61.0,94.0,114.0,153.0,-1.08,0.3,1.65,1.6,2.73,1.04,0.0,1512,1545,1679,1883,354.2,356.85,359.54,,,,,,,,0,0,0,0,0,0,0,0,0,0.2,0.3,0.5,,,,,,,,0.55,0.0,,,0.0,0.13,0.79,0.06,0.0,0.04,30.0,0.6,0.4,,,,,,32.0,186.0,357.0,244.0,164.0,126.0,248.0,171.0,0.0,-0.0,0.0,,,2434,0,0,,0.0,0.0,,C,202607
47760,-9.0,-108.0,-88.0,-100.0,-99.0,131.0,170.0,128.0,67.0,67.0,0.04,0.04,0.05,0.05,0.05,-4.0,33.0,-6.0,15.0,21.0,0.0,0.0,0.06,0.0,0.0,0,0,0,0,0,1,0,0,1,4,37,113,0.8,0.67,0.83,,,,0,0,0,0.2,0.33,0.17,0.2,0.3,0.5,,,,4.96,0.3,0.0,0,-3.81,0.7,0,0,0,1.0,0.0,0,0,110,0.74,0.05,0,0.26,0.2,0,18.0,0.4,0.6,0,0,7539.0,7661.0,7723.0,7763.0,7730.0,7698.0,2759.0,2890.0,3060.0,3188.0,3255.0,3322.0,-0.36,-4.32,-4.4,-5.0,-4.95,-3.81,5.24,6.8,6.4,3.35,3.35,5.03,4.88,2.48,2.0,-1.65,-1.6,1.22,62.0,58.0,91.0,85.0,100.0,121.0,-0.0,0.0,-0.36,0.0,0.0,-0.07,0.0,1032,1036,1073,1186,0.0,0.0,0.0,,,,,,,,0,0,0,0,0,0,0,0,0,0.2,0.3,0.5,,,,,,,,0.55,0.0,,,0.0,0.05,0.86,0.08,0.0,0.04,30.0,0.6,0.4,,,,,,,95.0,190.0,115.0,78.0,54.0,148.0,119.0,0.0,-0.0,0.0,,,1167,0,0,,0.0,0.0,,C,202607
47770,-198.0,-351.0,-227.0,-160.0,-259.0,249.0,340.0,189.0,222.0,111.0,0.07,0.07,0.08,0.08,0.09,-8.0,4.0,34.0,55.0,-30.0,0.0,0.02,0.04,0.02,0.02,0,0,0,0,0,-2,0,0,-2,-4,125,202,0.79,0.76,0.78,,,,35,0,0,0.21,0.24,0.22,0.2,0.3,0.5,,,,17.21,0.3,0.0,0,-18.54,0.7,0,0,0,1.0,0.0,0,0,110,0.74,0.05,0,0.26,0.2,0,10.13,0.4,0.6,0,0,16918.0,16969.0,16958.0,16920.0,16982.0,16834.0,6565.0,6814.0,7154.0,7343.0,7565.0,7676.0,-13.86,-24.57,-18.16,-12.8,-23.31,-18.54,17.43,23.8,15.12,17.76,9.99,16.82,3.57,-0.77,-3.04,4.96,-13.32,-1.72,221.0,213.0,217.0,251.0,306.0,276.0,-0.0,0.08,1.36,1.1,-0.6,0.39,0.0,2136,2132,2257,2459,631.14,638.58,641.58,,,,,,,,35,0,0,0,0,0,35,0,0,0.2,0.3,0.5,,,,,,,,0.55,0.0,,,0.0,0.09,0.8,0.09,0.0,0.04,30.0,0.6,0.4,,,,,,49.0,327.0,446.0,201.0,191.0,137.0,313.0,233.0,0.0,-0.0,0.0,,,3386,0,0,,0.0,11.67,,C,202607
47820,52.0,-243.0,-10.0,74.0,-102.0,153.0,463.0,278.0,13.0,74.0,0.1,0.1,0.1,0.1,0.1,0.0,6.0,7.0,39.0,33.0,0.06,0.05,0.07,0.08,0.07,0,0,0,0,0,15,1,0,16,124,164,80,0.68,0.77,0.71,,,,2,-1,53,0.32,0.23,0.29,0.2,0.3,0.5,,,,20.86,0.3,0.0,0,-4.58,0.7,0,0,33,0.6,19.8,0,0,110,0.74,0.05,0,0.26,0.2,0,8.62,0.4,0.6,0,0,18616.0,18821.0,19041.0,19309.0,19396.0,19368.0,6789.0,6942.0,7405.0,7683.0,7696.0,7770.0,5.2,-24.3,-1.0,7.4,-10.2,-4.58,15.3,46.3,27.8,1.3,7.4,19.62,20.5,22.0,26.8,8.7,-2.8,15.04,145.0,145.0,151.0,158.0,197.0,230.0,0.0,0.3,0.49,3.12,2.31,1.24,0.0,3013,3137,3301,3381,461.26,462.87,466.1,,,,,,,,0,0,42,45,43,44,45,43,86,0.2,0.3,0.5,,,,,,,,0.55,0.0,,,0.0,0.1,0.84,0.05,0.0,0.04,30.0,0.6,0.4,,,,,,44.0,462.0,559.0,266.0,236.0,200.0,405.0,284.0,0.0,-0.0,0.0,,,3259,33,0.01012580546179809757594354096,,0.0,14.0,,C,202607
47830,-157.0,-223.0,-131.0,132.0,15.0,187.0,301.0,231.0,-27.0,273.0,0.24,0.24,0.24,0.24,0.26,13.0,-17.0,10.0,88.0,68.0,0.11,0.11,0.14,0.13,0.15,0,0,0,0,0,30,5,0,35,21,96,81,0.65,0.57,0.73,0.5,0.47,0.47,0,0,463,0.35,0.43,0.27,0.2,0.3,0.5,23,29,52,51.93,0.3,0.77,12,-17.41,0.7,-9,3,0,1.0,0.0,395,0,110,0.74,0.05,11,0.26,0.2,0,2.42,0.4,0.6,6,17,13468.0,13498.0,13576.0,13676.0,13781.0,14069.0,4499.0,4686.0,4987.0,5218.0,5191.0,5464.0,-37.68,-53.52,-31.44,31.68,3.9,-17.41,44.88,72.24,55.44,-6.48,70.98,47.41,7.2,18.72,24.0,25.2,74.88,30.0,387.0,400.0,383.0,393.0,481.0,549.0,1.43,-1.87,1.4,11.44,10.2,4.52,0.0,1947,1968,2064,2145,517.63,511.81,503.88,1028.57,1082.71,1082.71,1.37,7.72,13.9,7.66,0,0,463,0,0,0,0,0,463,0.2,0.3,0.5,0.0,0.0,29.38,9.79,17.45,51.97,36800.0,0.55,11.25,36800.0,20240.0,0.0,0.29,0.64,0.05,27.22,0.04,30.0,0.6,0.4,37000.0,22100.0,-105.51,3120.0,,60.0,620.0,822.0,421.0,376.0,353.0,652.0,363.0,12.0,-9.38,2.62,7.66,9.79,5298,0,0,17.45,37.85,154.33,4.08,C,202607
47840,198.0,-221.0,50.0,-121.0,-143.0,222.0,513.0,199.0,319.0,164.0,0.07,0.06,0.06,0.07,0.08,-8.0,-14.0,47.0,86.0,135.0,0.01,0.03,0.02,0.01,0.02,0,0,0,0,0,15,1,0,16,112,106,-10,0.84,0.82,0.83,0.62,0.6,0.58,0,140,0,0.16,0.18,0.17,0.2,0.3,0.5,25,5,30,19.54,0.3,0.73,4,-3.26,0.7,-2,2,0,1.0,0.0,547,0,110,0.74,0.05,15,0.26,0.2,0,10.34,0.4,0.6,37,52,17835.0,18255.0,18547.0,18796.0,18994.0,19015.0,6100.0,6322.0,6835.0,7034.0,7353.0,7517.0,13.86,-13.26,3.0,-8.47,-11.44,-3.26,15.54,30.78,11.94,22.33,13.12,18.74,29.4,17.52,14.94,13.86,1.68,15.48,436.0,428.0,414.0,461.0,547.0,682.0,-0.08,-0.42,0.94,0.86,2.7,0.8,0.0,2711,2823,2929,2919,655.27,669.97,679.79,1060.46,1113.49,1169.16,11.67,15.65,-2.41,8.3,0,140,0,0,0,0,0,140,0,0.2,0.3,0.5,0.0,4.54,0.0,1.51,9.81,26.09,39800.0,0.55,14.77,39800.0,21890.0,0.0,0.09,0.86,0.04,152.73,0.04,30.0,0.6,0.4,40000.0,23900.0,-114.1,3480.0,,35.0,251.0,407.0,211.0,137.0,145.0,284.0,187.0,4.28,-1.67,2.61,8.3,1.51,2444,0,0,9.81,63.85,46.67,0.73,A,202607
47850,-332.0,104.0,-233.0,-847.0,-680.0,881.0,1040.0,1037.0,1265.0,223.0,0.46,0.47,0.46,0.46,0.46,-80.0,93.0,143.0,73.0,184.0,0.12,0.12,0.11,0.12,0.11,0,0,0,0,0,228,9,0,237,-42,130,133,0.64,0.65,0.63,,,,-627,193,-112,0.36,0.35,0.37,0.2,0.3,0.5,,,,420.37,0.3,0.0,0,-182.69,0.7,0,0,546,0.4,218.4,0,0,110,0.74,0.05,0,0.26,0.2,0,0.7,0.4,0.6,0,0,46237.0,46786.0,47930.0,48734.0,49152.0,48695.0,14337.0,15218.0,16258.0,17295.0,18560.0,18783.0,-152.72,48.88,-107.18,-389.62,-312.8,-182.69,405.26,488.8,477.02,581.9,102.58,411.11,252.54,537.68,369.84,192.28,-210.22,228.42,1171.0,1091.0,1184.0,1327.0,1400.0,1584.0,-9.6,11.16,15.73,8.76,20.24,9.26,0.0,5078,5036,5166,5299,449.53,447.96,448.28,,,,,,,,0,0,0,0,627,434,0,627,434,0.2,0.3,0.5,,,,,,,,0.55,0.0,,,0.0,0.58,0.33,0.08,0.0,0.04,30.0,0.6,0.4,,,,,104.0,288.0,2455.0,3967.0,2652.0,2250.0,1980.0,4871.0,3395.0,0.0,-0.0,0.0,,,28786,546,0.01896755367192385187243799069,,0.0,0.0,,C,202607
47900,240.0,127.0,17.0,-75.0,-169.0,419.0,514.0,371.0,189.0,-6.0,0.32,0.33,0.34,0.35,0.35,9.0,4.0,13.0,38.0,21.0,0.21,0.18,0.16,0.17,0.14,0,0,0,0,0,107,3,0,110,-20,151,190,0.5,0.53,0.49,,,,0,0,0,0.5,0.47,0.51,0.2,0.3,0.5,,,,101.6,0.3,0.0,0,7.82,0.7,0,0,0,1.0,0.0,0,0,110,0.74,0.05,0,0.26,0.2,0,1.68,0.4,0.6,0,0,23382.0,24041.0,24682.0,25070.0,25184.0,25009.0,7862.0,8281.0,8795.0,9166.0,9355.0,9349.0,76.8,41.91,5.78,-26.25,-59.15,7.82,134.08,169.62,126.14,66.15,-2.1,98.78,210.88,211.53,131.92,39.9,-61.25,106.6,144.0,153.0,157.0,170.0,208.0,229.0,1.89,0.72,2.08,6.46,2.94,2.82,0.0,3374,3354,3505,3695,779.48,789.9,795.43,,,,,,,,0,0,0,0,0,0,0,0,0,0.2,0.3,0.5,,,,,,,,0.55,0.0,,,0.0,0.37,0.58,0.04,0.0,0.04,30.0,0.6,0.4,,,,,,91.0,713.0,1371.0,932.0,722.0,791.0,2002.0,2107.0,0.0,0.0,0.0,,,11266,0,0,,0.0,0.0,,C,202607
47920,-80.0,-228.0,-122.0,-192.0,-185.0,180.0,322.0,179.0,162.0,53.0,0.09,0.09,0.1,0.1,0.1,-4.0,0.0,18.0,22.0,45.0,0.1,0.08,0.08,0.04,0.04,0,0,0,0,0,1,1,0,2,16,101,228,0.84,0.81,0.67,,,,0,0,0,0.16,0.19,0.33,0.2,0.3,0.5,,,,17.66,0.3,0.0,0,-15.52,0.7,0,0,0,1.0,0.0,0,0,110,0.74,0.05,0,0.26,0.2,0,7.91,0.4,0.6,0,0,13992.0,14092.0,14186.0,14243.0,14213.0,14081.0,4903.0,5083.0,5405.0,5584.0,5746.0,5799.0,-7.2,-20.52,-12.2,-19.2,-18.5,-15.52,16.2,28.98,17.9,16.2,5.3,16.92,9.0,8.46,5.7,-3.0,-13.2,1.39,82.0,78.0,78.0,96.0,118.0,163.0,-0.4,0.0,1.44,0.88,1.8,0.74,0.0,1831,1847,1948,2176,585.46,592.1,597.21,,,,,,,,0,0,0,0,0,0,0,0,0,0.2,0.3,0.5,,,,,,,,0.55,0.0,,,0.0,0.11,0.79,0.08,0.0,0.04,30.0,0.6,0.4,,,,,,,200.0,352.0,220.0,202.0,170.0,342.0,228.0,0.0,-0.0,0.0,,,3095,0,0,,0.0,0.0,,C,202607
47930,-112.0,-205.0,-171.0,-80.0,-192.0,487.0,374.0,165.0,198.0,196.0,0.2,0.2,0.21,0.21,0.22,3.0,27.0,-1.0,11.0,14.0,0.08,0.09,0.12,0.1,0.11,0,0,0,0,0,27,1,0,28,35,154,139,0.62,0.7,0.73,0.59,0.57,0.55,117,118,47,0.38,0.3,0.27,0.2,0.3,0.5,49,15,64,59.35,0.3,0.79,14,-31.67,0.7,-18,-4,56,0.8,44.800000000000004,154,0,110,0.74,0.05,5,0.26,0.2,0,3.02,0.4,0.6,4,9,21332.0,21707.0,21876.0,21870.0,21988.0,21992.0,7883.0,8370.0,8744.0,8909.0,9107.0,9303.0,-22.4,-41.0,-35.91,-16.8,-42.24,-31.67,97.4,74.8,34.65,41.58,43.12,58.31,75.0,33.8,-1.26,24.78,0.88,26.64,274.0,277.0,304.0,303.0,314.0,328.0,0.24,2.43,-0.12,1.1,1.54,1.04,0.0,2652,2687,2841,2980,634.41,652.34,663.0,1078.76,1135.54,1195.3,2.56,18.43,27.9,16.3,67,183,30,58,8,73,125,191,103,0.2,0.3,0.5,5.25,6.05,3.49,4.93,21.23,48.91,40600.0,0.55,4.5,40600.0,22330.0,0.0,0.24,0.6,0.13,13.6,0.04,30.0,0.6,0.4,41000.0,24400.0,-116.49,3480.0,35.0,71.0,619.0,1083.0,717.0,584.0,517.0,1136.0,1379.0,14.07,-17.51,-3.44,16.3,4.93,9594,56,0.005836981446737544298519908276,16.98,21.3,93.33,4.38,C,202607
47940,-18.0,-97.0,33.0,19.0,-2.0,73.0,116.0,80.0,52.0,111.0,0.04,0.04,0.04,0.04,0.04,-1.0,-8.0,-3.0,7.0,-8.0,0.0,0.0,0.0,0.0,0.0,0,0,0,0,0,3,0,0,3,19,39,36,1.0,1.0,1.0,,,,0,0,0,0.0,0.0,0.0,0.2,0.3,0.5,,,,3.46,0.3,0.0,0,-0.52,0.7,0,0,0,1.0,0.0,0,0,110,0.74,0.05,0,0.26,0.2,0,14.63,0.4,0.6,0,0,4061.0,4116.0,4135.0,4248.0,4319.0,4428.0,1661.0,1734.0,1850.0,1930.0,1982.0,2093.0,-0.72,-3.88,1.32,0.76,-0.08,-0.52,2.92,4.64,3.2,2.08,4.44,3.46,2.2,0.76,4.52,2.84,4.36,2.94,78.0,77.0,69.0,66.0,73.0,65.0,-0.0,-0.0,-0.0,0.0,-0.0,0.0,0.0,646,665,704,740,0.0,0.0,0.0,,,,,,,,0,0,0,0,0,0,0,0,0,0.2,0.3,0.5,,,,,,,,0.55,0.0,,,0.0,0.06,0.78,0.1,0.0,0.04,30.0,0.6,0.4,,,,,,,37.0,77.0,41.0,42.0,34.0,56.0,80.0,0.0,-0.0,0.0,,,486,0,0,,0.0,0.0,,C,202607
48000,2626.0,-3926.0,-4656.0,-6851.0,-3065.0,26316.0,32753.0,18282.0,18719.0,14369.0,0.53,0.53,0.53,0.54,0.54,176.0,607.0,934.0,4568.0,4403.0,0.15,0.15,0.14,0.14,0.14,1376,960,2922,0,0,10070,301,1052,11423,-2689,1168,2526,0.69,0.71,0.69,0.62,0.55,0.56,8557,2282,9406,0.31,0.29,0.31,0.2,0.3,0.5,395,1255,1650,12073.54,0.3,0.7,2535,-650.66,0.7,-319,2216,5451,0.8,4360.8,196326,87685,110,0.74,0.05,5085,0.26,0.2,3192,0.59,0.4,0.6,1172,9449,1321213.0,1350155.0,1378982.0,1392608.0,1404476.0,1415780.0,391421.0,417737.0,450490.0,468772.0,487491.0,501860.0,1391.78,-2080.78,-2467.68,-3699.54,-1655.1,-1702.26,13947.48,17359.09,9689.46,10108.26,7759.26,11772.71,15339.26,15278.31,7221.78,6408.72,6104.16,10070.45,24783.0,24959.0,25566.0,26500.0,31068.0,35471.0,26.4,91.05,130.76,639.52,616.42,300.83,1051.6,170866,168177,169345,171871,799.1,807.75,819.18,1284.45,1458.75,1467.16,-230.07,136.83,488.02,131.59,7639,3947,9510,4600,3682,5347,12239,7629,14857,0.2,0.3,0.5,328.93,109.19,816.44,418.19,549.78,11972.66,49900.0,0.55,5084.84,49900.0,27445.0,3191.73,0.62,0.32,0.05,4867.3,0.04,30.0,0.6,0.4,50000.0,29900.0,-142.75,4320.0,2561.0,7704.0,69308.0,114745.0,75470.0,67397.0,65094.0,163747.0,164228.0,2535.44,-318.82,2216.62,131.59,418.19,908727,5451,0.005998501200030372157974837327,439.82,12101.16,7032.0,0.58,A,202607
48170,613.0,311.0,-704.0,-744.0,-579.0,5329.0,2498.0,2215.0,1931.0,1573.0,0.51,0.52,0.52,0.52,0.52,32.0,141.0,39.0,223.0,178.0,0.1,0.1,0.11,0.11,0.12,0,0,0,0,0,1282,13,0,1295,-428,-312,53,0.79,0.82,0.82,,,,281,814,29,0.21,0.18,0.18,0.2,0.3,0.5,,,,1411.63,0.3,0.0,0,-115.94,0.7,0,0,57,1.0,57.0,0,0,110,0.74,0.05,0,0.26,0.2,0,0.53,0.4,0.6,0,0,140718.0,146660.0,149469.0,150980.0,152167.0,153161.0,44003.0,49332.0,51830.0,54045.0,55976.0,57549.0,312.63,161.72,-366.08,-386.88,-301.08,-115.94,2717.79,1298.96,1151.8,1004.12,817.96,1398.13,3030.42,1460.68,785.72,617.24,516.88,1282.19,1593.0,1625.0,1766.0,1805.0,2028.0,2206.0,3.2,14.1,4.29,24.53,21.36,13.5,0.0,17016,16588,16276,16329,927.06,951.2,982.23,,,,,,,,290,840,0,51,60,86,341,900,86,0.2,0.3,0.5,,,,,,,,0.55,0.0,,,0.0,0.64,0.32,0.03,0.0,0.04,30.0,0.6,0.4,,,,,212.0,709.0,6423.0,11629.0,7524.0,6517.0,6234.0,16226.0,18525.0,0.0,-0.0,0.0,,,89482,57,0.0006369996200353143649002033929,,0.0,376.67,,C,202607
48220,-432.0,-791.0,-589.0,-722.0,-530.0,990.0,1089.0,642.0,757.0,320.0,0.49,0.5,0.5,0.5,0.5,-20.0,-17.0,63.0,151.0,34.0,0.21,0.19,0.17,0.17,0.18,0,0,0,0,0,72,7,0,79,5,0,15,0.78,0.78,0.79,,,,-195,-109,118,0.22,0.22,0.21,0.2,0.3,0.5,,,,384.83,0.3,0.0,0,-305.54,0.7,0,0,262,0.8,209.60000000000002,0,0,110,0.74,0.05,0,0.26,0.2,0,0.72,0.4,0.6,0,0,53200.0,53758.0,54056.0,54109.0,54144.0,53934.0,16455.0,17445.0,18534.0,19176.0,19933.0,20253.0,-211.68,-395.5,-294.5,-361.0,-265.0,-305.54,485.1,544.5,321.0,378.5,160.0,377.82,273.42,149.0,26.5,17.5,-105.0,72.28,1129.0,1109.0,1092.0,1155.0,1306.0,1340.0,-4.2,-3.23,10.71,25.67,6.12,7.01,0.0,5919,5924,5924,5939,579.73,581.18,585.33,,,,,,,,0,0,0,76,271,380,76,271,380,0.2,0.3,0.5,,,,,,,,0.55,0.0,,,0.0,0.57,0.36,0.05,0.0,0.04,30.0,0.6,0.4,,,,,105.0,346.0,3155.0,4549.0,2694.0,2254.0,2108.0,4934.0,3747.0,0.0,-0.0,0.0,,,32470,262,0.008068986757006467508469356329,,0.0,0.0,,C,202607
48240,-23.0,-136.0,-105.0,-375.0,20.0,974.0,1131.0,720.0,1208.0,558.0,0.45,0.46,0.46,0.47,0.47,-106.0,76.0,24.0,131.0,-53.0,0.22,0.24,0.22,0.21,0.22,0,0,1295,0,0,366,3,259,628,-58,78,222,0.67,0.68,0.59,,,,72,55,185,0.33,0.32,0.41,0.2,0.3,0.5,,,,427.17,0.3,0.0,0,201.39,0.7,0,0,358,0.6,214.79999999999998,0,0,110,0.74,0.05,0,0.26,0.2,0,0.87,0.4,0.6,0,0,45589.0,46540.0,47535.0,48150.0,48983.0,49561.0,14630.0,15604.0,16735.0,17455.0,18663.0,19221.0,-10.35,-62.56,-48.3,-176.25,9.4,-57.61,438.3,520.26,331.2,567.76,262.26,423.96,427.95,457.7,282.9,391.51,271.66,366.34,844.0,738.0,814.0,838.0,969.0,916.0,-23.32,18.24,5.28,27.51,-11.66,3.21,259.0,5542,5484,5562,5784,536.13,539.04,547.74,,,,,,,,0,0,0,670,598,543,670,598,543,0.2,0.3,0.5,,,,,,,,0.55,0.0,,,0.0,0.52,0.41,0.05,0.0,0.04,30.0,0.6,0.4,,,,,84.0,268.0,2372.0,3919.0,2487.0,2086.0,1951.0,4649.0,4502.0,0.0,0.0,0.0,,,29472,358,0.01214712269272529858849077090,,0.0,0.0,,C,202607
48250,1909.0,-388.0,179.0,-262.0,733.0,4049.0,4470.0,2903.0,3697.0,1910.0,0.66,0.66,0.66,0.67,0.68,46.0,319.0,520.0,891.0,988.0,0.11,0.1,0.11,0.11,0.11,0,0,108,0,0,2552,60,22,2634,-586,194,297,0.7,0.71,0.72,0.51,0.49,0.5,2159,667,2687,0.3,0.29,0.28,0.2,0.3,0.5,32,283,315,2323.03,0.3,0.71,495,310.58,0.7,154,649,1994,0.6,1196.3999999999999,32778,9095,110,0.74,0.05,861,0.26,0.2,336,0.26,0.4,0.6,75,1272,201314.0,207272.0,211354.0,214436.0,217871.0,220514.0,51997.0,56046.0,60516.0,63419.0,67116.0,69026.0,1259.94,-256.08,118.14,-175.54,498.44,288.98,2672.34,2950.2,1915.98,2476.99,1298.8,2262.86,3932.28,2694.12,2034.12,2301.45,1797.24,2551.84,6723.0,6769.0,7088.0,7608.0,8499.0,9487.0,5.06,31.9,57.2,98.01,108.68,60.17,21.6,24914,24328,24522,24819,741.39,741.04,742.79,1447.43,1509.77,1489.26,-41.84,20.25,53.46,10.62,1776,1137,3360,1234,851,1321,3010,1988,4681,0.2,0.3,0.5,66.07,28.43,188.09,94.2,104.82,2738.43,50600.0,0.55,861.08,50600.0,27830.0,335.79,0.78,0.14,0.07,315.44,0.04,30.0,0.6,0.4,51000.0,30400.0,-145.13,4320.0,549.0,1532.0,12975.0,21921.0,15203.0,14138.0,13707.0,35286.0,33049.0,494.81,154.36,649.17,10.62,94.2,173760,1994,0.01147559852670349907918968692,62.89,1984.64,2091.0,1.05,B,202607
48270,111.0,-377.0,-133.0,315.0,-379.0,914.0,1189.0,704.0,101.0,514.0,0.33,0.34,0.34,0.35,0.35,-30.0,4.0,78.0,305.0,305.0,0.1,0.11,0.14,0.13,0.13,0,0,0,0,0,200,18,0,218,16,160,158,0.73,0.81,0.78,,,,116,55,45,0.27,0.19,0.22,0.2,0.3,0.5,,,,249.63,0.3,0.0,0,-31.83,0.7,0,0,217,0.6,130.2,0,0,110,0.74,0.05,0,0.26,0.2,0,1.62,0.4,0.6,0,0,44923.0,45948.0,46760.0,47331.0,47747.0,47882.0,15731.0,16645.0,17834.0,18538.0,18639.0,19153.0,36.63,-128.18,-45.22,110.25,-132.65,-31.83,301.62,404.26,239.36,35.35,179.9,232.1,338.25,276.08,194.14,145.6,47.25,200.26,891.0,861.0,865.0,943.0,1248.0,1553.0,-3.0,0.44,10.92,39.65,39.65,17.53,0.0,6570,6586,6746,6904,654.26,658.14,664.27,,,,,,,,149,232,0,52,85,262,201,317,262,0.2,0.3,0.5,,,,,,,,0.55,0.0,,,0.0,0.37,0.56,0.05,0.0,0.04,30.0,0.6,0.4,,,,,60.0,219.0,2020.0,2893.0,1593.0,1419.0,1229.0,2729.0,2151.0,0.0,-0.0,0.0,,,21592,217,0.01005001852537977028529084846,,0.0,127.0,,C,202607
48310,155.0,-695.0,-806.0,-415.0,-15.0,1954.0,1865.0,579.0,1283.0,1269.0,0.6,0.61,0.61,0.62,0.62,240.0,-213.0,-336.0,1403.0,1556.0,0.32,0.33,0.3,0.22,0.19,0,0,299,0,0,631,102,60,793,-510,111,523,0.67,0.67,0.66,,,,2063,92,57,0.33,0.33,0.34,0.2,0.3,0.5,,,,951.1,0.3,0.0,0,-158.04,0.7,0,0,429,0.8,343.20000000000005,0,0,110,0.74,0.05,0,0.26,0.2,0,0.42,0.4,0.6,0,0,93728.0,95837.0,97007.0,96780.0,97648.0,98902.0,26006.0,27960.0,29825.0,30404.0,31687.0,32956.0,93.0,-423.95,-491.66,-257.3,-9.3,-217.84,1172.4,1137.65,353.19,795.46,786.78,849.1,1265.4,713.7,-138.47,538.16,777.48,631.25,2442.0,2682.0,2469.0,2133.0,3536.0,5092.0,76.8,-70.29,-100.8,308.66,295.64,102.0,59.8,13862,13352,13463,13986,512.5,509.6,507.16,,,,,,,,1687,0,0,954,578,486,2641,578,486,0.2,0.3,0.5,,,,,,,,0.55,0.0,,,0.0,0.7,0.23,0.06,0.0,0.04,30.0,0.6,0.4,,,,,227.0,648.0,3969.0,8681.0,6395.0,5393.0,5019.0,13776.0,15737.0,0.0,-0.0,0.0,,,78639,429,0.005455308434746118338229122954,,0.0,562.33,,C,202607
48330,1107.0,979.0,264.0,798.0,1499.0,3262.0,3352.0,2166.0,2425.0,2389.0,0.74,0.74,0.74,0.75,0.77,31.0,57.0,128.0,206.0,400.0,0.18,0.2,0.2,0.22,0.22,766,0,405,0,0,2729,35,234,2998,418,513,386,0.68,0.68,0.66,0.62,0.5,0.5,70,933,1248,0.32,0.32,0.34,0.2,0.3,0.5,151,154,305,2066.28,0.3,0.66,409,932.55,0.7,431,840,334,1.0,334.0,31231,7427,110,0.74,0.05,763,0.26,0.2,255,0.16,0.4,0.6,39,1057,134260.0,138629.0,142960.0,145390.0,148613.0,152501.0,36632.0,39894.0,43246.0,45412.0,47837.0,50226.0,819.18,724.46,195.36,598.5,1154.23,698.35,2413.88,2480.48,1602.84,1818.75,1839.53,2031.1,3233.06,3204.94,1798.2,2417.25,2993.76,2729.44,2341.0,2372.0,2429.0,2557.0,2763.0,3163.0,5.58,11.4,25.6,45.32,88.0,35.18,234.2,16164,16582,17095,17481,773.42,777.85,784.16,1256.19,1552.91,1552.91,35.25,52.33,63.69,50.42,0,903,1150,532,462,432,532,1365,1582,0.2,0.3,0.5,2.78,44.78,106.08,51.21,101.63,3100.45,52800.0,0.55,762.66,52800.0,29040.0,254.89,0.86,0.11,0.03,160.67,0.04,30.0,0.6,0.4,53000.0,31700.0,-151.34,4560.0,415.0,1227.0,11515.0,16411.0,10691.0,10254.0,9714.0,23517.0,19327.0,409.12,430.84,839.96,50.42,51.21,134991,334,0.002474239023342296893866998541,101.63,1997.7,684.33,0.34,S,202607
48120,-73.0,-1.0,-1475.0,-4045.0,-1800.0,6237.0,12158.0,6038.0,5958.0,4303.0,0.59,0.59,0.59,0.59,0.6,18.0,181.0,310.0,629.0,431.0,0.14,0.14,0.14,0.15,0.14,0,0,0,0,0,3226,45,0,3271,-1647,-670,301,0.63,0.65,0.63,0.75,0.7,0.71,3824,-417,4813,0.37,0.35,0.37,0.2,0.3,0.5,-180,814,634,4147.69,0.3,0.74,921,-876.09,0.7,-454,467,1415,1.0,1415.0,86500,49718,110,0.74,0.05,2368,0.26,0.2,1913,0.35,0.4,0.6,360,4641,403524.0,409688.0,421845.0,426408.0,428321.0,430824.0,112924.0,119161.0,131319.0,137357.0,143315.0,147618.0,-43.07,-0.59,-870.25,-2386.55,-1080.0,-876.09,3679.83,7173.22,3562.42,3515.22,2581.8,4102.5,3636.76,7172.63,2692.17,1128.67,1501.8,3226.41,5597.0,5615.0,5796.0,6106.0,6735.0,7166.0,2.52,25.34,43.4,94.35,60.34,45.19,0.0,51145,49498,48828,49129,967.21,983.4,1002.67,1282.38,1399.83,1416.57,-155.64,-91.45,67.32,-59.92,3497,613,4839,686,359,1389,4183,972,6228,0.2,0.3,0.5,212.23,-30.65,632.19,271.26,211.34,3482.94,48200.0,0.55,2368.37,48200.0,26510.0,1913.15,0.73,0.21,0.05,1506.57,0.04,30.0,0.6,0.4,48000.0,28900.0,-137.97,4080.0,725.0,2129.0,21249.0,36188.0,24026.0,21412.0,21280.0,54124.0,60636.0,920.79,-453.81,466.98,-59.92,271.26,292673,1415,0.004834747311846326787916890181,211.34,5321.42,2983.0,0.56,A,202607
48121,2436.0,-12393.0,-327.0,-690.0,-979.0,2484.0,-2979.0,1585.0,860.0,782.0,0.51,0.49,0.48,0.48,0.48,24.0,-153.0,143.0,81.0,50.0,0.09,0.06,0.05,0.06,0.06,0,0,515,0,0,-886,2,103,-781,-352,-127,-138,0.64,0.66,0.61,,,,2405,0,0,0.36,0.34,0.39,0.2,0.3,0.5,,,,272.82,0.3,0.0,0,-1054.66,0.7,0,0,0,1.0,0.0,0,0,110,0.74,0.05,0,0.26,0.2,0,0.5,0.4,0.6,0,0,99371.0,104291.0,88919.0,90177.0,90347.0,90150.0,28135.0,30619.0,27640.0,29225.0,30085.0,30867.0,1242.36,-6072.57,-156.96,-331.2,-469.92,-1157.66,1266.84,-1459.71,760.8,412.8,375.36,271.22,2509.2,-7532.28,603.84,81.6,-94.56,-886.44,1478.0,1502.0,1349.0,1492.0,1573.0,1623.0,2.16,-9.18,7.15,4.86,3.0,1.6,103.0,10496,10144,10017,9879,1121.59,1136.42,1150.91,,,,,,,,2405,0,0,0,0,0,2405,0,0,0.2,0.3,0.5,,,,,,,,0.55,0.0,,,0.0,0.66,0.26,0.07,0.0,0.04,30.0,0.6,0.4,,,,,126.0,414.0,3817.0,6637.0,4318.0,3780.0,3677.0,9498.0,10669.0,0.0,-0.0,0.0,,,51151,0,0.0,,0.0,801.67,,C,202607
48123,-1192.0,10748.0,-491.0,-652.0,108.0,1632.0,7505.0,1006.0,1046.0,1034.0,0.74,0.71,0.7,0.7,0.7,28.0,239.0,-8.0,190.0,113.0,0.22,0.22,0.23,0.24,0.23,540,960,0,0,0,2944,26,300,3270,-632,-337,79,0.61,0.64,0.6,0.83,0.81,0.8,608,0,1767,0.39,0.36,0.4,0.2,0.3,0.5,-97,322,225,1764.99,0.3,0.73,387,1504.9,0.7,769,1156,0,1.0,0.0,34552,17922,110,0.74,0.05,933,0.26,0.2,680,0.1,0.4,0.6,39,1652,81246.0,81686.0,99939.0,100454.0,100848.0,101990.0,20113.0,21745.0,29250.0,30256.0,31302.0,32336.0,-882.08,7631.08,-343.7,-456.4,75.6,1204.9,1207.68,5328.55,704.2,732.2,723.8,1739.29,325.6,12959.63,360.5,275.8,799.4,2944.19,1283.0,1311.0,1550.0,1542.0,1732.0,1845.0,6.16,52.58,-1.84,45.6,25.99,25.7,300.0,14122,13490,13153,13232,1234.5,1273.48,1320.14,1491.9,1570.42,1653.07,-64.0,-52.41,18.96,-32.48,608,0,1767,0,0,0,608,0,1767,0.2,0.3,0.5,39.36,0.0,282.72,107.36,74.88,3344.77,56200.0,0.55,933.25,56200.0,30910.0,680.32,0.9,0.09,0.01,166.84,0.04,30.0,0.6,0.4,56000.0,33700.0,-160.89,4800.0,151.0,431.0,4174.0,8932.0,6335.0,5490.0,5854.0,15769.0,22318.0,386.53,769.0,1155.53,-32.48,107.36,77490,0,0.0,74.88,2884.02,791.67,0.27,S,202607
48125,-771.0,1876.0,-59.0,-746.0,-120.0,-752.0,3645.0,1268.0,1629.0,1029.0,0.52,0.54,0.54,0.55,0.56,7.0,57.0,21.0,36.0,25.0,0.13,0.12,0.12,0.13,0.15,0,0,0,0,0,767,4,0,771,-321,-16,262,0.67,0.65,0.64,,,,0,0,0,0.33,0.35,0.36,0.2,0.3,0.5,,,,750.57,0.3,0.0,0,20.55,0.7,0,0,0,1.0,0.0,0,0,110,0.74,0.05,0,0.26,0.2,0,0.52,0.4,0.6,0,0,73294.0,71771.0,77292.0,78501.0,79384.0,80293.0,23383.0,22631.0,26276.0,27544.0,29173.0,30202.0,-400.92,1013.04,-31.86,-410.3,-67.2,20.55,-391.04,1968.3,684.72,895.95,576.24,746.83,-791.96,2981.34,652.86,485.65,509.04,767.39,605.0,612.0,669.0,690.0,726.0,751.0,0.91,6.84,2.52,4.68,3.75,3.74,0.0,9758,9437,9421,9683,743.39,746.22,751.19,,,,,,,,0,0,0,0,0,0,0,0,0,0.2,0.3,0.5,,,,,,,,0.55,0.0,,,0.0,0.65,0.3,0.04,0.0,0.04,30.0,0.6,0.4,,,,,130.0,406.0,4189.0,6345.0,4143.0,3624.0,3478.0,8613.0,7895.0,0.0,0.0,0.0,,,51216,0,0.0,,0.0,0.0,,C,202607
48127,-363.0,-849.0,-753.0,-1101.0,-183.0,1612.0,1364.0,1075.0,1145.0,764.0,0.57,0.58,0.58,0.58,0.59,14.0,10.0,90.0,142.0,39.0,0.12,0.1,0.09,0.09,0.1,70,0,0,0,0,313,5,14,332,-267,-209,56,0.59,0.6,0.57,,,,0,0,0,0.41,0.4,0.43,0.2,0.3,0.5,,,,695.15,0.3,0.0,0,-362.52,0.7,0,0,0,1.0,0.0,0,0,110,0.74,0.05,0,0.26,0.2,0,0.41,0.4,0.6,0,0,74963.0,76212.0,76727.0,77049.0,77093.0,77674.0,20331.0,21943.0,23307.0,24382.0,25527.0,26291.0,-206.91,-492.42,-436.74,-638.58,-107.97,-376.52,918.84,791.12,623.5,664.1,450.76,689.66,711.93,298.7,186.76,25.52,342.79,313.14,749.0,763.0,773.0,863.0,1005.0,1044.0,1.68,1.0,8.1,12.78,3.9,5.49,14.0,8703,8436,8227,8283,819.6,825.57,833.52,,,,,,,,0,0,0,0,0,0,0,0,0,0.2,0.3,0.5,,,,,,,,0.55,0.0,,,0.0,0.7,0.21,0.08,0.0,0.04,30.0,0.6,0.4,,,,,149.0,407.0,4700.0,6843.0,4329.0,3959.0,3786.0,9057.0,8966.0,0.0,-0.0,0.0,,,53121,0,0.0,,0.0,0.0,,C,202607
48129,-183.0,617.0,155.0,-856.0,-626.0,1261.0,2623.0,1104.0,1278.0,694.0,0.61,0.61,0.62,0.62,0.62,-55.0,28.0,64.0,180.0,204.0,0.15,0.16,0.17,0.17,0.16,0,0,0,0,0,744,14,0,758,-75,19,42,0.68,0.73,0.77,0.58,0.53,0.52,484,613,3072,0.32,0.27,0.23,0.2,0.3,0.5,5,228,233,869.34,0.3,0.73,190,-111.6,0.7,-57,133,0,1.0,0.0,10936,5139,110,0.74,0.05,295,0.26,0.2,195,0.38,0.4,0.6,45,535,74650.0,75728.0,78968.0,80227.0,80649.0,80717.0,20962.0,22223.0,24846.0,25950.0,27228.0,27922.0,-111.63,376.37,96.1,-530.72,-388.12,-111.6,769.21,1600.03,684.48,792.36,430.28,855.27,657.58,1976.4,780.58,261.64,42.16,743.67,1482.0,1427.0,1455.0,1519.0,1699.0,1903.0,-8.25,4.48,10.88,30.6,32.64,14.07,0.0,8066,7991,8010,8052,739.43,736.89,732.88,1282.38,1399.83,1399.83,-5.92,2.21,8.41,1.57,484,613,3072,0,0,0,484,613,3072,0.2,0.3,0.5,17.97,26.32,183.71,76.0,77.57,835.31,47600.0,0.55,295.38,47600.0,26180.0,195.08,0.72,0.2,0.07,184.41,0.04,30.0,0.6,0.4,48000.0,28600.0,-136.54,4080.0,169.0,471.0,4369.0,7431.0,4901.0,4559.0,4485.0,11187.0,10788.0,190.39,-57.03,133.36,1.57,76.0,59695,0,0.0,77.57,745.65,1389.67,1.86,C,202607
48720,35.0,-164.0,-32.0,-156.0,-122.0,142.0,372.0,112.0,141.0,35.0,0.1,0.1,0.1,0.1,0.1,0.0,0.0,-7.0,44.0,24.0,0.04,0.0,0.0,0.02,0.04,0,0,0,0,0,7,0,0,7,21,21,114,0.82,0.86,0.92,,,,39,0,0,0.18,0.14,0.08,0.2,0.3,0.5,,,,16.41,0.3,0.0,0,-8.78,0.7,0,0,0,1.0,0.0,0,0,110,0.74,0.05,0,0.26,0.2,0,8.23,0.4,0.6,0,0,12144.0,12321.0,12529.0,12609.0,12594.0,12507.0,4982.0,5124.0,5496.0,5608.0,5749.0,5784.0,3.5,-16.4,-3.2,-15.6,-12.2,-8.78,14.2,37.2,11.2,14.1,3.5,16.04,17.7,20.8,8.0,-1.5,-8.7,7.26,187.0,187.0,187.0,180.0,224.0,248.0,0.0,0.0,-0.0,0.88,0.96,0.37,0.0,1619,1640,1661,1775,655.02,664.41,669.02,,,,,,,,39,0,0,0,0,0,39,0,0,0.2,0.3,0.5,,,,,,,,0.55,0.0,,,0.0,0.11,0.83,0.05,0.0,0.04,30.0,0.6,0.4,,,,,,,192.0,290.0,179.0,151.0,132.0,291.0,273.0,0.0,-0.0,0.0,,,2082,0,0,,0.0,13.0,,C,202607
48730,-242.0,-452.0,-186.0,-234.0,-237.0,316.0,571.0,189.0,216.0,60.0,0.37,0.37,0.37,0.37,0.37,24.0,42.0,-46.0,177.0,112.0,0.12,0.13,0.13,0.14,0.15,0,0,0,0,0,0,9,0,9,-132,92,29,0.64,0.69,0.68,,,,0,0,0,0.36,0.31,0.32,0.2,0.3,0.5,,,,108.84,0.3,0.0,0,-99.97,0.7,0,0,0,1.0,0.0,0,0,110,0.74,0.05,0,0.26,0.2,0,1.49,0.4,0.6,0,0,26560.0,26634.0,26753.0,26756.0,26738.0,26561.0,8530.0,8846.0,9417.0,9606.0,9822.0,9882.0,-89.54,-167.24,-68.82,-86.58,-87.69,-99.97,116.92,211.27,69.93,79.92,22.2,100.05,27.38,44.03,1.11,-6.66,-65.49,0.07,879.0,903.0,945.0,899.0,1076.0,1188.0,2.88,5.46,-5.98,24.78,16.8,8.79,0.0,3448,3316,3408,3437,526.12,526.45,526.76,,,,,,,,0,0,0,0,0,0,0,0,0,0.2,0.3,0.5,,,,,,,,0.55,0.0,,,0.0,0.39,0.55,0.04,0.0,0.04,30.0,0.6,0.4,,,,,33.0,112.0,1088.0,1772.0,1103.0,928.0,893.0,2130.0,1569.0,0.0,-0.0,0.0,,,12061,0,0,,0.0,0.0,,C,202607
48740,-118.0,-399.0,-276.0,-367.0,-293.0,436.0,598.0,386.0,115.0,255.0,0.19,0.19,0.19,0.19,0.2,-15.0,4.0,33.0,124.0,144.0,0.04,0.05,0.05,0.06,0.07,0,0,0,0,0,13,4,0,17,79,153,152,0.67,0.73,0.71,,,,0,150,1,0.33,0.27,0.29,0.2,0.3,0.5,,,,72.28,0.3,0.0,0,-55.8,0.7,0,0,0,1.0,0.0,0,0,110,0.74,0.05,0,0.26,0.2,0,3.59,0.4,0.6,0,0,26590.0,26908.0,27107.0,27217.0,26965.0,26927.0,9356.0,9792.0,10390.0,10776.0,10891.0,11146.0,-22.42,-75.81,-52.44,-69.73,-58.6,-55.8,82.84,113.62,73.34,21.85,51.0,68.53,60.42,37.81,20.9,-47.88,-7.6,12.73,813.0,798.0,802.0,835.0,959.0,1103.0,-0.6,0.2,1.65,7.44,10.08,3.75,0.0,4177,4256,4409,4561,484.31,484.8,482.98,,,,,,,,0,150,0,1,1,1,1,151,1,0.2,0.3,0.5,,,,,,,,0.55,0.0,,,0.0,0.21,0.69,0.08,0.0,0.04,30.0,0.6,0.4,,,,,,97.0,900.0,1206.0,724.0,551.0,540.0,1159.0,846.0,0.0,-0.0,0.0,,,8345,0,0,,0.0,50.0,,C,202607
48820,-82.0,-328.0,-65.0,113.0,-286.0,297.0,563.0,189.0,-34.0,176.0,0.19,0.2,0.2,0.21,0.21,8.0,1.0,22.0,97.0,69.0,0.09,0.07,0.07,0.06,0.06,0,0,300,0,0,21,2,60,83,75,96,21,0.72,0.75,0.65,0.54,0.51,0.49,69,106,254,0.28,0.25,0.35,0.2,0.3,0.5,20,28,48,49.79,0.3,0.87,13,33.9,0.7,21,34,111,0.4,44.400000000000006,1042,0,110,0.74,0.05,34,0.26,0.2,0,3.47,0.4,0.6,28,62,21824.0,22039.0,22274.0,22398.0,22477.0,22367.0,7573.0,7870.0,8433.0,8622.0,8588.0,8764.0,-15.58,-65.6,-13.0,23.73,-60.06,-26.1,56.43,112.6,37.8,-7.14,36.96,47.33,40.85,47.0,24.8,16.59,-23.1,21.23,350.0,358.0,359.0,381.0,478.0,547.0,0.72,0.07,1.54,5.82,4.14,2.46,60.0,2810,2885,2981,3002,490.21,490.5,491.18,915.72,961.5,1009.58,5.83,11.02,3.34,6.73,0,38,161,341,272,204,341,310,365,0.2,0.3,0.5,2.09,4.05,21.78,9.31,16.04,99.73,34300.0,0.55,33.54,34300.0,18865.0,0.0,0.22,0.7,0.06,116.35,0.04,30.0,0.6,0.4,34000.0,20600.0,-98.35,3000.0,,85.0,681.0,1035.0,567.0,512.0,398.0,962.0,707.0,13.0,20.65,33.65,6.73,9.31,7003,111,0.01585034985006425817506782807,6.42,101.53,66.33,0.65,A,202607
48840,-52.0,-218.0,-161.0,-165.0,-259.0,237.0,323.0,359.0,14.0,88.0,0.09,0.09,0.09,0.09,0.09,-29.0,5.0,17.0,10.0,5.0,0.0,0.0,0.03,0.03,0.03,0,0,0,0,0,3,0,0,3,127,104,-8,0.81,0.82,0.68,,,,76,-76,0,0.19,0.18,0.32,0.2,0.3,0.5,,,,18.57,0.3,0.0,0,-15.39,0.7,0,0,76,0.4,30.400000000000002,0,0,110,0.74,0.05,0,0.26,0.2,0,10.01,0.4,0.6,0,0,19316.0,19501.0,19606.0,19804.0,19653.0,19482.0,7131.0,7368.0,7691.0,8050.0,8064.0,8152.0,-4.68,-19.62,-14.49,-14.85,-23.31,-15.39,21.33,29.07,32.31,1.26,7.92,18.38,16.65,9.45,17.82,-13.59,-15.39,2.99,225.0,196.0,201.0,218.0,228.0,233.0,-0.0,0.0,0.51,0.3,0.15,0.19,0.0,2534,2661,2765,2757,536.83,543.46,545.42,,,,,,,,76,0,0,0,0,76,76,0,76,0.2,0.3,0.5,,,,,,,,0.55,0.0,,,0.0,0.09,0.85,0.04,0.0,0.04,30.0,0.6,0.4,,,,,,37.0,339.0,489.0,265.0,189.0,182.0,382.0,312.0,0.0,-0.0,0.0,,,3083,76,0.02465131365553032760298410639,,0.0,25.33,,C,202607
48850,-127.0,-484.0,-164.0,-175.0,-154.0,175.0,506.0,145.0,198.0,77.0,0.1,0.1,0.11,0.11,0.11,-7.0,-11.0,19.0,50.0,54.0,0.06,0.06,0.07,0.06,0.05,0,0,0,0,0,0,1,0,1,-44,65,30,0.76,0.72,0.72,,,,0,0,0,0.24,0.28,0.28,0.2,0.3,0.5,,,,24.05,0.3,0.0,0,-23.07,0.7,0,0,0,1.0,0.0,0,0,110,0.74,0.05,0,0.26,0.2,0,6.76,0.4,0.6,0,0,19387.0,19435.0,19457.0,19438.0,19461.0,19384.0,6897.0,7072.0,7578.0,7723.0,7921.0,7998.0,-12.7,-48.4,-18.04,-19.25,-16.94,-23.07,17.5,50.6,15.95,21.78,8.47,22.86,4.8,2.2,-2.09,2.53,-8.47,-0.21,149.0,142.0,131.0,150.0,200.0,254.0,-0.42,-0.66,1.33,3.0,2.7,1.19,0.0,2598,2554,2619,2649,407.85,410.81,408.83,,,,,,,,0,0,0,0,0,0,0,0,0,0.2,0.3,0.5,,,,,,,,0.55,0.0,,,0.0,0.13,0.82,0.04,0.0,0.04,30.0,0.6,0.4,,,,,,47.0,291.0,501.0,270.0,219.0,240.0,403.0,336.0,0.0,-0.0,0.0,,,3538,0,0,,0.0,0.0,,C,202607
48860,24.0,-128.0,-25.0,6.0,-141.0,231.0,384.0,191.0,110.0,174.0,0.07,0.07,0.07,0.08,0.09,5.0,-10.0,24.0,46.0,55.0,0.0,0.0,0.0,0.04,0.04,0,0,0,0,0,12,1,0,13,70,100,34,0.83,0.73,0.76,,,,80,-49,16,0.17,0.27,0.24,0.2,0.3,0.5,,,,16.99,0.3,0.0,0,-4.25,0.7,0,0,33,0.4,13.200000000000001,0,0,110,0.74,0.05,0,0.26,0.2,0,10.55,0.4,0.6,0,0,15356.0,15611.0,15867.0,16033.0,16149.0,16182.0,5801.0,6032.0,6416.0,6607.0,6717.0,6891.0,1.68,-8.96,-1.75,0.48,-12.69,-4.25,16.17,26.88,13.37,8.8,15.66,16.18,17.85,17.92,11.62,9.28,2.97,11.93,178.0,183.0,173.0,197.0,243.0,298.0,0.0,-0.0,0.0,1.84,2.2,0.81,0.0,2451,2521,2621,2655,628.62,630.22,631.72,,,,,,,,77,0,0,3,0,49,80,0,49,0.2,0.3,0.5,,,,,,,,0.55,0.0,,,0.0,0.08,0.87,0.03,0.0,0.04,30.0,0.6,0.4,,,,,,,226.0,361.0,158.0,112.0,127.0,253.0,190.0,0.0,-0.0,0.0,,,2176,33,0.01516544117647058823529411765,,0.0,25.67,,C,202607
48870,-18.0,-110.0,-115.0,-158.0,-195.0,214.0,312.0,176.0,27.0,122.0,0.16,0.17,0.17,0.17,0.17,1.0,5.0,10.0,16.0,25.0,0.11,0.1,0.07,0.06,0.06,0,0,0,0,0,8,1,0,9,-32,139,0,0.78,0.85,0.8,,,,-114,46,-3,0.22,0.15,0.2,0.2,0.3,0.5,,,,29.26,0.3,0.0,0,-20.23,0.7,0,0,105,0.4,42.0,0,0,110,0.74,0.05,0,0.26,0.2,0,4.58,0.4,0.6,0,0,17165.0,17361.0,17563.0,17624.0,17493.0,17420.0,6465.0,6679.0,6991.0,7167.0,7194.0,7316.0,-2.88,-18.7,-19.55,-26.86,-33.15,-20.23,34.24,53.04,29.92,4.59,20.74,28.51,31.36,34.34,10.37,-22.27,-12.41,8.28,111.0,112.0,117.0,127.0,143.0,168.0,0.11,0.5,0.7,0.96,1.5,0.75,0.0,2712,2680,2819,2819,725.08,726.34,726.92,,,,,,,,0,34,0,0,114,102,0,148,102,0.2,0.3,0.5,,,,,,,,0.55,0.0,,,0.0,0.18,0.77,0.03,0.0,0.04,30.0,0.6,0.4,,,,,,63.0,405.0,688.0,376.0,302.0,294.0,602.0,504.0,0.0,-0.0,0.0,,,3971,105,0.02644170234197935028959959708,,0.0,11.33,,C,202607
48880,-22.0,-159.0,-114.0,-46.0,-66.0,405.0,793.0,299.0,458.0,452.0,0.28,0.28,0.27,0.27,0.28,-12.0,13.0,32.0,17.0,58.0,0.06,0.08,0.12,0.08,0.09,0,0,0,0,0,111,2,0,113,-52,239,150,0.78,0.78,0.82,,,,17,15,-44,0.22,0.22,0.18,0.2,0.3,0.5,,,,135.43,0.3,0.0,0,-22.47,0.7,0,0,60,0.8,48.0,0,0,110,0.74,0.05,0,0.26,0.2,0,2.21,0.4,0.6,0,0,25491.0,25874.0,26508.0,26693.0,27105.0,27491.0,8382.0,8787.0,9580.0,9879.0,10337.0,10789.0,-6.16,-44.52,-30.78,-12.42,-18.48,-22.47,113.4,222.04,80.73,123.66,126.56,133.28,107.24,177.52,49.95,111.24,108.08,110.81,169.0,157.0,170.0,202.0,219.0,277.0,-0.72,1.04,3.84,1.36,5.22,2.15,0.0,4005,3953,4192,4342,656.98,673.45,685.78,,,,,,,,48,0,0,0,31,16,48,31,16,0.2,0.3,0.5,,,,,,,,0.55,0.0,,,0.0,0.31,0.63,0.04,0.0,0.04,30.0,0.6,0.4,,,,,,88.0,930.0,1605.0,839.0,724.0,702.0,1590.0,1265.0,0.0,-0.0,0.0,,,10126,60,0.005925340707090657712818487063,,0.0,16.0,,C,202607
48890,-139.0,-386.0,-149.0,-219.0,-261.0,154.0,579.0,269.0,114.0,94.0,0.07,0.07,0.08,0.08,0.08,-10.0,10.0,4.0,48.0,18.0,0.0,0.0,0.04,0.03,0.03,0,0,0,0,0,0,0,0,0,-11,85,49,0.85,0.83,0.8,,,,0,0,0,0.15,0.17,0.2,0.2,0.3,0.5,,,,18.32,0.3,0.0,0,-17.41,0.7,0,0,0,1.0,0.0,0,0,110,0.74,0.05,0,0.26,0.2,0,11.33,0.4,0.6,0,0,20124.0,20139.0,20332.0,20452.0,20347.0,20180.0,7926.0,8080.0,8659.0,8928.0,9042.0,9136.0,-9.73,-27.02,-11.92,-17.52,-20.88,-17.41,10.78,40.53,21.52,9.12,7.52,17.89,1.05,13.51,9.6,-8.4,-13.36,0.48,162.0,152.0,162.0,166.0,214.0,232.0,-0.0,0.0,0.16,1.44,0.54,0.43,0.0,3380,3369,3454,3503,610.99,620.3,627.48,,,,,,,,0,0,0,0,0,0,0,0,0,0.2,0.3,0.5,,,,,,,,0.55,0.0,,,0.0,0.08,0.85,0.06,0.0,0.04,30.0,0.6,0.4,,,,,,37.0,287.0,486.0,304.0,203.0,179.0,408.0,325.0,0.0,-0.0,0.0,,,3263,0,0,,0.0,0.0,,C,202607
50000,2850.0,1266.0,1574.0,523.0,101.0,6502.0,6828.0,3489.0,1567.0,1241.0,0.26,0.26,0.26,0.26,0.26,-52.0,-92.0,210.0,481.0,961.0,0.09,0.1,0.1,0.09,0.08,0,0,0,0,0,1349,25,0,1374,817,1207,191,0.8,0.8,0.83,0.48,0.67,0.62,201,1882,721,0.2,0.2,0.17,0.2,0.3,0.5,306,118,424,1046.06,0.3,0.47,147,328.33,0.7,108,255,2650,0.4,1060.0,17704,5268,110,0.74,0.05,308,0.26,0.2,129,2.08,0.4,0.6,218,655,253716.0,263068.0,271162.0,276225.0,278315.0,279657.0,75353.0,81855.0,88683.0,92172.0,93739.0,94980.0,741.0,329.16,409.24,135.98,26.26,328.33,1690.52,1775.28,907.14,407.42,322.66,1020.6,2431.52,2104.44,1316.38,543.4,348.92,1348.93,7209.0,7157.0,7065.0,7275.0,7756.0,8717.0,-4.68,-9.2,21.0,43.29,76.88,25.46,0.0,38590,39407,40614,40805,1288.9,1287.64,1286.2,2703.83,1910.85,2072.38,62.75,194.09,49.14,101.99,1024,2190,564,1676,2499,2807,2700,4689,3371,0.2,0.3,0.5,3.86,75.66,38.0,39.17,141.16,1515.55,70500.0,0.55,307.87,70500.0,38775.0,128.75,0.32,0.39,0.27,909.61,0.04,30.0,0.6,0.4,70000.0,42300.0,-201.95,6000.0,589.0,1612.0,11854.0,20773.0,12446.0,10268.0,9750.0,22175.0,20773.0,147.49,108.02,255.51,101.99,39.17,155516,2650,0.01704004732632012140229944186,56.46,966.9,1259.33,1.3,B,202607
50110,2041.0,712.0,1050.0,320.0,147.0,5090.0,4818.0,2478.0,1370.0,964.0,0.27,0.27,0.27,0.27,0.27,0.0,-106.0,119.0,356.0,616.0,0.1,0.11,0.11,0.1,0.09,0,0,0,0,0,1025,18,0,1043,403,801,232,0.85,0.86,0.89,0.5,0.71,0.65,281,1760,652,0.15,0.14,0.11,0.2,0.3,0.5,248,80,328,813.37,0.3,0.48,117,230.58,0.7,77,194,1833,0.4,733.2,14038,5168,110,0.74,0.05,249,0.26,0.2,129,1.87,0.4,0.6,170,548,184488.0,191619.0,197149.0,200677.0,202367.0,203478.0,53948.0,59038.0,63856.0,66334.0,67704.0,68668.0,551.07,192.24,283.5,86.4,39.69,230.58,1374.3,1300.86,669.06,369.9,260.28,794.88,1925.37,1493.1,952.56,456.3,299.97,1025.46,5049.0,5049.0,4943.0,5062.0,5418.0,6034.0,0.0,-11.66,13.09,35.6,55.44,18.49,0.0,27897,28300,29101,29333,1356.75,1355.52,1352.96,2703.83,1910.85,2072.38,34.26,146.73,67.11,82.7,946,2153,564,863,1528,1921,1809,3681,2485,0.2,0.3,0.5,4.22,52.48,23.31,26.67,109.37,1153.32,70500.0,0.55,249.31,70500.0,38775.0,128.99,0.34,0.35,0.28,706.75,0.04,30.0,0.6,0.4,70000.0,42300.0,-201.95,6000.0,440.0,1221.0,8820.0,15785.0,9494.0,7814.0,7517.0,17610.0,16901.0,117.13,77.47,194.6,82.7,26.67,115884,1833,0.01581754167961064512788650720,43.75,786.27,1221.0,1.55,C,202607
50130,809.0,554.0,524.0,203.0,-46.0,1412.0,2010.0,1011.0,197.0,277.0,0.21,0.22,0.22,0.22,0.22,-52.0,14.0,91.0,125.0,345.0,0.08,0.08,0.08,0.07,0.06,0,0,0,0,0,301,7,0,308,414,406,-41,0.68,0.65,0.68,,,,-80,122,69,0.32,0.35,0.32,0.2,0.3,0.5,,,,219.82,0.3,0.0,0,88.32,0.7,0,0,817,0.4,326.8,0,0,110,0.74,0.05,0,0.26,0.2,0,2.75,0.4,0.6,0,0,69228.0,71449.0,74013.0,75548.0,75948.0,76179.0,21405.0,22817.0,24827.0,25838.0,26035.0,26312.0,169.89,121.88,115.28,44.66,-10.12,88.32,296.52,442.2,222.42,43.34,60.94,213.08,466.41,564.08,337.7,88.0,50.82,301.4,2160.0,2108.0,2122.0,2213.0,2338.0,2683.0,-4.16,1.12,7.28,8.75,20.7,6.74,0.0,10693,11107,11513,11472,1032.05,1029.77,1031.93,,,,,,,,78,37,0,813,971,886,891,1008,886,0.2,0.3,0.5,,,,,,,,0.55,0.0,,,0.0,0.26,0.47,0.25,0.0,0.04,30.0,0.6,0.4,,,,,149.0,391.0,3034.0,4988.0,2952.0,2454.0,2233.0,4565.0,3872.0,0.0,0.0,0.0,,,39632,817,0.02061465482438433589018974566,,0.0,38.33,,C,202607
